{
  "checker_sha256": "ea98a274fd18a75af47275b1e7fe4903bf2c777686c6f64bf2ce3fed471a799d",
  "native_design": {
    "I_LL_determinant_mod": 743349,
    "arithmetic": "rational, followed by unit-denominator reduction",
    "base_weights": "1/5 each",
    "first_three_minor_mod": 230039,
    "fixed_clocks": [
      4,
      5,
      6,
      7,
      8
    ],
    "profile_B_mod": [
      [
        57388,
        28336
      ],
      [
        553816,
        294504
      ],
      [
        313698,
        366164
      ],
      [
        317847,
        732133
      ],
      [
        56957,
        558844
      ],
      [
        884425,
        918404
      ],
      [
        368275,
        411718
      ]
    ],
    "quotient_mod": [
      [
        375554,
        938627
      ],
      [
        938627,
        749243
      ]
    ],
    "real_quotient_positive_definite": true,
    "weight_jacobian_mod": [
      [
        235716,
        140518,
        511071,
        71108
      ],
      [
        695313,
        878177,
        193809,
        605568
      ],
      [
        150377,
        764535,
        992260,
        912493
      ]
    ]
  },
  "native_fixed_experiment": {
    "arithmetic": "exact first jets over the prime field, with checked inverses",
    "centre_jacobian_mod": [
      [
        578035,
        241954,
        31304
      ],
      [
        915041,
        708926,
        260448
      ],
      [
        254308,
        573529,
        493204
      ]
    ],
    "determinant_mod": 933885,
    "fixed_clocks": [
      4,
      5,
      6,
      7,
      8
    ],
    "fixed_roots": [
      1,
      2
    ],
    "fixed_second_channel": true,
    "fixed_weights": "1/5 each",
    "independent_rational_base_information_match": true,
    "parameters": [
      "alpha1",
      "u11",
      "u12"
    ]
  },
  "prime": 1000003,
  "scope": "Exact finite rank certificates and displayed-example checks, not formal verification of universal theorems.",
  "status": "exact_checks_passed",
  "structural_diagnostics": {
    "affine_moment_identity": true,
    "affine_projection_stationarity": true,
    "coupled_polynomial_substitutions": 8,
    "one_endpoint_exact_checks": 12,
    "scope": "Finite diagnostics of displayed constructions; universal proofs are in the manuscript."
  },
  "sympy_version": "1.12"
}

Rc files read:
  /etc/LatexMk
Latexmk: This is Latexmk, John Collins, 31 Jan. 2024. Version 4.83.
No existing .aux file, so I'll make a simple one, and require run of *latex.
Force everything to be remade.
Latexmk: applying rule 'pdflatex'...
Rule 'pdflatex':  Reasons for rerun
Category 'other':
  Rerun of 'pdflatex' forced or previously required:
    Reason or flag: 'go_mode'

------------
Run number 1 of rule 'pdflatex'
------------
------------
Running 'pdflatex  -interaction=nonstopmode -halt-on-error -file-line-error -recorder  "rigidity_v103.tex"'
------------
This is pdfTeX, Version 3.141592653-2.6-1.40.25 (TeX Live 2023/Debian) (preloaded format=pdflatex)
 restricted \write18 enabled.
entering extended mode
(./rigidity_v103.tex
LaTeX2e <2023-11-01> patch level 1
L3 programming layer <2024-01-22>
(./article/v103/paper.tex
(/usr/share/texlive/texmf-dist/tex/latex/amscls/amsart.cls
Document Class: amsart 2020/05/29 v2.20.6
(/usr/share/texlive/texmf-dist/tex/latex/amsmath/amsmath.sty
For additional information on amsmath, use the `?' option.
(/usr/share/texlive/texmf-dist/tex/latex/amsmath/amstext.sty
(/usr/share/texlive/texmf-dist/tex/latex/amsmath/amsgen.sty))
(/usr/share/texlive/texmf-dist/tex/latex/amsmath/amsbsy.sty)
(/usr/share/texlive/texmf-dist/tex/latex/amsmath/amsopn.sty))
(/usr/share/texlive/texmf-dist/tex/latex/amsfonts/umsa.fd)
(/usr/share/texlive/texmf-dist/tex/latex/amsfonts/amsfonts.sty))
(/usr/share/texlive/texmf-dist/tex/latex/base/fontenc.sty)
(/usr/share/texmf/tex/latex/lm/lmodern.sty)
(/usr/share/texlive/texmf-dist/tex/latex/amsfonts/amssymb.sty)
(/usr/share/texlive/texmf-dist/tex/latex/mathtools/mathtools.sty
(/usr/share/texlive/texmf-dist/tex/latex/graphics/keyval.sty)
(/usr/share/texlive/texmf-dist/tex/latex/tools/calc.sty)
(/usr/share/texlive/texmf-dist/tex/latex/mathtools/mhsetup.sty))
(/usr/share/texlive/texmf-dist/tex/latex/microtype/microtype.sty
(/usr/share/texlive/texmf-dist/tex/latex/etoolbox/etoolbox.sty)
(/usr/share/texlive/texmf-dist/tex/latex/microtype/microtype-pdftex.def)
(/usr/share/texlive/texmf-dist/tex/latex/microtype/microtype.cfg))
(/usr/share/texlive/texmf-dist/tex/latex/jknapltx/mathrsfs.sty)
(/usr/share/texlive/texmf-dist/tex/latex/geometry/geometry.sty
(/usr/share/texlive/texmf-dist/tex/generic/iftex/ifvtex.sty
(/usr/share/texlive/texmf-dist/tex/generic/iftex/iftex.sty)))
(/usr/share/texlive/texmf-dist/tex/latex/hyperref/hyperref.sty
(/usr/share/texlive/texmf-dist/tex/latex/kvsetkeys/kvsetkeys.sty)
(/usr/share/texlive/texmf-dist/tex/generic/kvdefinekeys/kvdefinekeys.sty)
(/usr/share/texlive/texmf-dist/tex/generic/pdfescape/pdfescape.sty
(/usr/share/texlive/texmf-dist/tex/generic/ltxcmds/ltxcmds.sty)
(/usr/share/texlive/texmf-dist/tex/generic/pdftexcmds/pdftexcmds.sty
(/usr/share/texlive/texmf-dist/tex/generic/infwarerr/infwarerr.sty)))
(/usr/share/texlive/texmf-dist/tex/latex/hycolor/hycolor.sty)
(/usr/share/texlive/texmf-dist/tex/latex/auxhook/auxhook.sty)
(/usr/share/texlive/texmf-dist/tex/latex/hyperref/nameref.sty
(/usr/share/texlive/texmf-dist/tex/latex/refcount/refcount.sty)
(/usr/share/texlive/texmf-dist/tex/generic/gettitlestring/gettitlestring.sty
(/usr/share/texlive/texmf-dist/tex/latex/kvoptions/kvoptions.sty)))
(/usr/share/texlive/texmf-dist/tex/latex/hyperref/pd1enc.def)
(/usr/share/texlive/texmf-dist/tex/generic/intcalc/intcalc.sty)
(/usr/share/texlive/texmf-dist/tex/latex/hyperref/puenc.def)
(/usr/share/texlive/texmf-dist/tex/latex/url/url.sty)
(/usr/share/texlive/texmf-dist/tex/generic/bitset/bitset.sty
(/usr/share/texlive/texmf-dist/tex/generic/bigintcalc/bigintcalc.sty))
(/usr/share/texlive/texmf-dist/tex/latex/base/atbegshi-ltx.sty))
(/usr/share/texlive/texmf-dist/tex/latex/hyperref/hpdftex.def
(/usr/share/texlive/texmf-dist/tex/latex/base/atveryend-ltx.sty)
(/usr/share/texlive/texmf-dist/tex/latex/rerunfilecheck/rerunfilecheck.sty
(/usr/share/texlive/texmf-dist/tex/generic/uniquecounter/uniquecounter.sty)))
(/usr/share/texmf/tex/latex/lm/t1lmr.fd)
(/usr/share/texlive/texmf-dist/tex/latex/l3backend/l3backend-pdftex.def)
(./rigidity_v103.aux) (/usr/share/texmf/tex/latex/lm/ot1lmr.fd)
(/usr/share/texmf/tex/latex/lm/omllmm.fd)
(/usr/share/texmf/tex/latex/lm/omslmsy.fd)
(/usr/share/texmf/tex/latex/lm/omxlmex.fd)
(/usr/share/texlive/texmf-dist/tex/latex/amsfonts/umsa.fd)
(/usr/share/texlive/texmf-dist/tex/latex/amsfonts/umsb.fd)
(/usr/share/texlive/texmf-dist/tex/latex/jknapltx/ursfs.fd)
(/usr/share/texlive/texmf-dist/tex/latex/graphics/graphicx.sty
(/usr/share/texlive/texmf-dist/tex/latex/graphics/graphics.sty
(/usr/share/texlive/texmf-dist/tex/latex/graphics/trig.sty)
(/usr/share/texlive/texmf-dist/tex/latex/graphics-cfg/graphics.cfg)
(/usr/share/texlive/texmf-dist/tex/latex/graphics-def/pdftex.def
(/usr/share/texlive/texmf-dist/tex/context/base/mkii/supp-pdf.mkii
[Loading MPS to PDF converter (version 2006.09.02).]
))) (/usr/share/texlive/texmf-dist/tex/latex/epstopdf-pkg/epstopdf-base.sty
(/usr/share/texlive/texmf-dist/tex/latex/latexconfig/epstopdf-sys.cfg)))
(/usr/share/texlive/texmf-dist/tex/latex/microtype/mt-cmr.cfg)
*geometry* driver: auto-detecting
*geometry* detected driver: pdftex
(/usr/share/texlive/texmf-dist/tex/latex/microtype/mt-msa.cfg)
(/usr/share/texlive/texmf-dist/tex/latex/microtype/mt-msb.cfg)
(/usr/share/texmf/tex/latex/lm/ot1lmss.fd)

LaTeX Warning: Reference `thm:affine' on page 1 undefined on input line 52.


LaTeX Warning: Reference `thm:shear' on page 1 undefined on input line 54.


LaTeX Warning: Reference `thm:weighted' on page 1 undefined on input line 58.


LaTeX Warning: Reference `eq:intro-sheets' on page 1 undefined on input line 58
.

[1{/var/lib/texmf/fonts/map/pdftex/updmap/pdftex.map}{/usr/share/texmf/fonts/en
c/dvips/lm/lm-ec.enc}{/usr/share/texmf/fonts/enc/dvips/lm/lm-mathit.enc}{/usr/s
hare/texmf/fonts/enc/dvips/lm/lm-rm.enc}{/usr/share/texmf/fonts/enc/dvips/lm/lm
-mathex.enc}{/usr/share/texmf/fonts/enc/dvips/lm/lm-mathsy.enc}]

LaTeX Warning: Reference `thm:local' on page 2 undefined on input line 60.


LaTeX Warning: Reference `thm:moments' on page 2 undefined on input line 60.


LaTeX Warning: Reference `thm:native' on page 2 undefined on input line 60.


LaTeX Warning: Reference `thm:dimension-queries' on page 2 undefined on input l
ine 60.


LaTeX Warning: Reference `thm:endpoint-class' on page 2 undefined on input line
 62.


LaTeX Warning: Reference `thm:one-endpoint' on page 2 undefined on input line 6
2.


LaTeX Warning: Citation `BV' on page 2 undefined on input line 65.


LaTeX Warning: Reference `prop:intrinsic' on page 2 undefined on input line 65.



LaTeX Warning: Citation `BMDP' on page 2 undefined on input line 67.


LaTeX Warning: Citation `LJT' on page 2 undefined on input line 69.


LaTeX Warning: Citation `BM' on page 2 undefined on input line 69.


LaTeX Warning: Citation `Ha' on page 2 undefined on input line 69.

[2]

LaTeX Warning: Reference `eq:intrinsic' on page 3 undefined on input line 99.


LaTeX Warning: Reference `eq:reconstruct' on page 3 undefined on input line 101
.


LaTeX Warning: Reference `eq:intro-sheets' on page 3 undefined on input line 10
6.


LaTeX Warning: Reference `eq:intro-sheets' on page 3 undefined on input line 12
4.

[3]

LaTeX Warning: Reference `eq:affine-moment' on page 4 undefined on input line 1
32.


LaTeX Warning: Reference `eq:lift' on page 4 undefined on input line 134.


LaTeX Warning: Reference `eq:affine-moment' on page 4 undefined on input line 1
34.


LaTeX Warning: Reference `eq:lift' on page 4 undefined on input line 140.


LaTeX Warning: Reference `eq:branch-support' on page 4 undefined on input line 
142.


LaTeX Warning: Reference `eq:lift' on page 4 undefined on input line 142.


LaTeX Warning: Reference `eq:face' on page 4 undefined on input line 142.


LaTeX Warning: Reference `eq:lift' on page 4 undefined on input line 149.


LaTeX Warning: Reference `eq:face' on page 4 undefined on input line 154.

[4]

LaTeX Warning: Reference `eq:multirel' on page 5 undefined on input line 187.


LaTeX Warning: Reference `eq:multirel' on page 5 undefined on input line 206.

[5]

LaTeX Warning: Reference `thm:shear' on page 6 undefined on input line 220.


LaTeX Warning: Reference `thm:weighted' on page 6 undefined on input line 224.


LaTeX Warning: Reference `eq:weighted-residual' on page 6 undefined on input li
ne 224.


LaTeX Warning: Reference `thm:affine' on page 6 undefined on input line 231.


LaTeX Warning: Reference `eq:multirel' on page 6 undefined on input line 234.


LaTeX Warning: Reference `eq:opening' on page 6 undefined on input line 234.


LaTeX Warning: Reference `eq:multirel' on page 6 undefined on input line 260.

[6]

LaTeX Warning: Reference `thm:weighted' on page 7 undefined on input line 264.


LaTeX Warning: Reference `eq:multirel' on page 7 undefined on input line 273.


LaTeX Warning: Reference `eq:Cweighted' on page 7 undefined on input line 278.

[7]

LaTeX Warning: Reference `lem:inverse' on page 8 undefined on input line 316.

[8]

LaTeX Warning: Reference `lem:inverse' on page 9 undefined on input line 333.


LaTeX Warning: Reference `thm:hellinger' on page 9 undefined on input line 341.



LaTeX Warning: Reference `eq:score' on page 9 undefined on input line 341.


LaTeX Warning: Reference `lem:clusters' on page 9 undefined on input line 363.


LaTeX Warning: Reference `lem:inverse' on page 9 undefined on input line 363.


LaTeX Warning: Reference `eq:quotient' on page 9 undefined on input line 363.

[9]

LaTeX Warning: Reference `eq:oracle' on page 10 undefined on input line 365.


LaTeX Warning: Reference `eq:score' on page 10 undefined on input line 366.


LaTeX Warning: Reference `lem:clusters' on page 10 undefined on input line 368.



LaTeX Warning: Reference `lem:clusters' on page 10 undefined on input line 372.



LaTeX Warning: Reference `lem:inverse' on page 10 undefined on input line 374.


LaTeX Warning: Reference `eq:oracle' on page 10 undefined on input line 376.

[10]

LaTeX Warning: Reference `eq:native-family' on page 11 undefined on input line 
403.


LaTeX Warning: Reference `eq:native-family' on page 11 undefined on input line 
403.


LaTeX Warning: Reference `eq:moments' on page 11 undefined on input line 411.


LaTeX Warning: Reference `eq:native-family' on page 11 undefined on input line 
417.


LaTeX Warning: Citation `BCR' on page 11 undefined on input line 432.

[11]

LaTeX Warning: Reference `thm:moments' on page 12 undefined on input line 438.


LaTeX Warning: Reference `eq:native-family' on page 12 undefined on input line 
448.


LaTeX Warning: Reference `app:certificate' on page 12 undefined on input line 4
58.

[12]

LaTeX Warning: Reference `thm:local' on page 13 undefined on input line 464.


LaTeX Warning: Reference `eq:design-derivative' on page 13 undefined on input l
ine 466.

[13]

LaTeX Warning: Reference `thm:local' on page 14 undefined on input line 500.


LaTeX Warning: Reference `eq:finite-equality' on page 14 undefined on input lin
e 532.

[14]

LaTeX Warning: Reference `eq:cone-range' on page 15 undefined on input line 535
.


LaTeX Warning: Reference `eq:range-matrix' on page 15 undefined on input line 5
35.


LaTeX Warning: Reference `eq:one' on page 15 undefined on input line 561.


LaTeX Warning: Reference `eq:quadratic-fibre' on page 15 undefined on input lin
e 563.

[15]

LaTeX Warning: Citation `BM' on page 16 undefined on input line 579.


LaTeX Warning: Citation `BM' on page 16 undefined on input line 581.


LaTeX Warning: Reference `eq:monomial' on page 16 undefined on input line 584.


LaTeX Warning: Reference `prop:intrinsic' on page 16 undefined on input line 58
8.


LaTeX Warning: Reference `prop:intrinsic' on page 16 undefined on input line 59
1.


LaTeX Warning: Reference `eq:monomial' on page 16 undefined on input line 591.

[16]

LaTeX Warning: Reference `eq:reconstruct' on page 17 undefined on input line 60
4.


LaTeX Warning: Reference `thm:native' on page 17 undefined on input line 607.


LaTeX Warning: Reference `eq:mod-jac' on page 17 undefined on input line 633.


LaTeX Warning: Reference `eq:center-jac' on page 17 undefined on input line 639
.

[17]

LaTeX Warning: Reference `sec:wall' on page 18 undefined on input line 648.

[18] (./rigidity_v103.aux)

LaTeX Warning: There were undefined references.


LaTeX Warning: Label(s) may have changed. Rerun to get cross-references right.


Package rerunfilecheck Warning: File `rigidity_v103.out' has changed.
(rerunfilecheck)                Rerun to get outlines right
(rerunfilecheck)                or use package `bookmark'.

 ) )</usr/share/texmf/fonts/type1/public/lm/lmbx10.pfb></usr/share/texmf/fonts/
type1/public/lm/lmbx9.pfb></usr/share/texmf/fonts/type1/public/lm/lmcsc10.pfb><
/usr/share/texmf/fonts/type1/public/lm/lmex10.pfb></usr/share/texmf/fonts/type1
/public/lm/lmmi10.pfb></usr/share/texmf/fonts/type1/public/lm/lmmi6.pfb></usr/s
hare/texmf/fonts/type1/public/lm/lmmi8.pfb></usr/share/texmf/fonts/type1/public
/lm/lmr10.pfb></usr/share/texmf/fonts/type1/public/lm/lmr6.pfb></usr/share/texm
f/fonts/type1/public/lm/lmr8.pfb></usr/share/texmf/fonts/type1/public/lm/lmr9.p
fb></usr/share/texmf/fonts/type1/public/lm/lmri10.pfb></usr/share/texmf/fonts/t
ype1/public/lm/lmri9.pfb></usr/share/texmf/fonts/type1/public/lm/lmss8.pfb></us
r/share/texmf/fonts/type1/public/lm/lmsy10.pfb></usr/share/texmf/fonts/type1/pu
blic/lm/lmsy6.pfb></usr/share/texmf/fonts/type1/public/lm/lmsy8.pfb></usr/share
/texlive/texmf-dist/fonts/type1/public/amsfonts/symbols/msam10.pfb></usr/share/
texlive/texmf-dist/fonts/type1/public/amsfonts/symbols/msbm10.pfb></usr/share/t
exlive/texmf-dist/fonts/type1/public/rsfs/rsfs10.pfb>
Output written on rigidity_v103.pdf (18 pages, 437737 bytes).
Transcript written on rigidity_v103.log.
Latexmk: Getting log file 'rigidity_v103.log'
Latexmk: Examining 'rigidity_v103.fls'
Latexmk: Examining 'rigidity_v103.log'
Latexmk: References changed.
Latexmk: References changed.
Latexmk: Log file says output to 'rigidity_v103.pdf'
Latexmk: applying rule 'pdflatex'...
Rule 'pdflatex':  Reasons for rerun
Changed files or newly in use/created:
  rigidity_v103.aux
  rigidity_v103.out

------------
Run number 2 of rule 'pdflatex'
------------
------------
Running 'pdflatex  -interaction=nonstopmode -halt-on-error -file-line-error -recorder  "rigidity_v103.tex"'
------------
This is pdfTeX, Version 3.141592653-2.6-1.40.25 (TeX Live 2023/Debian) (preloaded format=pdflatex)
 restricted \write18 enabled.
entering extended mode
(./rigidity_v103.tex
LaTeX2e <2023-11-01> patch level 1
L3 programming layer <2024-01-22>
(./article/v103/paper.tex
(/usr/share/texlive/texmf-dist/tex/latex/amscls/amsart.cls
Document Class: amsart 2020/05/29 v2.20.6
(/usr/share/texlive/texmf-dist/tex/latex/amsmath/amsmath.sty
For additional information on amsmath, use the `?' option.
(/usr/share/texlive/texmf-dist/tex/latex/amsmath/amstext.sty
(/usr/share/texlive/texmf-dist/tex/latex/amsmath/amsgen.sty))
(/usr/share/texlive/texmf-dist/tex/latex/amsmath/amsbsy.sty)
(/usr/share/texlive/texmf-dist/tex/latex/amsmath/amsopn.sty))
(/usr/share/texlive/texmf-dist/tex/latex/amsfonts/umsa.fd)
(/usr/share/texlive/texmf-dist/tex/latex/amsfonts/amsfonts.sty))
(/usr/share/texlive/texmf-dist/tex/latex/base/fontenc.sty)
(/usr/share/texmf/tex/latex/lm/lmodern.sty)
(/usr/share/texlive/texmf-dist/tex/latex/amsfonts/amssymb.sty)
(/usr/share/texlive/texmf-dist/tex/latex/mathtools/mathtools.sty
(/usr/share/texlive/texmf-dist/tex/latex/graphics/keyval.sty)
(/usr/share/texlive/texmf-dist/tex/latex/tools/calc.sty)
(/usr/share/texlive/texmf-dist/tex/latex/mathtools/mhsetup.sty))
(/usr/share/texlive/texmf-dist/tex/latex/microtype/microtype.sty
(/usr/share/texlive/texmf-dist/tex/latex/etoolbox/etoolbox.sty)
(/usr/share/texlive/texmf-dist/tex/latex/microtype/microtype-pdftex.def)
(/usr/share/texlive/texmf-dist/tex/latex/microtype/microtype.cfg))
(/usr/share/texlive/texmf-dist/tex/latex/jknapltx/mathrsfs.sty)
(/usr/share/texlive/texmf-dist/tex/latex/geometry/geometry.sty
(/usr/share/texlive/texmf-dist/tex/generic/iftex/ifvtex.sty
(/usr/share/texlive/texmf-dist/tex/generic/iftex/iftex.sty)))
(/usr/share/texlive/texmf-dist/tex/latex/hyperref/hyperref.sty
(/usr/share/texlive/texmf-dist/tex/latex/kvsetkeys/kvsetkeys.sty)
(/usr/share/texlive/texmf-dist/tex/generic/kvdefinekeys/kvdefinekeys.sty)
(/usr/share/texlive/texmf-dist/tex/generic/pdfescape/pdfescape.sty
(/usr/share/texlive/texmf-dist/tex/generic/ltxcmds/ltxcmds.sty)
(/usr/share/texlive/texmf-dist/tex/generic/pdftexcmds/pdftexcmds.sty
(/usr/share/texlive/texmf-dist/tex/generic/infwarerr/infwarerr.sty)))
(/usr/share/texlive/texmf-dist/tex/latex/hycolor/hycolor.sty)
(/usr/share/texlive/texmf-dist/tex/latex/auxhook/auxhook.sty)
(/usr/share/texlive/texmf-dist/tex/latex/hyperref/nameref.sty
(/usr/share/texlive/texmf-dist/tex/latex/refcount/refcount.sty)
(/usr/share/texlive/texmf-dist/tex/generic/gettitlestring/gettitlestring.sty
(/usr/share/texlive/texmf-dist/tex/latex/kvoptions/kvoptions.sty)))
(/usr/share/texlive/texmf-dist/tex/latex/hyperref/pd1enc.def)
(/usr/share/texlive/texmf-dist/tex/generic/intcalc/intcalc.sty)
(/usr/share/texlive/texmf-dist/tex/latex/hyperref/puenc.def)
(/usr/share/texlive/texmf-dist/tex/latex/url/url.sty)
(/usr/share/texlive/texmf-dist/tex/generic/bitset/bitset.sty
(/usr/share/texlive/texmf-dist/tex/generic/bigintcalc/bigintcalc.sty))
(/usr/share/texlive/texmf-dist/tex/latex/base/atbegshi-ltx.sty))
(/usr/share/texlive/texmf-dist/tex/latex/hyperref/hpdftex.def
(/usr/share/texlive/texmf-dist/tex/latex/base/atveryend-ltx.sty)
(/usr/share/texlive/texmf-dist/tex/latex/rerunfilecheck/rerunfilecheck.sty
(/usr/share/texlive/texmf-dist/tex/generic/uniquecounter/uniquecounter.sty)))
(/usr/share/texmf/tex/latex/lm/t1lmr.fd)
(/usr/share/texlive/texmf-dist/tex/latex/l3backend/l3backend-pdftex.def)
(./rigidity_v103.aux) (/usr/share/texmf/tex/latex/lm/ot1lmr.fd)
(/usr/share/texmf/tex/latex/lm/omllmm.fd)
(/usr/share/texmf/tex/latex/lm/omslmsy.fd)
(/usr/share/texmf/tex/latex/lm/omxlmex.fd)
(/usr/share/texlive/texmf-dist/tex/latex/amsfonts/umsa.fd)
(/usr/share/texlive/texmf-dist/tex/latex/amsfonts/umsb.fd)
(/usr/share/texlive/texmf-dist/tex/latex/jknapltx/ursfs.fd)
(/usr/share/texlive/texmf-dist/tex/latex/graphics/graphicx.sty
(/usr/share/texlive/texmf-dist/tex/latex/graphics/graphics.sty
(/usr/share/texlive/texmf-dist/tex/latex/graphics/trig.sty)
(/usr/share/texlive/texmf-dist/tex/latex/graphics-cfg/graphics.cfg)
(/usr/share/texlive/texmf-dist/tex/latex/graphics-def/pdftex.def
(/usr/share/texlive/texmf-dist/tex/context/base/mkii/supp-pdf.mkii
[Loading MPS to PDF converter (version 2006.09.02).]
))) (/usr/share/texlive/texmf-dist/tex/latex/epstopdf-pkg/epstopdf-base.sty
(/usr/share/texlive/texmf-dist/tex/latex/latexconfig/epstopdf-sys.cfg)))
(/usr/share/texlive/texmf-dist/tex/latex/microtype/mt-cmr.cfg)
*geometry* driver: auto-detecting
*geometry* detected driver: pdftex
(./rigidity_v103.out) (./rigidity_v103.out)
(/usr/share/texlive/texmf-dist/tex/latex/microtype/mt-msa.cfg)
(/usr/share/texlive/texmf-dist/tex/latex/microtype/mt-msb.cfg)
(/usr/share/texmf/tex/latex/lm/ot1lmss.fd) [1{/var/lib/texmf/fonts/map/pdftex/u
pdmap/pdftex.map}{/usr/share/texmf/fonts/enc/dvips/lm/lm-ec.enc}{/usr/share/tex
mf/fonts/enc/dvips/lm/lm-mathit.enc}{/usr/share/texmf/fonts/enc/dvips/lm/lm-rm.
enc}{/usr/share/texmf/fonts/enc/dvips/lm/lm-mathex.enc}{/usr/share/texmf/fonts/
enc/dvips/lm/lm-mathsy.enc}] [2] [3] [4] [5] [6] [7] [8] [9] [10] [11] [12]
[13] [14] [15] [16] [17] [18] (./rigidity_v103.aux) ) )</usr/share/texmf/fonts/
type1/public/lm/lmbx10.pfb></usr/share/texmf/fonts/type1/public/lm/lmbx9.pfb></
usr/share/texmf/fonts/type1/public/lm/lmcsc10.pfb></usr/share/texmf/fonts/type1
/public/lm/lmex10.pfb></usr/share/texmf/fonts/type1/public/lm/lmmi10.pfb></usr/
share/texmf/fonts/type1/public/lm/lmmi6.pfb></usr/share/texmf/fonts/type1/publi
c/lm/lmmi8.pfb></usr/share/texmf/fonts/type1/public/lm/lmr10.pfb></usr/share/te
xmf/fonts/type1/public/lm/lmr6.pfb></usr/share/texmf/fonts/type1/public/lm/lmr8
.pfb></usr/share/texmf/fonts/type1/public/lm/lmr9.pfb></usr/share/texmf/fonts/t
ype1/public/lm/lmri10.pfb></usr/share/texmf/fonts/type1/public/lm/lmri9.pfb></u
sr/share/texmf/fonts/type1/public/lm/lmss8.pfb></usr/share/texmf/fonts/type1/pu
blic/lm/lmsy10.pfb></usr/share/texmf/fonts/type1/public/lm/lmsy6.pfb></usr/shar
e/texmf/fonts/type1/public/lm/lmsy8.pfb></usr/share/texlive/texmf-dist/fonts/ty
pe1/public/amsfonts/symbols/msam10.pfb></usr/share/texlive/texmf-dist/fonts/typ
e1/public/amsfonts/symbols/msbm10.pfb></usr/share/texlive/texmf-dist/fonts/type
1/public/rsfs/rsfs10.pfb>
Output written on rigidity_v103.pdf (18 pages, 441736 bytes).
Transcript written on rigidity_v103.log.
Latexmk: Getting log file 'rigidity_v103.log'
Latexmk: Examining 'rigidity_v103.fls'
Latexmk: Examining 'rigidity_v103.log'
Latexmk: Log file says output to 'rigidity_v103.pdf'
Latexmk: All targets (rigidity_v103.pdf) are up-to-date

Rc files read:
  /etc/LatexMk
Latexmk: This is Latexmk, John Collins, 31 Jan. 2024. Version 4.83.
No existing .aux file, so I'll make a simple one, and require run of *latex.
Force everything to be remade.
Latexmk: applying rule 'pdflatex'...
Rule 'pdflatex':  Reasons for rerun
Category 'other':
  Rerun of 'pdflatex' forced or previously required:
    Reason or flag: 'go_mode'

------------
Run number 1 of rule 'pdflatex'
------------
------------
Running 'pdflatex  -interaction=nonstopmode -halt-on-error -file-line-error -recorder  "rigidity_v103_supporting.tex"'
------------
This is pdfTeX, Version 3.141592653-2.6-1.40.25 (TeX Live 2023/Debian) (preloaded format=pdflatex)
 restricted \write18 enabled.
entering extended mode
(./rigidity_v103_supporting.tex
LaTeX2e <2023-11-01> patch level 1
L3 programming layer <2024-01-22>
(./article/v102/paper.tex
(/usr/share/texlive/texmf-dist/tex/latex/amscls/amsart.cls
Document Class: amsart 2020/05/29 v2.20.6
(/usr/share/texlive/texmf-dist/tex/latex/amsmath/amsmath.sty
For additional information on amsmath, use the `?' option.
(/usr/share/texlive/texmf-dist/tex/latex/amsmath/amstext.sty
(/usr/share/texlive/texmf-dist/tex/latex/amsmath/amsgen.sty))
(/usr/share/texlive/texmf-dist/tex/latex/amsmath/amsbsy.sty)
(/usr/share/texlive/texmf-dist/tex/latex/amsmath/amsopn.sty))
(/usr/share/texlive/texmf-dist/tex/latex/amsfonts/umsa.fd)
(/usr/share/texlive/texmf-dist/tex/latex/amsfonts/amsfonts.sty))
(/usr/share/texlive/texmf-dist/tex/latex/base/fontenc.sty)
(/usr/share/texmf/tex/latex/lm/lmodern.sty)
(/usr/share/texlive/texmf-dist/tex/latex/amsfonts/amssymb.sty)
(/usr/share/texlive/texmf-dist/tex/latex/mathtools/mathtools.sty
(/usr/share/texlive/texmf-dist/tex/latex/graphics/keyval.sty)
(/usr/share/texlive/texmf-dist/tex/latex/tools/calc.sty)
(/usr/share/texlive/texmf-dist/tex/latex/mathtools/mhsetup.sty))
(/usr/share/texlive/texmf-dist/tex/latex/microtype/microtype.sty
(/usr/share/texlive/texmf-dist/tex/latex/etoolbox/etoolbox.sty)
(/usr/share/texlive/texmf-dist/tex/latex/microtype/microtype-pdftex.def)
(/usr/share/texlive/texmf-dist/tex/latex/microtype/microtype.cfg))
(/usr/share/texlive/texmf-dist/tex/latex/jknapltx/mathrsfs.sty)
(/usr/share/texlive/texmf-dist/tex/latex/geometry/geometry.sty
(/usr/share/texlive/texmf-dist/tex/generic/iftex/ifvtex.sty
(/usr/share/texlive/texmf-dist/tex/generic/iftex/iftex.sty)))
(/usr/share/texlive/texmf-dist/tex/latex/hyperref/hyperref.sty
(/usr/share/texlive/texmf-dist/tex/latex/kvsetkeys/kvsetkeys.sty)
(/usr/share/texlive/texmf-dist/tex/generic/kvdefinekeys/kvdefinekeys.sty)
(/usr/share/texlive/texmf-dist/tex/generic/pdfescape/pdfescape.sty
(/usr/share/texlive/texmf-dist/tex/generic/ltxcmds/ltxcmds.sty)
(/usr/share/texlive/texmf-dist/tex/generic/pdftexcmds/pdftexcmds.sty
(/usr/share/texlive/texmf-dist/tex/generic/infwarerr/infwarerr.sty)))
(/usr/share/texlive/texmf-dist/tex/latex/hycolor/hycolor.sty)
(/usr/share/texlive/texmf-dist/tex/latex/auxhook/auxhook.sty)
(/usr/share/texlive/texmf-dist/tex/latex/hyperref/nameref.sty
(/usr/share/texlive/texmf-dist/tex/latex/refcount/refcount.sty)
(/usr/share/texlive/texmf-dist/tex/generic/gettitlestring/gettitlestring.sty
(/usr/share/texlive/texmf-dist/tex/latex/kvoptions/kvoptions.sty)))
(/usr/share/texlive/texmf-dist/tex/latex/hyperref/pd1enc.def)
(/usr/share/texlive/texmf-dist/tex/generic/intcalc/intcalc.sty)
(/usr/share/texlive/texmf-dist/tex/latex/hyperref/puenc.def)
(/usr/share/texlive/texmf-dist/tex/latex/url/url.sty)
(/usr/share/texlive/texmf-dist/tex/generic/bitset/bitset.sty
(/usr/share/texlive/texmf-dist/tex/generic/bigintcalc/bigintcalc.sty))
(/usr/share/texlive/texmf-dist/tex/latex/base/atbegshi-ltx.sty))
(/usr/share/texlive/texmf-dist/tex/latex/hyperref/hpdftex.def
(/usr/share/texlive/texmf-dist/tex/latex/base/atveryend-ltx.sty)
(/usr/share/texlive/texmf-dist/tex/latex/rerunfilecheck/rerunfilecheck.sty
(/usr/share/texlive/texmf-dist/tex/generic/uniquecounter/uniquecounter.sty)))
(/usr/share/texmf/tex/latex/lm/t1lmr.fd)
(/usr/share/texlive/texmf-dist/tex/latex/l3backend/l3backend-pdftex.def)
(./rigidity_v103_supporting.aux) (/usr/share/texmf/tex/latex/lm/ot1lmr.fd)
(/usr/share/texmf/tex/latex/lm/omllmm.fd)
(/usr/share/texmf/tex/latex/lm/omslmsy.fd)
(/usr/share/texmf/tex/latex/lm/omxlmex.fd)
(/usr/share/texlive/texmf-dist/tex/latex/amsfonts/umsa.fd)
(/usr/share/texlive/texmf-dist/tex/latex/amsfonts/umsb.fd)
(/usr/share/texlive/texmf-dist/tex/latex/jknapltx/ursfs.fd)
(/usr/share/texlive/texmf-dist/tex/latex/graphics/graphicx.sty
(/usr/share/texlive/texmf-dist/tex/latex/graphics/graphics.sty
(/usr/share/texlive/texmf-dist/tex/latex/graphics/trig.sty)
(/usr/share/texlive/texmf-dist/tex/latex/graphics-cfg/graphics.cfg)
(/usr/share/texlive/texmf-dist/tex/latex/graphics-def/pdftex.def
(/usr/share/texlive/texmf-dist/tex/context/base/mkii/supp-pdf.mkii
[Loading MPS to PDF converter (version 2006.09.02).]
))) (/usr/share/texlive/texmf-dist/tex/latex/epstopdf-pkg/epstopdf-base.sty
(/usr/share/texlive/texmf-dist/tex/latex/latexconfig/epstopdf-sys.cfg)))
(/usr/share/texlive/texmf-dist/tex/latex/microtype/mt-cmr.cfg)
*geometry* driver: auto-detecting
*geometry* detected driver: pdftex
(/usr/share/texlive/texmf-dist/tex/latex/microtype/mt-msa.cfg)
(/usr/share/texlive/texmf-dist/tex/latex/microtype/mt-msb.cfg)
(/usr/share/texmf/tex/latex/lm/ot1lmss.fd)

LaTeX Warning: Reference `thm:envelope' on page 1 undefined on input line 59.


LaTeX Warning: Reference `thm:queries' on page 1 undefined on input line 61.


LaTeX Warning: Reference `thm:endpoints' on page 1 undefined on input line 61.

[1{/var/lib/texmf/fonts/map/pdftex/updmap/pdftex.map}{/usr/share/texmf/fonts/en
c/dvips/lm/lm-ec.enc}{/usr/share/texmf/fonts/enc/dvips/lm/lm-mathit.enc}{/usr/s
hare/texmf/fonts/enc/dvips/lm/lm-mathsy.enc}{/usr/share/texmf/fonts/enc/dvips/l
m/lm-rm.enc}{/usr/share/texmf/fonts/enc/dvips/lm/lm-mathex.enc}]

LaTeX Warning: Reference `thm:wall' on page 2 undefined on input line 63.


LaTeX Warning: Citation `LJT' on page 2 undefined on input line 76.


LaTeX Warning: Citation `JSY' on page 2 undefined on input line 76.


LaTeX Warning: Reference `cor:residue-wall' on page 2 undefined on input line 7
6.


LaTeX Warning: Reference `sec:metric' on page 2 undefined on input line 79.


LaTeX Warning: Reference `sec:local' on page 2 undefined on input line 79.


LaTeX Warning: Reference `sec:wall' on page 2 undefined on input line 79.


LaTeX Warning: Reference `app:divisors' on page 2 undefined on input line 79.


LaTeX Warning: Reference `app:scope' on page 2 undefined on input line 79.

[2]

LaTeX Warning: Reference `eq:intro-envelope' on page 3 undefined on input line 
107.


LaTeX Warning: Reference `eq:nonexact' on page 3 undefined on input line 112.


LaTeX Warning: Reference `eq:rho-definition' on page 3 undefined on input line 
128.


LaTeX Warning: Reference `eq:metric-coefficient' on page 3 undefined on input l
ine 130.


LaTeX Warning: Reference `eq:envelope-reconstruction' on page 3 undefined on in
put line 132.

[3]

LaTeX Warning: Reference `eq:arc-sup' on page 4 undefined on input line 158.

[4]

LaTeX Warning: Reference `eq:law-cost' on page 5 undefined on input line 203.

[5]

LaTeX Warning: Reference `lem:inverse' on page 6 undefined on input line 219.


LaTeX Warning: Reference `eq:Q' on page 6 undefined on input line 219.


LaTeX Warning: Reference `eq:law-cost' on page 6 undefined on input line 228.


LaTeX Warning: Reference `eq:law-cost' on page 6 undefined on input line 230.

[6]

LaTeX Warning: Reference `eq:intro-envelope' on page 7 undefined on input line 
233.


LaTeX Warning: Reference `thm:envelope' on page 7 undefined on input line 233.


LaTeX Warning: Reference `eq:secants' on page 7 undefined on input line 253.


LaTeX Warning: Reference `thm:endpoints' on page 7 undefined on input line 253.



LaTeX Warning: Reference `eq:secants' on page 7 undefined on input line 256.


LaTeX Warning: Reference `eq:span' on page 7 undefined on input line 256.


LaTeX Warning: Reference `eq:span' on page 7 undefined on input line 256.

[7]

LaTeX Warning: Reference `eq:schur' on page 8 undefined on input line 309.


LaTeX Warning: Reference `eq:effective' on page 8 undefined on input line 311.

[8]

LaTeX Warning: Reference `eq:relative-wall' on page 9 undefined on input line 3
68.

[9]

LaTeX Warning: Reference `eq:arc-opening' on page 10 undefined on input line 37
0.


LaTeX Warning: Reference `eq:arc-opening' on page 10 undefined on input line 37
4.


LaTeX Warning: Reference `eq:divided-difference' on page 10 undefined on input 
line 386.


LaTeX Warning: Reference `thm:envelope' on page 10 undefined on input line 386.



LaTeX Warning: Reference `eq:relative-wall' on page 10 undefined on input line 
402.


LaTeX Warning: Reference `thm:wall' on page 10 undefined on input line 413.


LaTeX Warning: Reference `cor:crossover' on page 10 undefined on input line 413
.

[10]

LaTeX Warning: Reference `eq:probability' on page 11 undefined on input line 42
6.


LaTeX Warning: Reference `thm:wall' on page 11 undefined on input line 439.


LaTeX Warning: Reference `thm:wall' on page 11 undefined on input line 442.


LaTeX Warning: Reference `eq:hellinger-wall' on page 11 undefined on input line
 454.

[11]

LaTeX Warning: Reference `eq:monomial' on page 12 undefined on input line 478.


LaTeX Warning: Reference `thm:envelope' on page 12 undefined on input line 478.



LaTeX Warning: Reference `eq:envelope-reconstruction' on page 12 undefined on i
nput line 487.


LaTeX Warning: Reference `eq:nonexact' on page 12 undefined on input line 490.


LaTeX Warning: Reference `thm:envelope' on page 12 undefined on input line 497.


[12]

LaTeX Warning: Citation `LJT' on page 13 undefined on input line 500.


LaTeX Warning: Reference `sec:wall' on page 13 undefined on input line 510.


LaTeX Warning: Reference `sec:local' on page 13 undefined on input line 512.


LaTeX Warning: Reference `thm:endpoints' on page 13 undefined on input line 512
.

[13] (./rigidity_v103_supporting.aux)

LaTeX Warning: There were undefined references.


LaTeX Warning: Label(s) may have changed. Rerun to get cross-references right.


Package rerunfilecheck Warning: File `rigidity_v103_supporting.out' has changed
.
(rerunfilecheck)                Rerun to get outlines right
(rerunfilecheck)                or use package `bookmark'.

 ) )</usr/share/texmf/fonts/type1/public/lm/lmbx10.pfb></usr/share/texmf/fonts/
type1/public/lm/lmcsc10.pfb></usr/share/texmf/fonts/type1/public/lm/lmex10.pfb>
</usr/share/texmf/fonts/type1/public/lm/lmmi10.pfb></usr/share/texmf/fonts/type
1/public/lm/lmmi6.pfb></usr/share/texmf/fonts/type1/public/lm/lmmi8.pfb></usr/s
hare/texmf/fonts/type1/public/lm/lmr10.pfb></usr/share/texmf/fonts/type1/public
/lm/lmr6.pfb></usr/share/texmf/fonts/type1/public/lm/lmr8.pfb></usr/share/texmf
/fonts/type1/public/lm/lmr9.pfb></usr/share/texmf/fonts/type1/public/lm/lmri10.
pfb></usr/share/texmf/fonts/type1/public/lm/lmri9.pfb></usr/share/texmf/fonts/t
ype1/public/lm/lmss8.pfb></usr/share/texmf/fonts/type1/public/lm/lmsy10.pfb></u
sr/share/texmf/fonts/type1/public/lm/lmsy6.pfb></usr/share/texmf/fonts/type1/pu
blic/lm/lmsy8.pfb></usr/share/texlive/texmf-dist/fonts/type1/public/amsfonts/sy
mbols/msam10.pfb></usr/share/texlive/texmf-dist/fonts/type1/public/amsfonts/sym
bols/msbm10.pfb></usr/share/texlive/texmf-dist/fonts/type1/public/rsfs/rsfs10.p
fb>
Output written on rigidity_v103_supporting.pdf (13 pages, 377727 bytes).
Transcript written on rigidity_v103_supporting.log.
Latexmk: Getting log file 'rigidity_v103_supporting.log'
Latexmk: Examining 'rigidity_v103_supporting.fls'
Latexmk: Examining 'rigidity_v103_supporting.log'
Latexmk: References changed.
Latexmk: References changed.
Latexmk: Log file says output to 'rigidity_v103_supporting.pdf'
Latexmk: applying rule 'pdflatex'...
Rule 'pdflatex':  Reasons for rerun
Changed files or newly in use/created:
  rigidity_v103_supporting.aux
  rigidity_v103_supporting.out

------------
Run number 2 of rule 'pdflatex'
------------
------------
Running 'pdflatex  -interaction=nonstopmode -halt-on-error -file-line-error -recorder  "rigidity_v103_supporting.tex"'
------------
This is pdfTeX, Version 3.141592653-2.6-1.40.25 (TeX Live 2023/Debian) (preloaded format=pdflatex)
 restricted \write18 enabled.
entering extended mode
(./rigidity_v103_supporting.tex
LaTeX2e <2023-11-01> patch level 1
L3 programming layer <2024-01-22>
(./article/v102/paper.tex
(/usr/share/texlive/texmf-dist/tex/latex/amscls/amsart.cls
Document Class: amsart 2020/05/29 v2.20.6
(/usr/share/texlive/texmf-dist/tex/latex/amsmath/amsmath.sty
For additional information on amsmath, use the `?' option.
(/usr/share/texlive/texmf-dist/tex/latex/amsmath/amstext.sty
(/usr/share/texlive/texmf-dist/tex/latex/amsmath/amsgen.sty))
(/usr/share/texlive/texmf-dist/tex/latex/amsmath/amsbsy.sty)
(/usr/share/texlive/texmf-dist/tex/latex/amsmath/amsopn.sty))
(/usr/share/texlive/texmf-dist/tex/latex/amsfonts/umsa.fd)
(/usr/share/texlive/texmf-dist/tex/latex/amsfonts/amsfonts.sty))
(/usr/share/texlive/texmf-dist/tex/latex/base/fontenc.sty)
(/usr/share/texmf/tex/latex/lm/lmodern.sty)
(/usr/share/texlive/texmf-dist/tex/latex/amsfonts/amssymb.sty)
(/usr/share/texlive/texmf-dist/tex/latex/mathtools/mathtools.sty
(/usr/share/texlive/texmf-dist/tex/latex/graphics/keyval.sty)
(/usr/share/texlive/texmf-dist/tex/latex/tools/calc.sty)
(/usr/share/texlive/texmf-dist/tex/latex/mathtools/mhsetup.sty))
(/usr/share/texlive/texmf-dist/tex/latex/microtype/microtype.sty
(/usr/share/texlive/texmf-dist/tex/latex/etoolbox/etoolbox.sty)
(/usr/share/texlive/texmf-dist/tex/latex/microtype/microtype-pdftex.def)
(/usr/share/texlive/texmf-dist/tex/latex/microtype/microtype.cfg))
(/usr/share/texlive/texmf-dist/tex/latex/jknapltx/mathrsfs.sty)
(/usr/share/texlive/texmf-dist/tex/latex/geometry/geometry.sty
(/usr/share/texlive/texmf-dist/tex/generic/iftex/ifvtex.sty
(/usr/share/texlive/texmf-dist/tex/generic/iftex/iftex.sty)))
(/usr/share/texlive/texmf-dist/tex/latex/hyperref/hyperref.sty
(/usr/share/texlive/texmf-dist/tex/latex/kvsetkeys/kvsetkeys.sty)
(/usr/share/texlive/texmf-dist/tex/generic/kvdefinekeys/kvdefinekeys.sty)
(/usr/share/texlive/texmf-dist/tex/generic/pdfescape/pdfescape.sty
(/usr/share/texlive/texmf-dist/tex/generic/ltxcmds/ltxcmds.sty)
(/usr/share/texlive/texmf-dist/tex/generic/pdftexcmds/pdftexcmds.sty
(/usr/share/texlive/texmf-dist/tex/generic/infwarerr/infwarerr.sty)))
(/usr/share/texlive/texmf-dist/tex/latex/hycolor/hycolor.sty)
(/usr/share/texlive/texmf-dist/tex/latex/auxhook/auxhook.sty)
(/usr/share/texlive/texmf-dist/tex/latex/hyperref/nameref.sty
(/usr/share/texlive/texmf-dist/tex/latex/refcount/refcount.sty)
(/usr/share/texlive/texmf-dist/tex/generic/gettitlestring/gettitlestring.sty
(/usr/share/texlive/texmf-dist/tex/latex/kvoptions/kvoptions.sty)))
(/usr/share/texlive/texmf-dist/tex/latex/hyperref/pd1enc.def)
(/usr/share/texlive/texmf-dist/tex/generic/intcalc/intcalc.sty)
(/usr/share/texlive/texmf-dist/tex/latex/hyperref/puenc.def)
(/usr/share/texlive/texmf-dist/tex/latex/url/url.sty)
(/usr/share/texlive/texmf-dist/tex/generic/bitset/bitset.sty
(/usr/share/texlive/texmf-dist/tex/generic/bigintcalc/bigintcalc.sty))
(/usr/share/texlive/texmf-dist/tex/latex/base/atbegshi-ltx.sty))
(/usr/share/texlive/texmf-dist/tex/latex/hyperref/hpdftex.def
(/usr/share/texlive/texmf-dist/tex/latex/base/atveryend-ltx.sty)
(/usr/share/texlive/texmf-dist/tex/latex/rerunfilecheck/rerunfilecheck.sty
(/usr/share/texlive/texmf-dist/tex/generic/uniquecounter/uniquecounter.sty)))
(/usr/share/texmf/tex/latex/lm/t1lmr.fd)
(/usr/share/texlive/texmf-dist/tex/latex/l3backend/l3backend-pdftex.def)
(./rigidity_v103_supporting.aux) (/usr/share/texmf/tex/latex/lm/ot1lmr.fd)
(/usr/share/texmf/tex/latex/lm/omllmm.fd)
(/usr/share/texmf/tex/latex/lm/omslmsy.fd)
(/usr/share/texmf/tex/latex/lm/omxlmex.fd)
(/usr/share/texlive/texmf-dist/tex/latex/amsfonts/umsa.fd)
(/usr/share/texlive/texmf-dist/tex/latex/amsfonts/umsb.fd)
(/usr/share/texlive/texmf-dist/tex/latex/jknapltx/ursfs.fd)
(/usr/share/texlive/texmf-dist/tex/latex/graphics/graphicx.sty
(/usr/share/texlive/texmf-dist/tex/latex/graphics/graphics.sty
(/usr/share/texlive/texmf-dist/tex/latex/graphics/trig.sty)
(/usr/share/texlive/texmf-dist/tex/latex/graphics-cfg/graphics.cfg)
(/usr/share/texlive/texmf-dist/tex/latex/graphics-def/pdftex.def
(/usr/share/texlive/texmf-dist/tex/context/base/mkii/supp-pdf.mkii
[Loading MPS to PDF converter (version 2006.09.02).]
))) (/usr/share/texlive/texmf-dist/tex/latex/epstopdf-pkg/epstopdf-base.sty
(/usr/share/texlive/texmf-dist/tex/latex/latexconfig/epstopdf-sys.cfg)))
(/usr/share/texlive/texmf-dist/tex/latex/microtype/mt-cmr.cfg)
*geometry* driver: auto-detecting
*geometry* detected driver: pdftex
(./rigidity_v103_supporting.out) (./rigidity_v103_supporting.out)
(/usr/share/texlive/texmf-dist/tex/latex/microtype/mt-msa.cfg)
(/usr/share/texlive/texmf-dist/tex/latex/microtype/mt-msb.cfg)
(/usr/share/texmf/tex/latex/lm/ot1lmss.fd) [1{/var/lib/texmf/fonts/map/pdftex/u
pdmap/pdftex.map}{/usr/share/texmf/fonts/enc/dvips/lm/lm-ec.enc}{/usr/share/tex
mf/fonts/enc/dvips/lm/lm-mathit.enc}{/usr/share/texmf/fonts/enc/dvips/lm/lm-mat
hsy.enc}{/usr/share/texmf/fonts/enc/dvips/lm/lm-rm.enc}{/usr/share/texmf/fonts/
enc/dvips/lm/lm-mathex.enc}] [2] [3] [4] [5] [6] [7] [8] [9] [10] [11] [12]
[13] (./rigidity_v103_supporting.aux) ) )</usr/share/texmf/fonts/type1/public/l
m/lmbx10.pfb></usr/share/texmf/fonts/type1/public/lm/lmcsc10.pfb></usr/share/te
xmf/fonts/type1/public/lm/lmex10.pfb></usr/share/texmf/fonts/type1/public/lm/lm
mi10.pfb></usr/share/texmf/fonts/type1/public/lm/lmmi6.pfb></usr/share/texmf/fo
nts/type1/public/lm/lmmi8.pfb></usr/share/texmf/fonts/type1/public/lm/lmr10.pfb
></usr/share/texmf/fonts/type1/public/lm/lmr6.pfb></usr/share/texmf/fonts/type1
/public/lm/lmr8.pfb></usr/share/texmf/fonts/type1/public/lm/lmr9.pfb></usr/shar
e/texmf/fonts/type1/public/lm/lmri10.pfb></usr/share/texmf/fonts/type1/public/l
m/lmri9.pfb></usr/share/texmf/fonts/type1/public/lm/lmss8.pfb></usr/share/texmf
/fonts/type1/public/lm/lmsy10.pfb></usr/share/texmf/fonts/type1/public/lm/lmsy6
.pfb></usr/share/texmf/fonts/type1/public/lm/lmsy8.pfb></usr/share/texlive/texm
f-dist/fonts/type1/public/amsfonts/symbols/msam10.pfb></usr/share/texlive/texmf
-dist/fonts/type1/public/amsfonts/symbols/msbm10.pfb></usr/share/texlive/texmf-
dist/fonts/type1/public/rsfs/rsfs10.pfb>
Output written on rigidity_v103_supporting.pdf (13 pages, 382371 bytes).
Transcript written on rigidity_v103_supporting.log.
Latexmk: Getting log file 'rigidity_v103_supporting.log'
Latexmk: Examining 'rigidity_v103_supporting.fls'
Latexmk: Examining 'rigidity_v103_supporting.log'
Latexmk: Log file says output to 'rigidity_v103_supporting.pdf'
Latexmk: All targets (rigidity_v103_supporting.pdf) are up-to-date

Rc files read:
  /etc/LatexMk
Latexmk: This is Latexmk, John Collins, 31 Jan. 2024. Version 4.83.
No existing .aux file, so I'll make a simple one, and require run of *latex.
Force everything to be remade.
Latexmk: applying rule 'pdflatex'...
Rule 'pdflatex':  Reasons for rerun
Category 'other':
  Rerun of 'pdflatex' forced or previously required:
    Reason or flag: 'go_mode'

------------
Run number 1 of rule 'pdflatex'
------------
------------
Running 'pdflatex  -interaction=nonstopmode -halt-on-error -file-line-error -recorder  "rigidity_v102.tex"'
------------
This is pdfTeX, Version 3.141592653-2.6-1.40.25 (TeX Live 2023/Debian) (preloaded format=pdflatex)
 restricted \write18 enabled.
entering extended mode
(./rigidity_v102.tex
LaTeX2e <2023-11-01> patch level 1
L3 programming layer <2024-01-22>
(./article/v102/paper.tex
(/usr/share/texlive/texmf-dist/tex/latex/amscls/amsart.cls
Document Class: amsart 2020/05/29 v2.20.6
(/usr/share/texlive/texmf-dist/tex/latex/amsmath/amsmath.sty
For additional information on amsmath, use the `?' option.
(/usr/share/texlive/texmf-dist/tex/latex/amsmath/amstext.sty
(/usr/share/texlive/texmf-dist/tex/latex/amsmath/amsgen.sty))
(/usr/share/texlive/texmf-dist/tex/latex/amsmath/amsbsy.sty)
(/usr/share/texlive/texmf-dist/tex/latex/amsmath/amsopn.sty))
(/usr/share/texlive/texmf-dist/tex/latex/amsfonts/umsa.fd)
(/usr/share/texlive/texmf-dist/tex/latex/amsfonts/amsfonts.sty))
(/usr/share/texlive/texmf-dist/tex/latex/base/fontenc.sty)
(/usr/share/texmf/tex/latex/lm/lmodern.sty)
(/usr/share/texlive/texmf-dist/tex/latex/amsfonts/amssymb.sty)
(/usr/share/texlive/texmf-dist/tex/latex/mathtools/mathtools.sty
(/usr/share/texlive/texmf-dist/tex/latex/graphics/keyval.sty)
(/usr/share/texlive/texmf-dist/tex/latex/tools/calc.sty)
(/usr/share/texlive/texmf-dist/tex/latex/mathtools/mhsetup.sty))
(/usr/share/texlive/texmf-dist/tex/latex/microtype/microtype.sty
(/usr/share/texlive/texmf-dist/tex/latex/etoolbox/etoolbox.sty)
(/usr/share/texlive/texmf-dist/tex/latex/microtype/microtype-pdftex.def)
(/usr/share/texlive/texmf-dist/tex/latex/microtype/microtype.cfg))
(/usr/share/texlive/texmf-dist/tex/latex/jknapltx/mathrsfs.sty)
(/usr/share/texlive/texmf-dist/tex/latex/geometry/geometry.sty
(/usr/share/texlive/texmf-dist/tex/generic/iftex/ifvtex.sty
(/usr/share/texlive/texmf-dist/tex/generic/iftex/iftex.sty)))
(/usr/share/texlive/texmf-dist/tex/latex/hyperref/hyperref.sty
(/usr/share/texlive/texmf-dist/tex/latex/kvsetkeys/kvsetkeys.sty)
(/usr/share/texlive/texmf-dist/tex/generic/kvdefinekeys/kvdefinekeys.sty)
(/usr/share/texlive/texmf-dist/tex/generic/pdfescape/pdfescape.sty
(/usr/share/texlive/texmf-dist/tex/generic/ltxcmds/ltxcmds.sty)
(/usr/share/texlive/texmf-dist/tex/generic/pdftexcmds/pdftexcmds.sty
(/usr/share/texlive/texmf-dist/tex/generic/infwarerr/infwarerr.sty)))
(/usr/share/texlive/texmf-dist/tex/latex/hycolor/hycolor.sty)
(/usr/share/texlive/texmf-dist/tex/latex/auxhook/auxhook.sty)
(/usr/share/texlive/texmf-dist/tex/latex/hyperref/nameref.sty
(/usr/share/texlive/texmf-dist/tex/latex/refcount/refcount.sty)
(/usr/share/texlive/texmf-dist/tex/generic/gettitlestring/gettitlestring.sty
(/usr/share/texlive/texmf-dist/tex/latex/kvoptions/kvoptions.sty)))
(/usr/share/texlive/texmf-dist/tex/latex/hyperref/pd1enc.def)
(/usr/share/texlive/texmf-dist/tex/generic/intcalc/intcalc.sty)
(/usr/share/texlive/texmf-dist/tex/latex/hyperref/puenc.def)
(/usr/share/texlive/texmf-dist/tex/latex/url/url.sty)
(/usr/share/texlive/texmf-dist/tex/generic/bitset/bitset.sty
(/usr/share/texlive/texmf-dist/tex/generic/bigintcalc/bigintcalc.sty))
(/usr/share/texlive/texmf-dist/tex/latex/base/atbegshi-ltx.sty))
(/usr/share/texlive/texmf-dist/tex/latex/hyperref/hpdftex.def
(/usr/share/texlive/texmf-dist/tex/latex/base/atveryend-ltx.sty)
(/usr/share/texlive/texmf-dist/tex/latex/rerunfilecheck/rerunfilecheck.sty
(/usr/share/texlive/texmf-dist/tex/generic/uniquecounter/uniquecounter.sty)))
(/usr/share/texmf/tex/latex/lm/t1lmr.fd)
(/usr/share/texlive/texmf-dist/tex/latex/l3backend/l3backend-pdftex.def)
(./rigidity_v102.aux) (/usr/share/texmf/tex/latex/lm/ot1lmr.fd)
(/usr/share/texmf/tex/latex/lm/omllmm.fd)
(/usr/share/texmf/tex/latex/lm/omslmsy.fd)
(/usr/share/texmf/tex/latex/lm/omxlmex.fd)
(/usr/share/texlive/texmf-dist/tex/latex/amsfonts/umsa.fd)
(/usr/share/texlive/texmf-dist/tex/latex/amsfonts/umsb.fd)
(/usr/share/texlive/texmf-dist/tex/latex/jknapltx/ursfs.fd)
(/usr/share/texlive/texmf-dist/tex/latex/graphics/graphicx.sty
(/usr/share/texlive/texmf-dist/tex/latex/graphics/graphics.sty
(/usr/share/texlive/texmf-dist/tex/latex/graphics/trig.sty)
(/usr/share/texlive/texmf-dist/tex/latex/graphics-cfg/graphics.cfg)
(/usr/share/texlive/texmf-dist/tex/latex/graphics-def/pdftex.def
(/usr/share/texlive/texmf-dist/tex/context/base/mkii/supp-pdf.mkii
[Loading MPS to PDF converter (version 2006.09.02).]
))) (/usr/share/texlive/texmf-dist/tex/latex/epstopdf-pkg/epstopdf-base.sty
(/usr/share/texlive/texmf-dist/tex/latex/latexconfig/epstopdf-sys.cfg)))
(/usr/share/texlive/texmf-dist/tex/latex/microtype/mt-cmr.cfg)
*geometry* driver: auto-detecting
*geometry* detected driver: pdftex
(/usr/share/texlive/texmf-dist/tex/latex/microtype/mt-msa.cfg)
(/usr/share/texlive/texmf-dist/tex/latex/microtype/mt-msb.cfg)
(/usr/share/texmf/tex/latex/lm/ot1lmss.fd)

LaTeX Warning: Reference `thm:envelope' on page 1 undefined on input line 59.


LaTeX Warning: Reference `thm:queries' on page 1 undefined on input line 61.


LaTeX Warning: Reference `thm:endpoints' on page 1 undefined on input line 61.

[1{/var/lib/texmf/fonts/map/pdftex/updmap/pdftex.map}{/usr/share/texmf/fonts/en
c/dvips/lm/lm-ec.enc}{/usr/share/texmf/fonts/enc/dvips/lm/lm-mathit.enc}{/usr/s
hare/texmf/fonts/enc/dvips/lm/lm-mathsy.enc}{/usr/share/texmf/fonts/enc/dvips/l
m/lm-rm.enc}{/usr/share/texmf/fonts/enc/dvips/lm/lm-mathex.enc}]

LaTeX Warning: Reference `thm:wall' on page 2 undefined on input line 63.


LaTeX Warning: Citation `LJT' on page 2 undefined on input line 76.


LaTeX Warning: Citation `JSY' on page 2 undefined on input line 76.


LaTeX Warning: Reference `cor:residue-wall' on page 2 undefined on input line 7
6.


LaTeX Warning: Reference `sec:metric' on page 2 undefined on input line 79.


LaTeX Warning: Reference `sec:local' on page 2 undefined on input line 79.


LaTeX Warning: Reference `sec:wall' on page 2 undefined on input line 79.


LaTeX Warning: Reference `app:divisors' on page 2 undefined on input line 79.


LaTeX Warning: Reference `app:scope' on page 2 undefined on input line 79.

[2]

LaTeX Warning: Reference `eq:intro-envelope' on page 3 undefined on input line 
107.


LaTeX Warning: Reference `eq:nonexact' on page 3 undefined on input line 112.


LaTeX Warning: Reference `eq:rho-definition' on page 3 undefined on input line 
128.


LaTeX Warning: Reference `eq:metric-coefficient' on page 3 undefined on input l
ine 130.


LaTeX Warning: Reference `eq:envelope-reconstruction' on page 3 undefined on in
put line 132.

[3]

LaTeX Warning: Reference `eq:arc-sup' on page 4 undefined on input line 158.

[4]

LaTeX Warning: Reference `eq:law-cost' on page 5 undefined on input line 203.

[5]

LaTeX Warning: Reference `lem:inverse' on page 6 undefined on input line 219.


LaTeX Warning: Reference `eq:Q' on page 6 undefined on input line 219.


LaTeX Warning: Reference `eq:law-cost' on page 6 undefined on input line 228.


LaTeX Warning: Reference `eq:law-cost' on page 6 undefined on input line 230.

[6]

LaTeX Warning: Reference `eq:intro-envelope' on page 7 undefined on input line 
233.


LaTeX Warning: Reference `thm:envelope' on page 7 undefined on input line 233.


LaTeX Warning: Reference `eq:secants' on page 7 undefined on input line 253.


LaTeX Warning: Reference `thm:endpoints' on page 7 undefined on input line 253.



LaTeX Warning: Reference `eq:secants' on page 7 undefined on input line 256.


LaTeX Warning: Reference `eq:span' on page 7 undefined on input line 256.


LaTeX Warning: Reference `eq:span' on page 7 undefined on input line 256.

[7]

LaTeX Warning: Reference `eq:schur' on page 8 undefined on input line 309.


LaTeX Warning: Reference `eq:effective' on page 8 undefined on input line 311.

[8]

LaTeX Warning: Reference `eq:relative-wall' on page 9 undefined on input line 3
68.

[9]

LaTeX Warning: Reference `eq:arc-opening' on page 10 undefined on input line 37
0.


LaTeX Warning: Reference `eq:arc-opening' on page 10 undefined on input line 37
4.


LaTeX Warning: Reference `eq:divided-difference' on page 10 undefined on input 
line 386.


LaTeX Warning: Reference `thm:envelope' on page 10 undefined on input line 386.



LaTeX Warning: Reference `eq:relative-wall' on page 10 undefined on input line 
402.


LaTeX Warning: Reference `thm:wall' on page 10 undefined on input line 413.


LaTeX Warning: Reference `cor:crossover' on page 10 undefined on input line 413
.

[10]

LaTeX Warning: Reference `eq:probability' on page 11 undefined on input line 42
6.


LaTeX Warning: Reference `thm:wall' on page 11 undefined on input line 439.


LaTeX Warning: Reference `thm:wall' on page 11 undefined on input line 442.


LaTeX Warning: Reference `eq:hellinger-wall' on page 11 undefined on input line
 454.

[11]

LaTeX Warning: Reference `eq:monomial' on page 12 undefined on input line 478.


LaTeX Warning: Reference `thm:envelope' on page 12 undefined on input line 478.



LaTeX Warning: Reference `eq:envelope-reconstruction' on page 12 undefined on i
nput line 487.


LaTeX Warning: Reference `eq:nonexact' on page 12 undefined on input line 490.


LaTeX Warning: Reference `thm:envelope' on page 12 undefined on input line 497.


[12]

LaTeX Warning: Citation `LJT' on page 13 undefined on input line 500.


LaTeX Warning: Reference `sec:wall' on page 13 undefined on input line 510.


LaTeX Warning: Reference `sec:local' on page 13 undefined on input line 512.


LaTeX Warning: Reference `thm:endpoints' on page 13 undefined on input line 512
.

[13] (./rigidity_v102.aux)

LaTeX Warning: There were undefined references.


LaTeX Warning: Label(s) may have changed. Rerun to get cross-references right.


Package rerunfilecheck Warning: File `rigidity_v102.out' has changed.
(rerunfilecheck)                Rerun to get outlines right
(rerunfilecheck)                or use package `bookmark'.

 ) )</usr/share/texmf/fonts/type1/public/lm/lmbx10.pfb></usr/share/texmf/fonts/
type1/public/lm/lmcsc10.pfb></usr/share/texmf/fonts/type1/public/lm/lmex10.pfb>
</usr/share/texmf/fonts/type1/public/lm/lmmi10.pfb></usr/share/texmf/fonts/type
1/public/lm/lmmi6.pfb></usr/share/texmf/fonts/type1/public/lm/lmmi8.pfb></usr/s
hare/texmf/fonts/type1/public/lm/lmr10.pfb></usr/share/texmf/fonts/type1/public
/lm/lmr6.pfb></usr/share/texmf/fonts/type1/public/lm/lmr8.pfb></usr/share/texmf
/fonts/type1/public/lm/lmr9.pfb></usr/share/texmf/fonts/type1/public/lm/lmri10.
pfb></usr/share/texmf/fonts/type1/public/lm/lmri9.pfb></usr/share/texmf/fonts/t
ype1/public/lm/lmss8.pfb></usr/share/texmf/fonts/type1/public/lm/lmsy10.pfb></u
sr/share/texmf/fonts/type1/public/lm/lmsy6.pfb></usr/share/texmf/fonts/type1/pu
blic/lm/lmsy8.pfb></usr/share/texlive/texmf-dist/fonts/type1/public/amsfonts/sy
mbols/msam10.pfb></usr/share/texlive/texmf-dist/fonts/type1/public/amsfonts/sym
bols/msbm10.pfb></usr/share/texlive/texmf-dist/fonts/type1/public/rsfs/rsfs10.p
fb>
Output written on rigidity_v102.pdf (13 pages, 377727 bytes).
Transcript written on rigidity_v102.log.
Latexmk: Getting log file 'rigidity_v102.log'
Latexmk: Examining 'rigidity_v102.fls'
Latexmk: Examining 'rigidity_v102.log'
Latexmk: References changed.
Latexmk: References changed.
Latexmk: Log file says output to 'rigidity_v102.pdf'
Latexmk: applying rule 'pdflatex'...
Rule 'pdflatex':  Reasons for rerun
Changed files or newly in use/created:
  rigidity_v102.aux
  rigidity_v102.out

------------
Run number 2 of rule 'pdflatex'
------------
------------
Running 'pdflatex  -interaction=nonstopmode -halt-on-error -file-line-error -recorder  "rigidity_v102.tex"'
------------
This is pdfTeX, Version 3.141592653-2.6-1.40.25 (TeX Live 2023/Debian) (preloaded format=pdflatex)
 restricted \write18 enabled.
entering extended mode
(./rigidity_v102.tex
LaTeX2e <2023-11-01> patch level 1
L3 programming layer <2024-01-22>
(./article/v102/paper.tex
(/usr/share/texlive/texmf-dist/tex/latex/amscls/amsart.cls
Document Class: amsart 2020/05/29 v2.20.6
(/usr/share/texlive/texmf-dist/tex/latex/amsmath/amsmath.sty
For additional information on amsmath, use the `?' option.
(/usr/share/texlive/texmf-dist/tex/latex/amsmath/amstext.sty
(/usr/share/texlive/texmf-dist/tex/latex/amsmath/amsgen.sty))
(/usr/share/texlive/texmf-dist/tex/latex/amsmath/amsbsy.sty)
(/usr/share/texlive/texmf-dist/tex/latex/amsmath/amsopn.sty))
(/usr/share/texlive/texmf-dist/tex/latex/amsfonts/umsa.fd)
(/usr/share/texlive/texmf-dist/tex/latex/amsfonts/amsfonts.sty))
(/usr/share/texlive/texmf-dist/tex/latex/base/fontenc.sty)
(/usr/share/texmf/tex/latex/lm/lmodern.sty)
(/usr/share/texlive/texmf-dist/tex/latex/amsfonts/amssymb.sty)
(/usr/share/texlive/texmf-dist/tex/latex/mathtools/mathtools.sty
(/usr/share/texlive/texmf-dist/tex/latex/graphics/keyval.sty)
(/usr/share/texlive/texmf-dist/tex/latex/tools/calc.sty)
(/usr/share/texlive/texmf-dist/tex/latex/mathtools/mhsetup.sty))
(/usr/share/texlive/texmf-dist/tex/latex/microtype/microtype.sty
(/usr/share/texlive/texmf-dist/tex/latex/etoolbox/etoolbox.sty)
(/usr/share/texlive/texmf-dist/tex/latex/microtype/microtype-pdftex.def)
(/usr/share/texlive/texmf-dist/tex/latex/microtype/microtype.cfg))
(/usr/share/texlive/texmf-dist/tex/latex/jknapltx/mathrsfs.sty)
(/usr/share/texlive/texmf-dist/tex/latex/geometry/geometry.sty
(/usr/share/texlive/texmf-dist/tex/generic/iftex/ifvtex.sty
(/usr/share/texlive/texmf-dist/tex/generic/iftex/iftex.sty)))
(/usr/share/texlive/texmf-dist/tex/latex/hyperref/hyperref.sty
(/usr/share/texlive/texmf-dist/tex/latex/kvsetkeys/kvsetkeys.sty)
(/usr/share/texlive/texmf-dist/tex/generic/kvdefinekeys/kvdefinekeys.sty)
(/usr/share/texlive/texmf-dist/tex/generic/pdfescape/pdfescape.sty
(/usr/share/texlive/texmf-dist/tex/generic/ltxcmds/ltxcmds.sty)
(/usr/share/texlive/texmf-dist/tex/generic/pdftexcmds/pdftexcmds.sty
(/usr/share/texlive/texmf-dist/tex/generic/infwarerr/infwarerr.sty)))
(/usr/share/texlive/texmf-dist/tex/latex/hycolor/hycolor.sty)
(/usr/share/texlive/texmf-dist/tex/latex/auxhook/auxhook.sty)
(/usr/share/texlive/texmf-dist/tex/latex/hyperref/nameref.sty
(/usr/share/texlive/texmf-dist/tex/latex/refcount/refcount.sty)
(/usr/share/texlive/texmf-dist/tex/generic/gettitlestring/gettitlestring.sty
(/usr/share/texlive/texmf-dist/tex/latex/kvoptions/kvoptions.sty)))
(/usr/share/texlive/texmf-dist/tex/latex/hyperref/pd1enc.def)
(/usr/share/texlive/texmf-dist/tex/generic/intcalc/intcalc.sty)
(/usr/share/texlive/texmf-dist/tex/latex/hyperref/puenc.def)
(/usr/share/texlive/texmf-dist/tex/latex/url/url.sty)
(/usr/share/texlive/texmf-dist/tex/generic/bitset/bitset.sty
(/usr/share/texlive/texmf-dist/tex/generic/bigintcalc/bigintcalc.sty))
(/usr/share/texlive/texmf-dist/tex/latex/base/atbegshi-ltx.sty))
(/usr/share/texlive/texmf-dist/tex/latex/hyperref/hpdftex.def
(/usr/share/texlive/texmf-dist/tex/latex/base/atveryend-ltx.sty)
(/usr/share/texlive/texmf-dist/tex/latex/rerunfilecheck/rerunfilecheck.sty
(/usr/share/texlive/texmf-dist/tex/generic/uniquecounter/uniquecounter.sty)))
(/usr/share/texmf/tex/latex/lm/t1lmr.fd)
(/usr/share/texlive/texmf-dist/tex/latex/l3backend/l3backend-pdftex.def)
(./rigidity_v102.aux) (/usr/share/texmf/tex/latex/lm/ot1lmr.fd)
(/usr/share/texmf/tex/latex/lm/omllmm.fd)
(/usr/share/texmf/tex/latex/lm/omslmsy.fd)
(/usr/share/texmf/tex/latex/lm/omxlmex.fd)
(/usr/share/texlive/texmf-dist/tex/latex/amsfonts/umsa.fd)
(/usr/share/texlive/texmf-dist/tex/latex/amsfonts/umsb.fd)
(/usr/share/texlive/texmf-dist/tex/latex/jknapltx/ursfs.fd)
(/usr/share/texlive/texmf-dist/tex/latex/graphics/graphicx.sty
(/usr/share/texlive/texmf-dist/tex/latex/graphics/graphics.sty
(/usr/share/texlive/texmf-dist/tex/latex/graphics/trig.sty)
(/usr/share/texlive/texmf-dist/tex/latex/graphics-cfg/graphics.cfg)
(/usr/share/texlive/texmf-dist/tex/latex/graphics-def/pdftex.def
(/usr/share/texlive/texmf-dist/tex/context/base/mkii/supp-pdf.mkii
[Loading MPS to PDF converter (version 2006.09.02).]
))) (/usr/share/texlive/texmf-dist/tex/latex/epstopdf-pkg/epstopdf-base.sty
(/usr/share/texlive/texmf-dist/tex/latex/latexconfig/epstopdf-sys.cfg)))
(/usr/share/texlive/texmf-dist/tex/latex/microtype/mt-cmr.cfg)
*geometry* driver: auto-detecting
*geometry* detected driver: pdftex
(./rigidity_v102.out) (./rigidity_v102.out)
(/usr/share/texlive/texmf-dist/tex/latex/microtype/mt-msa.cfg)
(/usr/share/texlive/texmf-dist/tex/latex/microtype/mt-msb.cfg)
(/usr/share/texmf/tex/latex/lm/ot1lmss.fd) [1{/var/lib/texmf/fonts/map/pdftex/u
pdmap/pdftex.map}{/usr/share/texmf/fonts/enc/dvips/lm/lm-ec.enc}{/usr/share/tex
mf/fonts/enc/dvips/lm/lm-mathit.enc}{/usr/share/texmf/fonts/enc/dvips/lm/lm-mat
hsy.enc}{/usr/share/texmf/fonts/enc/dvips/lm/lm-rm.enc}{/usr/share/texmf/fonts/
enc/dvips/lm/lm-mathex.enc}] [2] [3] [4] [5] [6] [7] [8] [9] [10] [11] [12]
[13] (./rigidity_v102.aux) ) )</usr/share/texmf/fonts/type1/public/lm/lmbx10.pf
b></usr/share/texmf/fonts/type1/public/lm/lmcsc10.pfb></usr/share/texmf/fonts/t
ype1/public/lm/lmex10.pfb></usr/share/texmf/fonts/type1/public/lm/lmmi10.pfb></
usr/share/texmf/fonts/type1/public/lm/lmmi6.pfb></usr/share/texmf/fonts/type1/p
ublic/lm/lmmi8.pfb></usr/share/texmf/fonts/type1/public/lm/lmr10.pfb></usr/shar
e/texmf/fonts/type1/public/lm/lmr6.pfb></usr/share/texmf/fonts/type1/public/lm/
lmr8.pfb></usr/share/texmf/fonts/type1/public/lm/lmr9.pfb></usr/share/texmf/fon
ts/type1/public/lm/lmri10.pfb></usr/share/texmf/fonts/type1/public/lm/lmri9.pfb
></usr/share/texmf/fonts/type1/public/lm/lmss8.pfb></usr/share/texmf/fonts/type
1/public/lm/lmsy10.pfb></usr/share/texmf/fonts/type1/public/lm/lmsy6.pfb></usr/
share/texmf/fonts/type1/public/lm/lmsy8.pfb></usr/share/texlive/texmf-dist/font
s/type1/public/amsfonts/symbols/msam10.pfb></usr/share/texlive/texmf-dist/fonts
/type1/public/amsfonts/symbols/msbm10.pfb></usr/share/texlive/texmf-dist/fonts/
type1/public/rsfs/rsfs10.pfb>
Output written on rigidity_v102.pdf (13 pages, 382371 bytes).
Transcript written on rigidity_v102.log.
Latexmk: Getting log file 'rigidity_v102.log'
Latexmk: Examining 'rigidity_v102.fls'
Latexmk: Examining 'rigidity_v102.log'
Latexmk: Log file says output to 'rigidity_v102.pdf'
Latexmk: All targets (rigidity_v102.pdf) are up-to-date

Rc files read:
  /etc/LatexMk
Latexmk: This is Latexmk, John Collins, 31 Jan. 2024. Version 4.83.
No existing .aux file, so I'll make a simple one, and require run of *latex.
Force everything to be remade.
Latexmk: applying rule 'pdflatex'...
Rule 'pdflatex':  Reasons for rerun
Category 'other':
  Rerun of 'pdflatex' forced or previously required:
    Reason or flag: 'go_mode'

------------
Run number 1 of rule 'pdflatex'
------------
------------
Running 'pdflatex  -interaction=nonstopmode -halt-on-error -file-line-error -recorder  "rigidity_v101.tex"'
------------
This is pdfTeX, Version 3.141592653-2.6-1.40.25 (TeX Live 2023/Debian) (preloaded format=pdflatex)
 restricted \write18 enabled.
entering extended mode
(./rigidity_v101.tex
LaTeX2e <2023-11-01> patch level 1
L3 programming layer <2024-01-22>
(./article/v101/paper.tex (./article/v98/preamble.tex
(/usr/share/texlive/texmf-dist/tex/latex/amscls/amsart.cls
Document Class: amsart 2020/05/29 v2.20.6
(/usr/share/texlive/texmf-dist/tex/latex/amsmath/amsmath.sty
For additional information on amsmath, use the `?' option.
(/usr/share/texlive/texmf-dist/tex/latex/amsmath/amstext.sty
(/usr/share/texlive/texmf-dist/tex/latex/amsmath/amsgen.sty))
(/usr/share/texlive/texmf-dist/tex/latex/amsmath/amsbsy.sty)
(/usr/share/texlive/texmf-dist/tex/latex/amsmath/amsopn.sty))
(/usr/share/texlive/texmf-dist/tex/latex/amsfonts/umsa.fd)
(/usr/share/texlive/texmf-dist/tex/latex/amsfonts/amsfonts.sty))
(/usr/share/texlive/texmf-dist/tex/latex/base/fontenc.sty)
(/usr/share/texmf/tex/latex/lm/lmodern.sty)
(/usr/share/texlive/texmf-dist/tex/latex/amsfonts/amssymb.sty)
(/usr/share/texlive/texmf-dist/tex/latex/mathtools/mathtools.sty
(/usr/share/texlive/texmf-dist/tex/latex/graphics/keyval.sty)
(/usr/share/texlive/texmf-dist/tex/latex/tools/calc.sty)
(/usr/share/texlive/texmf-dist/tex/latex/mathtools/mhsetup.sty))
(/usr/share/texlive/texmf-dist/tex/latex/microtype/microtype.sty
(/usr/share/texlive/texmf-dist/tex/latex/etoolbox/etoolbox.sty)
(/usr/share/texlive/texmf-dist/tex/latex/microtype/microtype-pdftex.def)
(/usr/share/texlive/texmf-dist/tex/latex/microtype/microtype.cfg))
(/usr/share/texlive/texmf-dist/tex/latex/jknapltx/mathrsfs.sty)
(/usr/share/texlive/texmf-dist/tex/latex/geometry/geometry.sty
(/usr/share/texlive/texmf-dist/tex/generic/iftex/ifvtex.sty
(/usr/share/texlive/texmf-dist/tex/generic/iftex/iftex.sty)))
(/usr/share/texlive/texmf-dist/tex/latex/booktabs/booktabs.sty)
(/usr/share/texlive/texmf-dist/tex/latex/tools/longtable.sty)
(/usr/share/texlive/texmf-dist/tex/latex/tools/array.sty)
(/usr/share/texlive/texmf-dist/tex/latex/hyperref/hyperref.sty
(/usr/share/texlive/texmf-dist/tex/latex/kvsetkeys/kvsetkeys.sty)
(/usr/share/texlive/texmf-dist/tex/generic/kvdefinekeys/kvdefinekeys.sty)
(/usr/share/texlive/texmf-dist/tex/generic/pdfescape/pdfescape.sty
(/usr/share/texlive/texmf-dist/tex/generic/ltxcmds/ltxcmds.sty)
(/usr/share/texlive/texmf-dist/tex/generic/pdftexcmds/pdftexcmds.sty
(/usr/share/texlive/texmf-dist/tex/generic/infwarerr/infwarerr.sty)))
(/usr/share/texlive/texmf-dist/tex/latex/hycolor/hycolor.sty)
(/usr/share/texlive/texmf-dist/tex/latex/auxhook/auxhook.sty)
(/usr/share/texlive/texmf-dist/tex/latex/hyperref/nameref.sty
(/usr/share/texlive/texmf-dist/tex/latex/refcount/refcount.sty)
(/usr/share/texlive/texmf-dist/tex/generic/gettitlestring/gettitlestring.sty
(/usr/share/texlive/texmf-dist/tex/latex/kvoptions/kvoptions.sty)))
(/usr/share/texlive/texmf-dist/tex/latex/hyperref/pd1enc.def)
(/usr/share/texlive/texmf-dist/tex/generic/intcalc/intcalc.sty)
(/usr/share/texlive/texmf-dist/tex/latex/hyperref/puenc.def)
(/usr/share/texlive/texmf-dist/tex/latex/url/url.sty)
(/usr/share/texlive/texmf-dist/tex/generic/bitset/bitset.sty
(/usr/share/texlive/texmf-dist/tex/generic/bigintcalc/bigintcalc.sty))
(/usr/share/texlive/texmf-dist/tex/latex/base/atbegshi-ltx.sty))
(/usr/share/texlive/texmf-dist/tex/latex/hyperref/hpdftex.def
(/usr/share/texlive/texmf-dist/tex/latex/base/atveryend-ltx.sty)
(/usr/share/texlive/texmf-dist/tex/latex/rerunfilecheck/rerunfilecheck.sty
(/usr/share/texlive/texmf-dist/tex/generic/uniquecounter/uniquecounter.sty))))
(/usr/share/texmf/tex/latex/lm/t1lmr.fd)
(/usr/share/texlive/texmf-dist/tex/latex/l3backend/l3backend-pdftex.def)
(./rigidity_v101.aux) (/usr/share/texmf/tex/latex/lm/ot1lmr.fd)
(/usr/share/texmf/tex/latex/lm/omllmm.fd)
(/usr/share/texmf/tex/latex/lm/omslmsy.fd)
(/usr/share/texmf/tex/latex/lm/omxlmex.fd)
(/usr/share/texlive/texmf-dist/tex/latex/amsfonts/umsa.fd)
(/usr/share/texlive/texmf-dist/tex/latex/amsfonts/umsb.fd)
(/usr/share/texlive/texmf-dist/tex/latex/jknapltx/ursfs.fd)
(/usr/share/texlive/texmf-dist/tex/latex/graphics/graphicx.sty
(/usr/share/texlive/texmf-dist/tex/latex/graphics/graphics.sty
(/usr/share/texlive/texmf-dist/tex/latex/graphics/trig.sty)
(/usr/share/texlive/texmf-dist/tex/latex/graphics-cfg/graphics.cfg)
(/usr/share/texlive/texmf-dist/tex/latex/graphics-def/pdftex.def
(/usr/share/texlive/texmf-dist/tex/context/base/mkii/supp-pdf.mkii
[Loading MPS to PDF converter (version 2006.09.02).]
))) (/usr/share/texlive/texmf-dist/tex/latex/epstopdf-pkg/epstopdf-base.sty
(/usr/share/texlive/texmf-dist/tex/latex/latexconfig/epstopdf-sys.cfg)))
(/usr/share/texlive/texmf-dist/tex/latex/microtype/mt-cmr.cfg)
*geometry* driver: auto-detecting
*geometry* detected driver: pdftex
(/usr/share/texlive/texmf-dist/tex/latex/microtype/mt-msa.cfg)
(/usr/share/texlive/texmf-dist/tex/latex/microtype/mt-msb.cfg)
(/usr/share/texmf/tex/latex/lm/ot1lmss.fd)

LaTeX Warning: Reference `thm:v101-finite' on page 1 undefined on input line 62
.

[1{/var/lib/texmf/fonts/map/pdftex/updmap/pdftex.map}{/usr/share/texmf/fonts/en
c/dvips/lm/lm-ec.enc}{/usr/share/texmf/fonts/enc/dvips/lm/lm-mathit.enc}{/usr/s
hare/texmf/fonts/enc/dvips/lm/lm-rm.enc}{/usr/share/texmf/fonts/enc/dvips/lm/lm
-mathex.enc}{/usr/share/texmf/fonts/enc/dvips/lm/lm-mathsy.enc}]

LaTeX Warning: Reference `cor:v101-stability' on page 2 undefined on input line
 81.


LaTeX Warning: Reference `thm:mult-atlas' on page 2 undefined on input line 93.



LaTeX Warning: Reference `thm:v101-divisorial' on page 2 undefined on input lin
e 116.


LaTeX Warning: Reference `thm:singular-entrances' on page 2 undefined on input 
line 134.


LaTeX Warning: Reference `thm:v101-residue' on page 2 undefined on input line 1
38.

[2]

LaTeX Warning: Citation `A2JSY22' on page 3 undefined on input line 146.


LaTeX Warning: Citation `A2RT26' on page 3 undefined on input line 151.


LaTeX Warning: Reference `thm:v101-filtered' on page 3 undefined on input line 
151.


LaTeX Warning: Reference `def:v101-format' on page 3 undefined on input line 17
0.


LaTeX Warning: Reference `app:v101-format' on page 3 undefined on input line 17
3.

(./article/v98/model.tex
(/usr/share/texlive/texmf-dist/tex/latex/amsfonts/ueuf.fd)
(/usr/share/texlive/texmf-dist/tex/latex/microtype/mt-euf.cfg) [3]

LaTeX Warning: Reference `lem:normalizer' on page 4 undefined on input line 88.


[4]) (./article/v98/multiplicity.tex

LaTeX Warning: Reference `eq:model' on page 5 undefined on input line 3.


LaTeX Warning: Reference `eq:score' on page 5 undefined on input line 20.

[5]

LaTeX Warning: Reference `eq:mult-jet' on page 6 undefined on input line 97.


LaTeX Warning: Reference `lem:fullrank' on page 6 undefined on input line 127.


LaTeX Warning: Reference `eq:mult-jet' on page 6 undefined on input line 129.


LaTeX Warning: Reference `eq:explicit-orders' on page 6 undefined on input line
 149.


LaTeX Warning: Reference `eq:explicit-orders' on page 6 undefined on input line
 161.

[6]

LaTeX Warning: Reference `eq:mult-jet' on page 7 undefined on input line 165.


LaTeX Warning: Reference `eq:mult-leading' on page 7 undefined on input line 17
8.


LaTeX Warning: Reference `eq:mult-leading' on page 7 undefined on input line 18
2.


LaTeX Warning: Reference `eq:mult-expand' on page 7 undefined on input line 189
.


LaTeX Warning: Reference `lem:ordered' on page 7 undefined on input line 196.


LaTeX Warning: Reference `eq:mult-C' on page 7 undefined on input line 201.


LaTeX Warning: Reference `eq:linear-leading' on page 7 undefined on input line 
209.


LaTeX Warning: Reference `eq:linear-leading' on page 7 undefined on input line 
224.


LaTeX Warning: Reference `eq:matching-formula' on page 7 undefined on input lin
e 227.


LaTeX Warning: Reference `thm:atlas' on page 7 undefined on input line 230.

[7]

LaTeX Warning: Reference `sec:real' on page 8 undefined on input line 259.


LaTeX Warning: Reference `sec:wall' on page 8 undefined on input line 261.

) (./article/v101/finite_metric.tex

LaTeX Warning: Reference `sec:multiplicity' on page 8 undefined on input line 1
0.


LaTeX Warning: Reference `lem:fullrank' on page 8 undefined on input line 16.

[8]

LaTeX Warning: Reference `eq:mult-expand' on page 9 undefined on input line 51.



LaTeX Warning: Reference `eq:score' on page 9 undefined on input line 54.


LaTeX Warning: Reference `eq:mult-jet' on page 9 undefined on input line 55.


LaTeX Warning: Reference `eq:mult-Q' on page 9 undefined on input line 63.


LaTeX Warning: Reference `eq:v101-calibration' on page 9 undefined on input lin
e 68.


LaTeX Warning: Reference `eq:v101-calibration' on page 9 undefined on input lin
e 73.


LaTeX Warning: Reference `eq:v101-profile-matrix' on page 9 undefined on input 
line 113.


LaTeX Warning: Reference `eq:v101-calibration-form' on page 9 undefined on inpu
t line 115.

[9]

LaTeX Warning: Reference `lem:fullrank' on page 10 undefined on input line 145.



LaTeX Warning: Reference `eq:v101-calibrated-expansion' on page 10 undefined on
 input line 154.


LaTeX Warning: Reference `thm:mult-atlas' on page 10 undefined on input line 16
3.

[10]

LaTeX Warning: Reference `eq:v101-radial-stability' on page 11 undefined on inp
ut line 210.


LaTeX Warning: Reference `eq:v101-finite-datum' on page 11 undefined on input l
ine 211.


LaTeX Warning: Reference `eq:v101-polarization' on page 11 undefined on input l
ine 212.


LaTeX Warning: Reference `eq:v101-radial-stability' on page 11 undefined on inp
ut line 222.


LaTeX Warning: Reference `thm:reconstruction' on page 11 undefined on input lin
e 234.

) (./article/v99/cubic.tex

LaTeX Warning: Reference `lem:normalizer' on page 11 undefined on input line 35
.


LaTeX Warning: Reference `lem:fullrank' on page 11 undefined on input line 36.

[11] [12]

LaTeX Warning: Reference `eq:affine-constants' on page 13 undefined on input li
ne 140.


LaTeX Warning: Reference `eq:pencil-radius' on page 13 undefined on input line 
142.


LaTeX Warning: Reference `eq:depressed-absorption' on page 13 undefined on inpu
t line 207.

[13]

LaTeX Warning: Reference `lem:pencil-isolation' on page 14 undefined on input l
ine 237.


LaTeX Warning: Reference `prop:affine' on page 14 undefined on input line 243.


LaTeX Warning: Reference `eq:affine-approx' on page 14 undefined on input line 
247.


LaTeX Warning: Reference `eq:local-inverse' on page 14 undefined on input line 
261.


LaTeX Warning: Reference `eq:separation' on page 14 undefined on input line 266
.


LaTeX Warning: Reference `thm:cubic-fibre' on page 14 undefined on input line 2
69.


LaTeX Warning: Reference `eq:mult-Q' on page 14 undefined on input line 283.

[14]

LaTeX Warning: Reference `lem:local-cubic' on page 15 undefined on input line 3
15.


LaTeX Warning: Reference `eq:cubic-jets' on page 15 undefined on input line 316
.


LaTeX Warning: Reference `eq:I' on page 15 undefined on input line 349.


LaTeX Warning: Reference `lem:ordered' on page 15 undefined on input line 375.


LaTeX Warning: Reference `eq:cubic-C' on page 15 undefined on input line 378.


LaTeX Warning: Reference `prop:cubic-Q' on page 15 undefined on input line 379.



LaTeX Warning: Reference `lem:local-cubic' on page 15 undefined on input line 3
80.

[15]

LaTeX Warning: Reference `eq:cubic-C' on page 16 undefined on input line 426.

) (./article/v98/wall.tex [16]

LaTeX Warning: Reference `eq:score' on page 17 undefined on input line 63.


LaTeX Warning: Reference `eq:remote-jets' on page 17 undefined on input line 80
.

[17]

LaTeX Warning: Reference `eq:remote-second-order' on page 18 undefined on input
 line 130.


LaTeX Warning: Reference `lem:normalizer' on page 18 undefined on input line 15
2.


LaTeX Warning: Reference `prop:remote-cone' on page 18 undefined on input line 
177.


LaTeX Warning: Reference `eq:mu' on page 18 undefined on input line 181.

[18]

LaTeX Warning: Reference `prop:cubic-Q' on page 19 undefined on input line 201.



LaTeX Warning: Reference `prop:remote-cone' on page 19 undefined on input line 
219.


LaTeX Warning: Reference `lem:mu-positive' on page 19 undefined on input line 2
21.


LaTeX Warning: Reference `eq:remote-second-order' on page 19 undefined on input
 line 227.


LaTeX Warning: Reference `eq:wall-centre' on page 19 undefined on input line 24
1.


LaTeX Warning: Reference `thm:cubic-fibre' on page 19 undefined on input line 2
74.


LaTeX Warning: Reference `eq:drem' on page 19 undefined on input line 277.


LaTeX Warning: Reference `lem:remote-control' on page 19 undefined on input lin
e 279.

[19]

LaTeX Warning: Reference `eq:entrance-law' on page 20 undefined on input line 2
88.


LaTeX Warning: Reference `eq:mu' on page 20 undefined on input line 289.


LaTeX Warning: Reference `eq:remote-f-identity' on page 20 undefined on input l
ine 291.


LaTeX Warning: Reference `eq:remote-h-identity' on page 20 undefined on input l
ine 291.


LaTeX Warning: Reference `prop:cubic-Q' on page 20 undefined on input line 297.



LaTeX Warning: Reference `thm:cubic-local' on page 20 undefined on input line 2
97.


LaTeX Warning: Reference `eq:cubic-C' on page 20 undefined on input line 303.


LaTeX Warning: Reference `eq:below-wall' on page 20 undefined on input line 304
.


LaTeX Warning: Reference `eq:above-wall' on page 20 undefined on input line 312
.


LaTeX Warning: Reference `eq:entrance-law' on page 20 undefined on input line 3
14.


LaTeX Warning: Reference `eq:nonident-opening' on page 20 undefined on input li
ne 330.


LaTeX Warning: Reference `eq:drem' on page 20 undefined on input line 337.

[20]

LaTeX Warning: Reference `sec:cubic' on page 21 undefined on input line 364.


LaTeX Warning: Reference `thm:mult-atlas' on page 21 undefined on input line 38
6.


LaTeX Warning: Reference `eq:I' on page 21 undefined on input line 387.


LaTeX Warning: Reference `ex:crossover' on page 21 undefined on input line 390.


) (./article/v99/remote_structure.tex [21]

LaTeX Warning: Reference `eq:finite-exact-fibre' on page 22 undefined on input 
line 48.


LaTeX Warning: Reference `eq:general-corner-jet' on page 22 undefined on input 
line 48.


LaTeX Warning: Reference `eq:finite-exact-fibre' on page 22 undefined on input 
line 73.


LaTeX Warning: Reference `eq:general-entrance' on page 22 undefined on input li
ne 82.


LaTeX Warning: Reference `eq:entrance-staircase' on page 22 undefined on input 
line 97.


LaTeX Warning: Reference `thm:remote-general' on page 22 undefined on input lin
e 108.

[22]

LaTeX Warning: Reference `eq:critical-expansion' on page 23 undefined on input 
line 154.


LaTeX Warning: Reference `eq:critical-coefficient' on page 23 undefined on inpu
t line 156.


LaTeX Warning: Reference `eq:critical-expansion' on page 23 undefined on input 
line 161.


LaTeX Warning: Reference `sec:wall' on page 23 undefined on input line 165.


LaTeX Warning: Reference `eq:critical-coefficient' on page 23 undefined on inpu
t line 171.


LaTeX Warning: Reference `prop:remote-cone' on page 23 undefined on input line 
172.


LaTeX Warning: Reference `thm:cubic-fibre' on page 23 undefined on input line 1
76.


LaTeX Warning: Reference `prop:remote-cone' on page 23 undefined on input line 
178.


LaTeX Warning: Reference `lem:mu-positive' on page 23 undefined on input line 1
86.


LaTeX Warning: Reference `eq:mu' on page 23 undefined on input line 188.


LaTeX Warning: Reference `eq:critical-coefficient' on page 23 undefined on inpu
t line 189.


LaTeX Warning: Reference `thm:remote-general' on page 23 undefined on input lin
e 192.


LaTeX Warning: Reference `thm:critical-window' on page 23 undefined on input li
ne 192.


LaTeX Warning: Reference `eq:critical-coefficient' on page 23 undefined on inpu
t line 210.

[23]

LaTeX Warning: Reference `sec:geometric-wall' on page 24 undefined on input lin
e 228.

) (./article/v99/geometric_wall.tex

LaTeX Warning: Reference `thm:cubic-fibre' on page 24 undefined on input line 3
1.

[24]

LaTeX Warning: Reference `lem:normalizer' on page 25 undefined on input line 79
.


LaTeX Warning: Reference `eq:mu-B' on page 25 undefined on input line 123.

[25]

LaTeX Warning: Reference `prop:cubic-Q' on page 26 undefined on input line 132.



LaTeX Warning: Reference `eq:geometric-centre' on page 26 undefined on input li
ne 139.


LaTeX Warning: Reference `eq:geometric-weight-margin' on page 26 undefined on i
nput line 139.


LaTeX Warning: Reference `thm:critical-window' on page 26 undefined on input li
ne 145.


LaTeX Warning: Reference `eq:geometric-chart' on page 26 undefined on input lin
e 146.


LaTeX Warning: Reference `thm:remote-general' on page 26 undefined on input lin
e 178.


LaTeX Warning: Reference `thm:critical-window' on page 26 undefined on input li
ne 179.


LaTeX Warning: Reference `eq:mu-B' on page 26 undefined on input line 182.


LaTeX Warning: Reference `eq:geometric-entrance' on page 26 undefined on input 
line 182.


LaTeX Warning: Reference `sec:cubic' on page 26 undefined on input line 190.


LaTeX Warning: Reference `eq:B-below' on page 26 undefined on input line 192.


LaTeX Warning: Reference `eq:B-above' on page 26 undefined on input line 199.


LaTeX Warning: Reference `eq:B-pencil-opening' on page 26 undefined on input li
ne 210.


LaTeX Warning: Reference `thm:cubic-fibre' on page 26 undefined on input line 2
19.


LaTeX Warning: Reference `eq:B-exact-diameter' on page 26 undefined on input li
ne 220.

[26]) (./article/v99/critical_examples.tex

LaTeX Warning: Reference `ex:wall-exact' on page 27 undefined on input line 33.


) (./article/v99/real_atlas.tex [27]

LaTeX Warning: Reference `app:foundations' on page 28 undefined on input line 6
0.

[28]

LaTeX Warning: Reference `lem:finite-diagram' on page 29 undefined on input lin
e 87.


LaTeX Warning: Reference `lem:rees' on page 29 undefined on input line 89.


LaTeX Warning: Reference `app:foundations' on page 29 undefined on input line 9
2.


LaTeX Warning: Reference `app:effective' on page 29 undefined on input line 98.



LaTeX Warning: Reference `def:monomial' on page 29 undefined on input line 106.



LaTeX Warning: Reference `def:input' on page 29 undefined on input line 110.


LaTeX Warning: Reference `lem:slack-exact' on page 29 undefined on input line 1
13.


LaTeX Warning: Reference `lem:spread' on page 29 undefined on input line 117.


LaTeX Warning: Reference `app:foundations' on page 29 undefined on input line 1
18.


LaTeX Warning: Reference `lem:real-descent' on page 29 undefined on input line 
120.


LaTeX Warning: Reference `lem:real-accessibility' on page 29 undefined on input
 line 123.


LaTeX Warning: Reference `app:foundations' on page 29 undefined on input line 1
26.


LaTeX Warning: Reference `lem:relative' on page 29 undefined on input line 138.



LaTeX Warning: Reference `lem:real-accessibility' on page 29 undefined on input
 line 139.


LaTeX Warning: Reference `lem:real-accessibility' on page 29 undefined on input
 line 155.


LaTeX Warning: Citation `BE09' on page 29 undefined on input line 168.

[29]

LaTeX Warning: Reference `cor:orders' on page 30 undefined on input line 214.


LaTeX Warning: Reference `eq:joint-diameter' on page 30 undefined on input line
 236.

[30]

LaTeX Warning: Reference `lem:support-order' on page 31 undefined on input line
 252.


LaTeX Warning: Reference `app:effective' on page 31 undefined on input line 256
.


LaTeX Warning: Reference `thm:joint' on page 31 undefined on input line 291.


LaTeX Warning: Reference `prop:decay' on page 31 undefined on input line 292.


LaTeX Warning: Reference `lem:nash-graph' on page 31 undefined on input line 29
7.


LaTeX Warning: Reference `lem:relative' on page 31 undefined on input line 327.



LaTeX Warning: Reference `cor:orders' on page 31 undefined on input line 328.


LaTeX Warning: Reference `thm:joint' on page 31 undefined on input line 328.


LaTeX Warning: Reference `thm:uniform' on page 31 undefined on input line 329.


LaTeX Warning: Reference `app:effective' on page 31 undefined on input line 332
.

[31]

LaTeX Warning: Reference `app:effective' on page 32 undefined on input line 346
.


LaTeX Warning: Reference `eq:order-decision' on page 32 undefined on input line
 349.


LaTeX Warning: Reference `eq:closure-formula' on page 32 undefined on input lin
e 352.


LaTeX Warning: Reference `eq:matching-formula' on page 32 undefined on input li
ne 353.

) (./article/v100/canonical.tex

LaTeX Warning: Reference `sec:joint' on page 32 undefined on input line 2.

[32]

LaTeX Warning: Reference `eq:canonical-identification' on page 33 undefined on 
input line 50.


LaTeX Warning: Reference `eq:weighted' on page 33 undefined on input line 51.


LaTeX Warning: Reference `cor:orders' on page 33 undefined on input line 65.


LaTeX Warning: Citation `Fulton98' on page 33 undefined on input line 96.


LaTeX Warning: Citation `StacksCone' on page 33 undefined on input line 96.


LaTeX Warning: Citation `MS15' on page 33 undefined on input line 97.


LaTeX Warning: Citation `BL07' on page 33 undefined on input line 100.


LaTeX Warning: Reference `thm:canonical' on page 33 undefined on input line 124
.

[33]

LaTeX Warning: Reference `sec:valuative' on page 34 undefined on input line 133
.


LaTeX Warning: Reference `thm:joint' on page 34 undefined on input line 138.


LaTeX Warning: Reference `thm:joint' on page 34 undefined on input line 169.


LaTeX Warning: Reference `eq:probe-reconstruction' on page 34 undefined on inpu
t line 171.


LaTeX Warning: Reference `eq:finite-probes' on page 34 undefined on input line 
175.


LaTeX Warning: Reference `eq:quadratic-probe' on page 34 undefined on input lin
e 182.


LaTeX Warning: Reference `thm:effective' on page 34 undefined on input line 183
.


LaTeX Warning: Reference `sec:separation' on page 34 undefined on input line 19
6.


LaTeX Warning: Reference `sec:valuative' on page 34 undefined on input line 197
.

) (./article/v101/real_residue.tex [34]

LaTeX Warning: Reference `eq:v101-residue' on page 35 undefined on input line 4
3.


LaTeX Warning: Reference `thm:canonical' on page 35 undefined on input line 47.



LaTeX Warning: Reference `eq:v101-residue' on page 35 undefined on input line 6
0.


LaTeX Warning: Reference `eq:v101-signed-fibre' on page 35 undefined on input l
ine 80.


LaTeX Warning: Reference `eq:v101-comparison-schematic' on page 35 undefined on
 input line 81.


LaTeX Warning: Reference `thm:canonical' on page 35 undefined on input line 82.



LaTeX Warning: Citation `A2JSY22' on page 35 undefined on input line 87.


LaTeX Warning: Reference `eq:v101-signed-fibre' on page 35 undefined on input l
ine 91.


LaTeX Warning: Reference `eq:v101-residue' on page 35 undefined on input line 9
3.

[35]

LaTeX Warning: Citation `A2RT26' on page 36 undefined on input line 101.


LaTeX Warning: Reference `eq:v101-residue' on page 36 undefined on input line 1
52.


LaTeX Warning: Reference `eq:v101-filtered-limit' on page 36 undefined on input
 line 166.

[36]

LaTeX Warning: Reference `eq:v101-residue' on page 37 undefined on input line 1
81.


LaTeX Warning: Reference `thm:v101-finite' on page 37 undefined on input line 1
94.

) (./article/v99/joint_separation.tex

LaTeX Warning: Reference `cor:orders' on page 37 undefined on input line 6.


LaTeX Warning: Reference `def:input' on page 37 undefined on input line 48.

[37]

LaTeX Warning: Reference `eq:separation-roots' on page 38 undefined on input li
ne 90.


LaTeX Warning: Reference `eq:separation-joint' on page 38 undefined on input li
ne 92.


LaTeX Warning: Reference `thm:joint' on page 38 undefined on input line 99.

) (./article/v100/valuative_separation.tex

LaTeX Warning: Reference `sec:separation' on page 38 undefined on input line 2.



LaTeX Warning: Reference `sec:model' on page 38 undefined on input line 4.


LaTeX Warning: Reference `thm:reconstruction' on page 38 undefined on input lin
e 8.

[38]

LaTeX Warning: Reference `lem:fullrank' on page 39 undefined on input line 57.


LaTeX Warning: Reference `eq:all-arc-orders' on page 39 undefined on input line
 64.


LaTeX Warning: Reference `eq:all-arc-orders' on page 39 undefined on input line
 78.


LaTeX Warning: Reference `eq:score' on page 39 undefined on input line 84.


LaTeX Warning: Reference `eq:binary-ellipse' on page 39 undefined on input line
 97.


LaTeX Warning: Reference `lem:fullrank' on page 39 undefined on input line 101.


[39]

LaTeX Warning: Reference `eq:binary-ellipse' on page 40 undefined on input line
 127.


LaTeX Warning: Reference `eq:binary-diameters' on page 40 undefined on input li
ne 129.

) (./article/v100/singular_entrances.tex

LaTeX Warning: Reference `sec:remote-general' on page 40 undefined on input lin
e 2.

[40]

LaTeX Warning: Reference `eq:singular-distance' on page 41 undefined on input l
ine 80.


LaTeX Warning: Reference `lem:support-order' on page 41 undefined on input line
 87.


LaTeX Warning: Reference `eq:order-decision' on page 41 undefined on input line
 92.


LaTeX Warning: Reference `prop:decay' on page 41 undefined on input line 98.


LaTeX Warning: Reference `eq:singular-power' on page 41 undefined on input line
 100.


LaTeX Warning: Reference `eq:singular-distance' on page 41 undefined on input l
ine 110.


LaTeX Warning: Reference `eq:entrance-union' on page 41 undefined on input line
 118.


LaTeX Warning: Reference `thm:effective' on page 41 undefined on input line 122
.

[41]

LaTeX Warning: Reference `thm:singular-entrances' on page 42 undefined on input
 line 138.


LaTeX Warning: Reference `thm:remote-general' on page 42 undefined on input lin
e 206.


LaTeX Warning: Reference `thm:critical-window' on page 42 undefined on input li
ne 206.

[42]

LaTeX Warning: Reference `eq:algebraic-corner-tests' on page 43 undefined on in
put line 217.


LaTeX Warning: Reference `eq:algebraic-corner-tests' on page 43 undefined on in
put line 223.


LaTeX Warning: Citation `RW98' on page 43 undefined on input line 231.


LaTeX Warning: Citation `BS98' on page 43 undefined on input line 231.


LaTeX Warning: Citation `BS00' on page 43 undefined on input line 231.


LaTeX Warning: Reference `sec:wall' on page 43 undefined on input line 236.


LaTeX Warning: Reference `sec:geometric-wall' on page 43 undefined on input lin
e 236.

) (./article/v101/divisorial_contact.tex

LaTeX Warning: Reference `thm:singular-entrances' on page 43 undefined on input
 line 20.


LaTeX Warning: Citation `BM88' on page 43 undefined on input line 28.


LaTeX Warning: Citation `BM97' on page 43 undefined on input line 28.

[43]

LaTeX Warning: Reference `eq:v101-monomial-pair' on page 44 undefined on input 
line 85.


LaTeX Warning: Reference `eq:v101-rho' on page 44 undefined on input line 93.


LaTeX Warning: Reference `eq:v101-unit-ratio' on page 44 undefined on input lin
e 95.


LaTeX Warning: Reference `eq:v101-arc-contact' on page 44 undefined on input li
ne 116.

[44]

LaTeX Warning: Reference `eq:v101-level-maximum' on page 45 undefined on input 
line 134.


LaTeX Warning: Reference `eq:v101-unit-constant' on page 45 undefined on input 
line 135.


LaTeX Warning: Reference `eq:v101-arc-contact' on page 45 undefined on input li
ne 143.


LaTeX Warning: Reference `eq:v101-arc-contact' on page 45 undefined on input li
ne 154.


LaTeX Warning: Citation `A2LJT08' on page 45 undefined on input line 156.


LaTeX Warning: Reference `eq:v101-unit-ratio' on page 45 undefined on input lin
e 159.


LaTeX Warning: Reference `eq:v101-unit-constant' on page 45 undefined on input 
line 162.


LaTeX Warning: Reference `thm:entrance-realization' on page 45 undefined on inp
ut line 166.


LaTeX Warning: Reference `prop:corner-criterion' on page 45 undefined on input 
line 192.


LaTeX Warning: Reference `thm:remote-general' on page 45 undefined on input lin
e 198.


LaTeX Warning: Reference `eq:v101-unit-constant' on page 45 undefined on input 
line 201.

) [45] (./article/v99/foundations.tex

LaTeX Warning: Reference `lem:spread' on page 46 undefined on input line 3.


LaTeX Warning: Reference `lem:relative' on page 46 undefined on input line 3.


LaTeX Warning: Citation `Stacks' on page 46 undefined on input line 43.

[46]

LaTeX Warning: Citation `Stacks' on page 47 undefined on input line 84.


LaTeX Warning: Citation `Stacks' on page 47 undefined on input line 98.


LaTeX Warning: Reference `lem:spread' on page 47 undefined on input line 111.


LaTeX Warning: Citation `BM97' on page 47 undefined on input line 120.


LaTeX Warning: Citation `BM08' on page 47 undefined on input line 120.


LaTeX Warning: Citation `BM08' on page 47 undefined on input line 121.


LaTeX Warning: Citation `BM08' on page 47 undefined on input line 122.


LaTeX Warning: Reference `lem:rees' on page 47 undefined on input line 127.

[47]

LaTeX Warning: Citation `Stacks' on page 48 undefined on input line 165.


LaTeX Warning: Reference `lem:rees' on page 48 undefined on input line 170.


LaTeX Warning: Reference `lem:finite-diagram' on page 48 undefined on input lin
e 182.


LaTeX Warning: Reference `lem:spread' on page 48 undefined on input line 183.


LaTeX Warning: Citation `BCR98' on page 48 undefined on input line 212.

[48]

LaTeX Warning: Reference `lem:slack-exact' on page 49 undefined on input line 2
70.


LaTeX Warning: Reference `lem:finite-diagram' on page 49 undefined on input lin
e 273.

[49]

LaTeX Warning: Reference `lem:slack-exact' on page 50 undefined on input line 2
87.


LaTeX Warning: Reference `eq:closure-formula' on page 50 undefined on input lin
e 291.


LaTeX Warning: Reference `cor:orders' on page 50 undefined on input line 306.


LaTeX Warning: Reference `eq:accessibility-flag' on page 50 undefined on input 
line 322.


LaTeX Warning: Reference `eq:accessibility-flag' on page 50 undefined on input 
line 333.


LaTeX Warning: Reference `eq:accessibility-flag' on page 50 undefined on input 
line 348.


LaTeX Warning: Reference `lem:relative' on page 50 undefined on input line 355.



LaTeX Warning: Reference `lem:slack-exact' on page 50 undefined on input line 3
57.


LaTeX Warning: Reference `lem:real-descent' on page 50 undefined on input line 
358.


LaTeX Warning: Reference `lem:rees' on page 50 undefined on input line 362.


LaTeX Warning: Reference `lem:finite-diagram' on page 50 undefined on input lin
e 362.


LaTeX Warning: Reference `lem:real-descent' on page 50 undefined on input line 
365.


LaTeX Warning: Reference `lem:real-accessibility' on page 50 undefined on input
 line 366.

[50]

LaTeX Warning: Reference `app:effective' on page 51 undefined on input line 382
.


LaTeX Warning: Citation `BCR98' on page 51 undefined on input line 427.


LaTeX Warning: Citation `BPR06' on page 51 undefined on input line 427.


LaTeX Warning: Reference `eq:order-decision' on page 51 undefined on input line
 444.

[51]

LaTeX Warning: Reference `prop:decay' on page 52 undefined on input line 456.


LaTeX Warning: Reference `lem:support-order' on page 52 undefined on input line
 457.


LaTeX Warning: Citation `BCR98' on page 52 undefined on input line 480.


LaTeX Warning: Citation `BPR06' on page 52 undefined on input line 480.


LaTeX Warning: Reference `thm:uniform' on page 52 undefined on input line 494.


LaTeX Warning: Reference `eq:matching-formula' on page 52 undefined on input li
ne 495.


LaTeX Warning: Reference `thm:joint' on page 52 undefined on input line 497.


LaTeX Warning: Reference `prop:decay' on page 52 undefined on input line 498.


LaTeX Warning: Reference `lem:nash-graph' on page 52 undefined on input line 49
9.


LaTeX Warning: Reference `thm:effective' on page 52 undefined on input line 506
.


LaTeX Warning: Reference `def:input' on page 52 undefined on input line 508.


LaTeX Warning: Citation `BPR06' on page 52 undefined on input line 512.

[52]

LaTeX Warning: Reference `lem:support-order' on page 53 undefined on input line
 526.


LaTeX Warning: Reference `eq:order-decision' on page 53 undefined on input line
 527.


LaTeX Warning: Reference `lem:nash-graph' on page 53 undefined on input line 53
6.


LaTeX Warning: Reference `eq:closure-formula' on page 53 undefined on input lin
e 541.


LaTeX Warning: Reference `eq:matching-formula' on page 53 undefined on input li
ne 544.


LaTeX Warning: Reference `app:foundations' on page 53 undefined on input line 5
78.

) (./article/v101/format_and_dependencies.tex [53]

LaTeX Warning: Reference `def:v101-format' on page 54 undefined on input line 3
6.


LaTeX Warning: Reference `thm:singular-entrances' on page 54 undefined on input
 line 38.


LaTeX Warning: Citation `BPR06' on page 54 undefined on input line 53.


LaTeX Warning: Reference `thm:singular-entrances' on page 54 undefined on input
 line 73.


LaTeX Warning: Reference `thm:binary-separation' on page 54 undefined on input 
line 83.

[54]

LaTeX Warning: Reference `thm:v101-divisorial' on page 55 undefined on input li
ne 93.


LaTeX Warning: Reference `eq:v101-finite-datum' on page 55 undefined on input l
ine 95.

) (./article/v100/output_and_arithmetic.tex [55]

LaTeX Warning: Reference `app:effective' on page 56 undefined on input line 25.



LaTeX Warning: Reference `eq:exact-second-coefficient' on page 56 undefined on 
input line 65.


LaTeX Warning: Reference `eq:M-quarter' on page 56 undefined on input line 75.


LaTeX Warning: Reference `eq:M-eighth' on page 56 undefined on input line 75.

) (./article/v100/references.tex [56] (./article/v101/additional_references.tex
)) [57] (./rigidity_v101.aux)

LaTeX Warning: There were undefined references.


LaTeX Warning: Label(s) may have changed. Rerun to get cross-references right.


Package rerunfilecheck Warning: File `rigidity_v101.out' has changed.
(rerunfilecheck)                Rerun to get outlines right
(rerunfilecheck)                or use package `bookmark'.

 ) )</usr/share/texlive/texmf-dist/fonts/type1/public/amsfonts/euler/eufm10.pfb
></usr/share/texmf/fonts/type1/public/lm/lmbx10.pfb></usr/share/texmf/fonts/typ
e1/public/lm/lmbx9.pfb></usr/share/texmf/fonts/type1/public/lm/lmcsc10.pfb></us
r/share/texmf/fonts/type1/public/lm/lmex10.pfb></usr/share/texmf/fonts/type1/pu
blic/lm/lmmi10.pfb></usr/share/texmf/fonts/type1/public/lm/lmmi6.pfb></usr/shar
e/texmf/fonts/type1/public/lm/lmmi8.pfb></usr/share/texmf/fonts/type1/public/lm
/lmmi9.pfb></usr/share/texmf/fonts/type1/public/lm/lmr10.pfb></usr/share/texmf/
fonts/type1/public/lm/lmr6.pfb></usr/share/texmf/fonts/type1/public/lm/lmr8.pfb
></usr/share/texmf/fonts/type1/public/lm/lmr9.pfb></usr/share/texmf/fonts/type1
/public/lm/lmri10.pfb></usr/share/texmf/fonts/type1/public/lm/lmri8.pfb></usr/s
hare/texmf/fonts/type1/public/lm/lmri9.pfb></usr/share/texmf/fonts/type1/public
/lm/lmss10.pfb></usr/share/texmf/fonts/type1/public/lm/lmss8.pfb></usr/share/te
xmf/fonts/type1/public/lm/lmsy10.pfb></usr/share/texmf/fonts/type1/public/lm/lm
sy6.pfb></usr/share/texmf/fonts/type1/public/lm/lmsy8.pfb></usr/share/texlive/t
exmf-dist/fonts/type1/public/amsfonts/symbols/msam10.pfb></usr/share/texlive/te
xmf-dist/fonts/type1/public/amsfonts/symbols/msbm10.pfb></usr/share/texlive/tex
mf-dist/fonts/type1/public/rsfs/rsfs10.pfb>
Output written on rigidity_v101.pdf (57 pages, 731145 bytes).
Transcript written on rigidity_v101.log.
Latexmk: Getting log file 'rigidity_v101.log'
Latexmk: Examining 'rigidity_v101.fls'
Latexmk: Examining 'rigidity_v101.log'
Latexmk: References changed.
Latexmk: References changed.
Latexmk: Log file says output to 'rigidity_v101.pdf'
Latexmk: applying rule 'pdflatex'...
Rule 'pdflatex':  Reasons for rerun
Changed files or newly in use/created:
  rigidity_v101.aux
  rigidity_v101.out

------------
Run number 2 of rule 'pdflatex'
------------
------------
Running 'pdflatex  -interaction=nonstopmode -halt-on-error -file-line-error -recorder  "rigidity_v101.tex"'
------------
This is pdfTeX, Version 3.141592653-2.6-1.40.25 (TeX Live 2023/Debian) (preloaded format=pdflatex)
 restricted \write18 enabled.
entering extended mode
(./rigidity_v101.tex
LaTeX2e <2023-11-01> patch level 1
L3 programming layer <2024-01-22>
(./article/v101/paper.tex (./article/v98/preamble.tex
(/usr/share/texlive/texmf-dist/tex/latex/amscls/amsart.cls
Document Class: amsart 2020/05/29 v2.20.6
(/usr/share/texlive/texmf-dist/tex/latex/amsmath/amsmath.sty
For additional information on amsmath, use the `?' option.
(/usr/share/texlive/texmf-dist/tex/latex/amsmath/amstext.sty
(/usr/share/texlive/texmf-dist/tex/latex/amsmath/amsgen.sty))
(/usr/share/texlive/texmf-dist/tex/latex/amsmath/amsbsy.sty)
(/usr/share/texlive/texmf-dist/tex/latex/amsmath/amsopn.sty))
(/usr/share/texlive/texmf-dist/tex/latex/amsfonts/umsa.fd)
(/usr/share/texlive/texmf-dist/tex/latex/amsfonts/amsfonts.sty))
(/usr/share/texlive/texmf-dist/tex/latex/base/fontenc.sty)
(/usr/share/texmf/tex/latex/lm/lmodern.sty)
(/usr/share/texlive/texmf-dist/tex/latex/amsfonts/amssymb.sty)
(/usr/share/texlive/texmf-dist/tex/latex/mathtools/mathtools.sty
(/usr/share/texlive/texmf-dist/tex/latex/graphics/keyval.sty)
(/usr/share/texlive/texmf-dist/tex/latex/tools/calc.sty)
(/usr/share/texlive/texmf-dist/tex/latex/mathtools/mhsetup.sty))
(/usr/share/texlive/texmf-dist/tex/latex/microtype/microtype.sty
(/usr/share/texlive/texmf-dist/tex/latex/etoolbox/etoolbox.sty)
(/usr/share/texlive/texmf-dist/tex/latex/microtype/microtype-pdftex.def)
(/usr/share/texlive/texmf-dist/tex/latex/microtype/microtype.cfg))
(/usr/share/texlive/texmf-dist/tex/latex/jknapltx/mathrsfs.sty)
(/usr/share/texlive/texmf-dist/tex/latex/geometry/geometry.sty
(/usr/share/texlive/texmf-dist/tex/generic/iftex/ifvtex.sty
(/usr/share/texlive/texmf-dist/tex/generic/iftex/iftex.sty)))
(/usr/share/texlive/texmf-dist/tex/latex/booktabs/booktabs.sty)
(/usr/share/texlive/texmf-dist/tex/latex/tools/longtable.sty)
(/usr/share/texlive/texmf-dist/tex/latex/tools/array.sty)
(/usr/share/texlive/texmf-dist/tex/latex/hyperref/hyperref.sty
(/usr/share/texlive/texmf-dist/tex/latex/kvsetkeys/kvsetkeys.sty)
(/usr/share/texlive/texmf-dist/tex/generic/kvdefinekeys/kvdefinekeys.sty)
(/usr/share/texlive/texmf-dist/tex/generic/pdfescape/pdfescape.sty
(/usr/share/texlive/texmf-dist/tex/generic/ltxcmds/ltxcmds.sty)
(/usr/share/texlive/texmf-dist/tex/generic/pdftexcmds/pdftexcmds.sty
(/usr/share/texlive/texmf-dist/tex/generic/infwarerr/infwarerr.sty)))
(/usr/share/texlive/texmf-dist/tex/latex/hycolor/hycolor.sty)
(/usr/share/texlive/texmf-dist/tex/latex/auxhook/auxhook.sty)
(/usr/share/texlive/texmf-dist/tex/latex/hyperref/nameref.sty
(/usr/share/texlive/texmf-dist/tex/latex/refcount/refcount.sty)
(/usr/share/texlive/texmf-dist/tex/generic/gettitlestring/gettitlestring.sty
(/usr/share/texlive/texmf-dist/tex/latex/kvoptions/kvoptions.sty)))
(/usr/share/texlive/texmf-dist/tex/latex/hyperref/pd1enc.def)
(/usr/share/texlive/texmf-dist/tex/generic/intcalc/intcalc.sty)
(/usr/share/texlive/texmf-dist/tex/latex/hyperref/puenc.def)
(/usr/share/texlive/texmf-dist/tex/latex/url/url.sty)
(/usr/share/texlive/texmf-dist/tex/generic/bitset/bitset.sty
(/usr/share/texlive/texmf-dist/tex/generic/bigintcalc/bigintcalc.sty))
(/usr/share/texlive/texmf-dist/tex/latex/base/atbegshi-ltx.sty))
(/usr/share/texlive/texmf-dist/tex/latex/hyperref/hpdftex.def
(/usr/share/texlive/texmf-dist/tex/latex/base/atveryend-ltx.sty)
(/usr/share/texlive/texmf-dist/tex/latex/rerunfilecheck/rerunfilecheck.sty
(/usr/share/texlive/texmf-dist/tex/generic/uniquecounter/uniquecounter.sty))))
(/usr/share/texmf/tex/latex/lm/t1lmr.fd)
(/usr/share/texlive/texmf-dist/tex/latex/l3backend/l3backend-pdftex.def)
(./rigidity_v101.aux) (/usr/share/texmf/tex/latex/lm/ot1lmr.fd)
(/usr/share/texmf/tex/latex/lm/omllmm.fd)
(/usr/share/texmf/tex/latex/lm/omslmsy.fd)
(/usr/share/texmf/tex/latex/lm/omxlmex.fd)
(/usr/share/texlive/texmf-dist/tex/latex/amsfonts/umsa.fd)
(/usr/share/texlive/texmf-dist/tex/latex/amsfonts/umsb.fd)
(/usr/share/texlive/texmf-dist/tex/latex/jknapltx/ursfs.fd)
(/usr/share/texlive/texmf-dist/tex/latex/graphics/graphicx.sty
(/usr/share/texlive/texmf-dist/tex/latex/graphics/graphics.sty
(/usr/share/texlive/texmf-dist/tex/latex/graphics/trig.sty)
(/usr/share/texlive/texmf-dist/tex/latex/graphics-cfg/graphics.cfg)
(/usr/share/texlive/texmf-dist/tex/latex/graphics-def/pdftex.def
(/usr/share/texlive/texmf-dist/tex/context/base/mkii/supp-pdf.mkii
[Loading MPS to PDF converter (version 2006.09.02).]
))) (/usr/share/texlive/texmf-dist/tex/latex/epstopdf-pkg/epstopdf-base.sty
(/usr/share/texlive/texmf-dist/tex/latex/latexconfig/epstopdf-sys.cfg)))
(/usr/share/texlive/texmf-dist/tex/latex/microtype/mt-cmr.cfg)
*geometry* driver: auto-detecting
*geometry* detected driver: pdftex
(./rigidity_v101.out) (./rigidity_v101.out)
(/usr/share/texlive/texmf-dist/tex/latex/microtype/mt-msa.cfg)
(/usr/share/texlive/texmf-dist/tex/latex/microtype/mt-msb.cfg)
(/usr/share/texmf/tex/latex/lm/ot1lmss.fd) [1{/var/lib/texmf/fonts/map/pdftex/u
pdmap/pdftex.map}{/usr/share/texmf/fonts/enc/dvips/lm/lm-ec.enc}{/usr/share/tex
mf/fonts/enc/dvips/lm/lm-mathit.enc}{/usr/share/texmf/fonts/enc/dvips/lm/lm-rm.
enc}{/usr/share/texmf/fonts/enc/dvips/lm/lm-mathex.enc}{/usr/share/texmf/fonts/
enc/dvips/lm/lm-mathsy.enc}] [2] (./article/v98/model.tex
(/usr/share/texlive/texmf-dist/tex/latex/amsfonts/ueuf.fd)
(/usr/share/texlive/texmf-dist/tex/latex/microtype/mt-euf.cfg) [3] [4])
(./article/v98/multiplicity.tex [5] [6] [7]) (./article/v101/finite_metric.tex
[8] [9] [10]) (./article/v99/cubic.tex [11] [12] [13] [14] [15])
(./article/v98/wall.tex [16] [17] [18] [19] [20])
(./article/v99/remote_structure.tex [21] [22] [23])
(./article/v99/geometric_wall.tex [24] [25] [26])
(./article/v99/critical_examples.tex) (./article/v99/real_atlas.tex [27]
[28] [29] [30] [31]) (./article/v100/canonical.tex [32] [33])
(./article/v101/real_residue.tex [34] [35] [36])
(./article/v99/joint_separation.tex [37])
(./article/v100/valuative_separation.tex [38] [39])
(./article/v100/singular_entrances.tex [40] [41] [42])
(./article/v101/divisorial_contact.tex [43] [44]) [45]
(./article/v99/foundations.tex [46] [47] [48] [49] [50] [51] [52])
(./article/v101/format_and_dependencies.tex [53] [54])
(./article/v100/output_and_arithmetic.tex [55]) (./article/v100/references.tex
[56] (./article/v101/additional_references.tex)) [57] (./rigidity_v101.aux) ) )
</usr/share/texlive/texmf-dist/fonts/type1/public/amsfonts/euler/eufm10.pfb></u
sr/share/texmf/fonts/type1/public/lm/lmbx10.pfb></usr/share/texmf/fonts/type1/p
ublic/lm/lmbx9.pfb></usr/share/texmf/fonts/type1/public/lm/lmcsc10.pfb></usr/sh
are/texmf/fonts/type1/public/lm/lmex10.pfb></usr/share/texmf/fonts/type1/public
/lm/lmmi10.pfb></usr/share/texmf/fonts/type1/public/lm/lmmi6.pfb></usr/share/te
xmf/fonts/type1/public/lm/lmmi8.pfb></usr/share/texmf/fonts/type1/public/lm/lmm
i9.pfb></usr/share/texmf/fonts/type1/public/lm/lmr10.pfb></usr/share/texmf/font
s/type1/public/lm/lmr6.pfb></usr/share/texmf/fonts/type1/public/lm/lmr8.pfb></u
sr/share/texmf/fonts/type1/public/lm/lmr9.pfb></usr/share/texmf/fonts/type1/pub
lic/lm/lmri10.pfb></usr/share/texmf/fonts/type1/public/lm/lmri8.pfb></usr/share
/texmf/fonts/type1/public/lm/lmri9.pfb></usr/share/texmf/fonts/type1/public/lm/
lmss10.pfb></usr/share/texmf/fonts/type1/public/lm/lmss8.pfb></usr/share/texmf/
fonts/type1/public/lm/lmsy10.pfb></usr/share/texmf/fonts/type1/public/lm/lmsy6.
pfb></usr/share/texmf/fonts/type1/public/lm/lmsy8.pfb></usr/share/texlive/texmf
-dist/fonts/type1/public/amsfonts/symbols/msam10.pfb></usr/share/texlive/texmf-
dist/fonts/type1/public/amsfonts/symbols/msbm10.pfb></usr/share/texlive/texmf-d
ist/fonts/type1/public/rsfs/rsfs10.pfb>
Output written on rigidity_v101.pdf (57 pages, 746245 bytes).
Transcript written on rigidity_v101.log.
Latexmk: Getting log file 'rigidity_v101.log'
Latexmk: Examining 'rigidity_v101.fls'
Latexmk: Examining 'rigidity_v101.log'
Latexmk: Log file says output to 'rigidity_v101.pdf'
Latexmk: All targets (rigidity_v101.pdf) are up-to-date

Rc files read:
  /etc/LatexMk
Latexmk: This is Latexmk, John Collins, 31 Jan. 2024. Version 4.83.
No existing .aux file, so I'll make a simple one, and require run of *latex.
Force everything to be remade.
Latexmk: applying rule 'pdflatex'...
Rule 'pdflatex':  Reasons for rerun
Category 'other':
  Rerun of 'pdflatex' forced or previously required:
    Reason or flag: 'go_mode'

------------
Run number 1 of rule 'pdflatex'
------------
------------
Running 'pdflatex  -interaction=nonstopmode -halt-on-error -file-line-error -recorder  "rigidity_v100.tex"'
------------
This is pdfTeX, Version 3.141592653-2.6-1.40.25 (TeX Live 2023/Debian) (preloaded format=pdflatex)
 restricted \write18 enabled.
entering extended mode
(./rigidity_v100.tex
LaTeX2e <2023-11-01> patch level 1
L3 programming layer <2024-01-22>
(./article/v100/paper.tex (./article/v98/preamble.tex
(/usr/share/texlive/texmf-dist/tex/latex/amscls/amsart.cls
Document Class: amsart 2020/05/29 v2.20.6
(/usr/share/texlive/texmf-dist/tex/latex/amsmath/amsmath.sty
For additional information on amsmath, use the `?' option.
(/usr/share/texlive/texmf-dist/tex/latex/amsmath/amstext.sty
(/usr/share/texlive/texmf-dist/tex/latex/amsmath/amsgen.sty))
(/usr/share/texlive/texmf-dist/tex/latex/amsmath/amsbsy.sty)
(/usr/share/texlive/texmf-dist/tex/latex/amsmath/amsopn.sty))
(/usr/share/texlive/texmf-dist/tex/latex/amsfonts/umsa.fd)
(/usr/share/texlive/texmf-dist/tex/latex/amsfonts/amsfonts.sty))
(/usr/share/texlive/texmf-dist/tex/latex/base/fontenc.sty)
(/usr/share/texmf/tex/latex/lm/lmodern.sty)
(/usr/share/texlive/texmf-dist/tex/latex/amsfonts/amssymb.sty)
(/usr/share/texlive/texmf-dist/tex/latex/mathtools/mathtools.sty
(/usr/share/texlive/texmf-dist/tex/latex/graphics/keyval.sty)
(/usr/share/texlive/texmf-dist/tex/latex/tools/calc.sty)
(/usr/share/texlive/texmf-dist/tex/latex/mathtools/mhsetup.sty))
(/usr/share/texlive/texmf-dist/tex/latex/microtype/microtype.sty
(/usr/share/texlive/texmf-dist/tex/latex/etoolbox/etoolbox.sty)
(/usr/share/texlive/texmf-dist/tex/latex/microtype/microtype-pdftex.def)
(/usr/share/texlive/texmf-dist/tex/latex/microtype/microtype.cfg))
(/usr/share/texlive/texmf-dist/tex/latex/jknapltx/mathrsfs.sty)
(/usr/share/texlive/texmf-dist/tex/latex/geometry/geometry.sty
(/usr/share/texlive/texmf-dist/tex/generic/iftex/ifvtex.sty
(/usr/share/texlive/texmf-dist/tex/generic/iftex/iftex.sty)))
(/usr/share/texlive/texmf-dist/tex/latex/booktabs/booktabs.sty)
(/usr/share/texlive/texmf-dist/tex/latex/tools/longtable.sty)
(/usr/share/texlive/texmf-dist/tex/latex/tools/array.sty)
(/usr/share/texlive/texmf-dist/tex/latex/hyperref/hyperref.sty
(/usr/share/texlive/texmf-dist/tex/latex/kvsetkeys/kvsetkeys.sty)
(/usr/share/texlive/texmf-dist/tex/generic/kvdefinekeys/kvdefinekeys.sty)
(/usr/share/texlive/texmf-dist/tex/generic/pdfescape/pdfescape.sty
(/usr/share/texlive/texmf-dist/tex/generic/ltxcmds/ltxcmds.sty)
(/usr/share/texlive/texmf-dist/tex/generic/pdftexcmds/pdftexcmds.sty
(/usr/share/texlive/texmf-dist/tex/generic/infwarerr/infwarerr.sty)))
(/usr/share/texlive/texmf-dist/tex/latex/hycolor/hycolor.sty)
(/usr/share/texlive/texmf-dist/tex/latex/auxhook/auxhook.sty)
(/usr/share/texlive/texmf-dist/tex/latex/hyperref/nameref.sty
(/usr/share/texlive/texmf-dist/tex/latex/refcount/refcount.sty)
(/usr/share/texlive/texmf-dist/tex/generic/gettitlestring/gettitlestring.sty
(/usr/share/texlive/texmf-dist/tex/latex/kvoptions/kvoptions.sty)))
(/usr/share/texlive/texmf-dist/tex/latex/hyperref/pd1enc.def)
(/usr/share/texlive/texmf-dist/tex/generic/intcalc/intcalc.sty)
(/usr/share/texlive/texmf-dist/tex/latex/hyperref/puenc.def)
(/usr/share/texlive/texmf-dist/tex/latex/url/url.sty)
(/usr/share/texlive/texmf-dist/tex/generic/bitset/bitset.sty
(/usr/share/texlive/texmf-dist/tex/generic/bigintcalc/bigintcalc.sty))
(/usr/share/texlive/texmf-dist/tex/latex/base/atbegshi-ltx.sty))
(/usr/share/texlive/texmf-dist/tex/latex/hyperref/hpdftex.def
(/usr/share/texlive/texmf-dist/tex/latex/base/atveryend-ltx.sty)
(/usr/share/texlive/texmf-dist/tex/latex/rerunfilecheck/rerunfilecheck.sty
(/usr/share/texlive/texmf-dist/tex/generic/uniquecounter/uniquecounter.sty))))
(/usr/share/texmf/tex/latex/lm/t1lmr.fd)
(/usr/share/texlive/texmf-dist/tex/latex/l3backend/l3backend-pdftex.def)
(./rigidity_v100.aux) (/usr/share/texmf/tex/latex/lm/ot1lmr.fd)
(/usr/share/texmf/tex/latex/lm/omllmm.fd)
(/usr/share/texmf/tex/latex/lm/omslmsy.fd)
(/usr/share/texmf/tex/latex/lm/omxlmex.fd)
(/usr/share/texlive/texmf-dist/tex/latex/amsfonts/umsa.fd)
(/usr/share/texlive/texmf-dist/tex/latex/amsfonts/umsb.fd)
(/usr/share/texlive/texmf-dist/tex/latex/jknapltx/ursfs.fd)
(/usr/share/texlive/texmf-dist/tex/latex/graphics/graphicx.sty
(/usr/share/texlive/texmf-dist/tex/latex/graphics/graphics.sty
(/usr/share/texlive/texmf-dist/tex/latex/graphics/trig.sty)
(/usr/share/texlive/texmf-dist/tex/latex/graphics-cfg/graphics.cfg)
(/usr/share/texlive/texmf-dist/tex/latex/graphics-def/pdftex.def
(/usr/share/texlive/texmf-dist/tex/context/base/mkii/supp-pdf.mkii
[Loading MPS to PDF converter (version 2006.09.02).]
))) (/usr/share/texlive/texmf-dist/tex/latex/epstopdf-pkg/epstopdf-base.sty
(/usr/share/texlive/texmf-dist/tex/latex/latexconfig/epstopdf-sys.cfg)))
(/usr/share/texlive/texmf-dist/tex/latex/microtype/mt-cmr.cfg)
*geometry* driver: auto-detecting
*geometry* detected driver: pdftex
(/usr/share/texlive/texmf-dist/tex/latex/microtype/mt-msa.cfg)
(/usr/share/texlive/texmf-dist/tex/latex/microtype/mt-msb.cfg) [1{/var/lib/texm
f/fonts/map/pdftex/updmap/pdftex.map}{/usr/share/texmf/fonts/enc/dvips/lm/lm-ec
.enc}{/usr/share/texmf/fonts/enc/dvips/lm/lm-mathit.enc}{/usr/share/texmf/fonts
/enc/dvips/lm/lm-rm.enc}{/usr/share/texmf/fonts/enc/dvips/lm/lm-mathsy.enc}{/us
r/share/texmf/fonts/enc/dvips/lm/lm-mathex.enc}]

LaTeX Warning: Reference `thm:canonical' on page 2 undefined on input line 68.


LaTeX Warning: Reference `thm:filtered-naturality' on page 2 undefined on input
 line 80.


LaTeX Warning: Reference `thm:reconstruction' on page 2 undefined on input line
 82.


LaTeX Warning: Reference `thm:binary-separation' on page 2 undefined on input l
ine 90.


LaTeX Warning: Reference `lem:relative' on page 2 undefined on input line 107.


LaTeX Warning: Reference `app:foundations' on page 2 undefined on input line 11
0.


LaTeX Warning: Reference `thm:singular-entrances' on page 2 undefined on input 
line 124.


LaTeX Warning: Reference `thm:entrance-realization' on page 2 undefined on inpu
t line 137.


LaTeX Warning: Reference `prop:corner-criterion' on page 2 undefined on input l
ine 139.


LaTeX Warning: Reference `thm:mult-atlas' on page 2 undefined on input line 146
.

[2]

LaTeX Warning: Reference `thm:cubic-fibre' on page 3 undefined on input line 16
4.


LaTeX Warning: Reference `thm:wall' on page 3 undefined on input line 169.


LaTeX Warning: Reference `thm:geometric-wall' on page 3 undefined on input line
 169.


LaTeX Warning: Citation `BM88' on page 3 undefined on input line 189.


LaTeX Warning: Citation `BM97' on page 3 undefined on input line 189.


LaTeX Warning: Citation `BM08' on page 3 undefined on input line 189.


LaTeX Warning: Citation `BE09' on page 3 undefined on input line 189.


LaTeX Warning: Citation `BPR06' on page 3 undefined on input line 189.


LaTeX Warning: Citation `BCR98' on page 3 undefined on input line 189.


LaTeX Warning: Citation `ENV03' on page 3 undefined on input line 189.


LaTeX Warning: Citation `Ha26' on page 3 undefined on input line 189.


LaTeX Warning: Citation `Hardt80' on page 3 undefined on input line 189.


LaTeX Warning: Citation `Fulton98' on page 3 undefined on input line 192.


LaTeX Warning: Citation `StacksCone' on page 3 undefined on input line 192.


LaTeX Warning: Citation `MS15' on page 3 undefined on input line 192.


LaTeX Warning: Reference `thm:canonical' on page 3 undefined on input line 193.



LaTeX Warning: Citation `BL07' on page 3 undefined on input line 194.


LaTeX Warning: Citation `RW98' on page 3 undefined on input line 197.


LaTeX Warning: Citation `BS98' on page 3 undefined on input line 197.


LaTeX Warning: Citation `BS00' on page 3 undefined on input line 197.


LaTeX Warning: Citation `Chen95' on page 3 undefined on input line 200.


LaTeX Warning: Reference `thm:effective' on page 3 undefined on input line 207.



LaTeX Warning: Reference `thm:singular-entrances' on page 3 undefined on input 
line 208.


LaTeX Warning: Reference `app:effective' on page 3 undefined on input line 209.



LaTeX Warning: Reference `app:output-separation' on page 3 undefined on input l
ine 212.

(./article/v98/model.tex (/usr/share/texmf/tex/latex/lm/ot1lmss.fd) [3]
(/usr/share/texlive/texmf-dist/tex/latex/amsfonts/ueuf.fd)
(/usr/share/texlive/texmf-dist/tex/latex/microtype/mt-euf.cfg) [4]

LaTeX Warning: Reference `lem:normalizer' on page 5 undefined on input line 88.


) (./article/v99/real_atlas.tex [5]

LaTeX Warning: Reference `app:foundations' on page 6 undefined on input line 60
.


LaTeX Warning: Reference `lem:finite-diagram' on page 6 undefined on input line
 87.


LaTeX Warning: Reference `lem:rees' on page 6 undefined on input line 89.


LaTeX Warning: Reference `app:foundations' on page 6 undefined on input line 92
.


LaTeX Warning: Reference `app:effective' on page 6 undefined on input line 98.


LaTeX Warning: Reference `def:monomial' on page 6 undefined on input line 106.


LaTeX Warning: Reference `def:input' on page 6 undefined on input line 110.


LaTeX Warning: Reference `lem:slack-exact' on page 6 undefined on input line 11
3.


LaTeX Warning: Reference `lem:spread' on page 6 undefined on input line 117.


LaTeX Warning: Reference `app:foundations' on page 6 undefined on input line 11
8.


LaTeX Warning: Reference `lem:real-descent' on page 6 undefined on input line 1
20.


LaTeX Warning: Reference `lem:real-accessibility' on page 6 undefined on input 
line 123.


LaTeX Warning: Reference `app:foundations' on page 6 undefined on input line 12
6.

[6]

LaTeX Warning: Reference `lem:relative' on page 7 undefined on input line 138.


LaTeX Warning: Reference `lem:real-accessibility' on page 7 undefined on input 
line 139.


LaTeX Warning: Reference `lem:real-accessibility' on page 7 undefined on input 
line 155.


LaTeX Warning: Citation `BE09' on page 7 undefined on input line 168.

[7]

LaTeX Warning: Reference `cor:orders' on page 8 undefined on input line 214.


LaTeX Warning: Reference `eq:joint-diameter' on page 8 undefined on input line 
236.


LaTeX Warning: Reference `lem:support-order' on page 8 undefined on input line 
252.


LaTeX Warning: Reference `app:effective' on page 8 undefined on input line 256.



LaTeX Warning: Reference `thm:joint' on page 8 undefined on input line 291.


LaTeX Warning: Reference `prop:decay' on page 8 undefined on input line 292.


LaTeX Warning: Reference `lem:nash-graph' on page 8 undefined on input line 297
.

[8]

LaTeX Warning: Reference `lem:relative' on page 9 undefined on input line 327.


LaTeX Warning: Reference `cor:orders' on page 9 undefined on input line 328.


LaTeX Warning: Reference `thm:joint' on page 9 undefined on input line 328.


LaTeX Warning: Reference `thm:uniform' on page 9 undefined on input line 329.


LaTeX Warning: Reference `app:effective' on page 9 undefined on input line 332.



LaTeX Warning: Reference `app:effective' on page 9 undefined on input line 346.



LaTeX Warning: Reference `eq:order-decision' on page 9 undefined on input line 
349.


LaTeX Warning: Reference `eq:closure-formula' on page 9 undefined on input line
 352.


LaTeX Warning: Reference `eq:matching-formula' on page 9 undefined on input lin
e 353.

) (./article/v100/canonical.tex

LaTeX Warning: Reference `sec:joint' on page 9 undefined on input line 2.

[9]

LaTeX Warning: Reference `eq:canonical-identification' on page 10 undefined on 
input line 50.


LaTeX Warning: Reference `eq:weighted' on page 10 undefined on input line 51.


LaTeX Warning: Reference `cor:orders' on page 10 undefined on input line 65.

[10]

LaTeX Warning: Citation `Fulton98' on page 11 undefined on input line 96.


LaTeX Warning: Citation `StacksCone' on page 11 undefined on input line 96.


LaTeX Warning: Citation `MS15' on page 11 undefined on input line 97.


LaTeX Warning: Citation `BL07' on page 11 undefined on input line 100.


LaTeX Warning: Reference `thm:canonical' on page 11 undefined on input line 124
.


LaTeX Warning: Reference `sec:valuative' on page 11 undefined on input line 133
.


LaTeX Warning: Reference `thm:joint' on page 11 undefined on input line 138.


LaTeX Warning: Reference `thm:joint' on page 11 undefined on input line 169.


LaTeX Warning: Reference `eq:probe-reconstruction' on page 11 undefined on inpu
t line 171.


LaTeX Warning: Reference `eq:finite-probes' on page 11 undefined on input line 
175.

[11]

LaTeX Warning: Reference `eq:quadratic-probe' on page 12 undefined on input lin
e 182.


LaTeX Warning: Reference `thm:effective' on page 12 undefined on input line 183
.


LaTeX Warning: Reference `sec:separation' on page 12 undefined on input line 19
6.


LaTeX Warning: Reference `sec:valuative' on page 12 undefined on input line 197
.

) (./article/v99/joint_separation.tex

LaTeX Warning: Reference `cor:orders' on page 12 undefined on input line 6.


LaTeX Warning: Reference `def:input' on page 12 undefined on input line 48.

[12]

LaTeX Warning: Reference `eq:separation-roots' on page 13 undefined on input li
ne 90.


LaTeX Warning: Reference `eq:separation-joint' on page 13 undefined on input li
ne 92.


LaTeX Warning: Reference `thm:joint' on page 13 undefined on input line 99.

) (./article/v100/valuative_separation.tex

LaTeX Warning: Reference `sec:separation' on page 13 undefined on input line 2.



LaTeX Warning: Reference `sec:model' on page 13 undefined on input line 4.


LaTeX Warning: Reference `thm:reconstruction' on page 13 undefined on input lin
e 8.

[13]

LaTeX Warning: Reference `lem:fullrank' on page 14 undefined on input line 57.


LaTeX Warning: Reference `eq:all-arc-orders' on page 14 undefined on input line
 64.


LaTeX Warning: Reference `eq:all-arc-orders' on page 14 undefined on input line
 78.


LaTeX Warning: Reference `eq:score' on page 14 undefined on input line 84.


LaTeX Warning: Reference `eq:binary-ellipse' on page 14 undefined on input line
 97.


LaTeX Warning: Reference `lem:fullrank' on page 14 undefined on input line 101.


[14]

LaTeX Warning: Reference `eq:binary-ellipse' on page 15 undefined on input line
 127.


LaTeX Warning: Reference `eq:binary-diameters' on page 15 undefined on input li
ne 129.

) (./article/v98/multiplicity.tex

LaTeX Warning: Reference `eq:model' on page 15 undefined on input line 3.


LaTeX Warning: Reference `eq:score' on page 15 undefined on input line 20.

[15]

LaTeX Warning: Reference `eq:mult-jet' on page 16 undefined on input line 97.

[16]

LaTeX Warning: Reference `lem:fullrank' on page 17 undefined on input line 127.



LaTeX Warning: Reference `eq:mult-jet' on page 17 undefined on input line 129.


LaTeX Warning: Reference `eq:explicit-orders' on page 17 undefined on input lin
e 149.


LaTeX Warning: Reference `eq:explicit-orders' on page 17 undefined on input lin
e 161.


LaTeX Warning: Reference `eq:mult-jet' on page 17 undefined on input line 165.


LaTeX Warning: Reference `eq:mult-leading' on page 17 undefined on input line 1
78.


LaTeX Warning: Reference `eq:mult-leading' on page 17 undefined on input line 1
82.


LaTeX Warning: Reference `eq:mult-expand' on page 17 undefined on input line 18
9.


LaTeX Warning: Reference `lem:ordered' on page 17 undefined on input line 196.


LaTeX Warning: Reference `eq:mult-C' on page 17 undefined on input line 201.

[17]

LaTeX Warning: Reference `eq:linear-leading' on page 18 undefined on input line
 209.


LaTeX Warning: Reference `eq:linear-leading' on page 18 undefined on input line
 224.


LaTeX Warning: Reference `eq:matching-formula' on page 18 undefined on input li
ne 227.


LaTeX Warning: Reference `thm:atlas' on page 18 undefined on input line 230.


LaTeX Warning: Reference `sec:real' on page 18 undefined on input line 259.


LaTeX Warning: Reference `sec:wall' on page 18 undefined on input line 261.

) (./article/v99/cubic.tex [18]

LaTeX Warning: Reference `lem:normalizer' on page 19 undefined on input line 35
.


LaTeX Warning: Reference `lem:fullrank' on page 19 undefined on input line 36.

[19]

LaTeX Warning: Reference `eq:affine-constants' on page 20 undefined on input li
ne 140.


LaTeX Warning: Reference `eq:pencil-radius' on page 20 undefined on input line 
142.

[20]

LaTeX Warning: Reference `eq:depressed-absorption' on page 21 undefined on inpu
t line 207.


LaTeX Warning: Reference `lem:pencil-isolation' on page 21 undefined on input l
ine 237.


LaTeX Warning: Reference `prop:affine' on page 21 undefined on input line 243.


LaTeX Warning: Reference `eq:affine-approx' on page 21 undefined on input line 
247.


LaTeX Warning: Reference `eq:local-inverse' on page 21 undefined on input line 
261.


LaTeX Warning: Reference `eq:separation' on page 21 undefined on input line 266
.


LaTeX Warning: Reference `thm:cubic-fibre' on page 21 undefined on input line 2
69.

[21]

LaTeX Warning: Reference `eq:mult-Q' on page 22 undefined on input line 283.


LaTeX Warning: Reference `lem:local-cubic' on page 22 undefined on input line 3
15.


LaTeX Warning: Reference `eq:cubic-jets' on page 22 undefined on input line 316
.


LaTeX Warning: Reference `eq:I' on page 22 undefined on input line 349.

[22]

LaTeX Warning: Reference `lem:ordered' on page 23 undefined on input line 375.


LaTeX Warning: Reference `eq:cubic-C' on page 23 undefined on input line 378.


LaTeX Warning: Reference `prop:cubic-Q' on page 23 undefined on input line 379.



LaTeX Warning: Reference `lem:local-cubic' on page 23 undefined on input line 3
80.


LaTeX Warning: Reference `eq:cubic-C' on page 23 undefined on input line 426.

) (./article/v98/wall.tex [23]

LaTeX Warning: Reference `eq:score' on page 24 undefined on input line 63.


LaTeX Warning: Reference `eq:remote-jets' on page 24 undefined on input line 80
.

[24]

LaTeX Warning: Reference `eq:remote-second-order' on page 25 undefined on input
 line 130.


LaTeX Warning: Reference `lem:normalizer' on page 25 undefined on input line 15
2.

[25]

LaTeX Warning: Reference `prop:remote-cone' on page 26 undefined on input line 
177.


LaTeX Warning: Reference `eq:mu' on page 26 undefined on input line 181.


LaTeX Warning: Reference `prop:cubic-Q' on page 26 undefined on input line 201.



LaTeX Warning: Reference `prop:remote-cone' on page 26 undefined on input line 
219.


LaTeX Warning: Reference `lem:mu-positive' on page 26 undefined on input line 2
21.


LaTeX Warning: Reference `eq:remote-second-order' on page 26 undefined on input
 line 227.


LaTeX Warning: Reference `eq:wall-centre' on page 26 undefined on input line 24
1.

[26]

LaTeX Warning: Reference `thm:cubic-fibre' on page 27 undefined on input line 2
74.


LaTeX Warning: Reference `eq:drem' on page 27 undefined on input line 277.


LaTeX Warning: Reference `lem:remote-control' on page 27 undefined on input lin
e 279.


LaTeX Warning: Reference `eq:entrance-law' on page 27 undefined on input line 2
88.


LaTeX Warning: Reference `eq:mu' on page 27 undefined on input line 289.


LaTeX Warning: Reference `eq:remote-f-identity' on page 27 undefined on input l
ine 291.


LaTeX Warning: Reference `eq:remote-h-identity' on page 27 undefined on input l
ine 291.


LaTeX Warning: Reference `prop:cubic-Q' on page 27 undefined on input line 297.



LaTeX Warning: Reference `thm:cubic-local' on page 27 undefined on input line 2
97.


LaTeX Warning: Reference `eq:cubic-C' on page 27 undefined on input line 303.


LaTeX Warning: Reference `eq:below-wall' on page 27 undefined on input line 304
.


LaTeX Warning: Reference `eq:above-wall' on page 27 undefined on input line 312
.


LaTeX Warning: Reference `eq:entrance-law' on page 27 undefined on input line 3
14.


LaTeX Warning: Reference `eq:nonident-opening' on page 27 undefined on input li
ne 330.


LaTeX Warning: Reference `eq:drem' on page 27 undefined on input line 337.

[27]

LaTeX Warning: Reference `sec:cubic' on page 28 undefined on input line 364.


LaTeX Warning: Reference `thm:mult-atlas' on page 28 undefined on input line 38
6.


LaTeX Warning: Reference `eq:I' on page 28 undefined on input line 387.


LaTeX Warning: Reference `ex:crossover' on page 28 undefined on input line 390.


) (./article/v99/remote_structure.tex [28]

LaTeX Warning: Reference `eq:finite-exact-fibre' on page 29 undefined on input 
line 48.


LaTeX Warning: Reference `eq:general-corner-jet' on page 29 undefined on input 
line 48.


LaTeX Warning: Reference `eq:finite-exact-fibre' on page 29 undefined on input 
line 73.


LaTeX Warning: Reference `eq:general-entrance' on page 29 undefined on input li
ne 82.


LaTeX Warning: Reference `eq:entrance-staircase' on page 29 undefined on input 
line 97.

[29]

LaTeX Warning: Reference `thm:remote-general' on page 30 undefined on input lin
e 108.


LaTeX Warning: Reference `eq:critical-expansion' on page 30 undefined on input 
line 154.


LaTeX Warning: Reference `eq:critical-coefficient' on page 30 undefined on inpu
t line 156.


LaTeX Warning: Reference `eq:critical-expansion' on page 30 undefined on input 
line 161.


LaTeX Warning: Reference `sec:wall' on page 30 undefined on input line 165.


LaTeX Warning: Reference `eq:critical-coefficient' on page 30 undefined on inpu
t line 171.


LaTeX Warning: Reference `prop:remote-cone' on page 30 undefined on input line 
172.


LaTeX Warning: Reference `thm:cubic-fibre' on page 30 undefined on input line 1
76.


LaTeX Warning: Reference `prop:remote-cone' on page 30 undefined on input line 
178.

[30]

LaTeX Warning: Reference `lem:mu-positive' on page 31 undefined on input line 1
86.


LaTeX Warning: Reference `eq:mu' on page 31 undefined on input line 188.


LaTeX Warning: Reference `eq:critical-coefficient' on page 31 undefined on inpu
t line 189.


LaTeX Warning: Reference `thm:remote-general' on page 31 undefined on input lin
e 192.


LaTeX Warning: Reference `thm:critical-window' on page 31 undefined on input li
ne 192.


LaTeX Warning: Reference `eq:critical-coefficient' on page 31 undefined on inpu
t line 210.


LaTeX Warning: Reference `sec:geometric-wall' on page 31 undefined on input lin
e 228.

) (./article/v100/singular_entrances.tex

LaTeX Warning: Reference `sec:remote-general' on page 31 undefined on input lin
e 2.

[31]

LaTeX Warning: Reference `eq:singular-distance' on page 32 undefined on input l
ine 80.


LaTeX Warning: Reference `lem:support-order' on page 32 undefined on input line
 87.


LaTeX Warning: Reference `eq:order-decision' on page 32 undefined on input line
 92.


LaTeX Warning: Reference `prop:decay' on page 32 undefined on input line 98.


LaTeX Warning: Reference `eq:singular-power' on page 32 undefined on input line
 100.


LaTeX Warning: Reference `eq:singular-distance' on page 32 undefined on input l
ine 110.

[32]

LaTeX Warning: Reference `eq:entrance-union' on page 33 undefined on input line
 118.


LaTeX Warning: Reference `thm:effective' on page 33 undefined on input line 122
.


LaTeX Warning: Reference `thm:singular-entrances' on page 33 undefined on input
 line 138.

[33]

LaTeX Warning: Reference `thm:remote-general' on page 34 undefined on input lin
e 206.


LaTeX Warning: Reference `thm:critical-window' on page 34 undefined on input li
ne 206.


LaTeX Warning: Reference `eq:algebraic-corner-tests' on page 34 undefined on in
put line 217.


LaTeX Warning: Reference `eq:algebraic-corner-tests' on page 34 undefined on in
put line 223.


LaTeX Warning: Citation `RW98' on page 34 undefined on input line 231.


LaTeX Warning: Citation `BS98' on page 34 undefined on input line 231.


LaTeX Warning: Citation `BS00' on page 34 undefined on input line 231.


LaTeX Warning: Reference `sec:wall' on page 34 undefined on input line 236.


LaTeX Warning: Reference `sec:geometric-wall' on page 34 undefined on input lin
e 236.

) (./article/v99/geometric_wall.tex

LaTeX Warning: Reference `thm:cubic-fibre' on page 34 undefined on input line 3
1.

[34]

LaTeX Warning: Reference `lem:normalizer' on page 35 undefined on input line 79
.

[35]

LaTeX Warning: Reference `eq:mu-B' on page 36 undefined on input line 123.


LaTeX Warning: Reference `prop:cubic-Q' on page 36 undefined on input line 132.



LaTeX Warning: Reference `eq:geometric-centre' on page 36 undefined on input li
ne 139.


LaTeX Warning: Reference `eq:geometric-weight-margin' on page 36 undefined on i
nput line 139.


LaTeX Warning: Reference `thm:critical-window' on page 36 undefined on input li
ne 145.


LaTeX Warning: Reference `eq:geometric-chart' on page 36 undefined on input lin
e 146.


LaTeX Warning: Reference `thm:remote-general' on page 36 undefined on input lin
e 178.


LaTeX Warning: Reference `thm:critical-window' on page 36 undefined on input li
ne 179.


LaTeX Warning: Reference `eq:mu-B' on page 36 undefined on input line 182.


LaTeX Warning: Reference `eq:geometric-entrance' on page 36 undefined on input 
line 182.


LaTeX Warning: Reference `sec:cubic' on page 36 undefined on input line 190.


LaTeX Warning: Reference `eq:B-below' on page 36 undefined on input line 192.


LaTeX Warning: Reference `eq:B-above' on page 36 undefined on input line 199.

[36]

LaTeX Warning: Reference `eq:B-pencil-opening' on page 37 undefined on input li
ne 210.


LaTeX Warning: Reference `thm:cubic-fibre' on page 37 undefined on input line 2
19.


LaTeX Warning: Reference `eq:B-exact-diameter' on page 37 undefined on input li
ne 220.

) (./article/v99/critical_examples.tex

LaTeX Warning: Reference `ex:wall-exact' on page 37 undefined on input line 33.


[37]) (./article/v99/foundations.tex

LaTeX Warning: Reference `lem:spread' on page 38 undefined on input line 3.


LaTeX Warning: Reference `lem:relative' on page 38 undefined on input line 3.


LaTeX Warning: Citation `Stacks' on page 38 undefined on input line 43.

[38]

LaTeX Warning: Citation `Stacks' on page 39 undefined on input line 84.


LaTeX Warning: Citation `Stacks' on page 39 undefined on input line 98.


LaTeX Warning: Reference `lem:spread' on page 39 undefined on input line 111.


LaTeX Warning: Citation `BM97' on page 39 undefined on input line 120.


LaTeX Warning: Citation `BM08' on page 39 undefined on input line 120.


LaTeX Warning: Citation `BM08' on page 39 undefined on input line 121.


LaTeX Warning: Citation `BM08' on page 39 undefined on input line 122.


LaTeX Warning: Reference `lem:rees' on page 39 undefined on input line 127.

[39]

LaTeX Warning: Citation `Stacks' on page 40 undefined on input line 165.


LaTeX Warning: Reference `lem:rees' on page 40 undefined on input line 170.


LaTeX Warning: Reference `lem:finite-diagram' on page 40 undefined on input lin
e 182.


LaTeX Warning: Reference `lem:spread' on page 40 undefined on input line 183.

[40]

LaTeX Warning: Citation `BCR98' on page 41 undefined on input line 212.

[41]

LaTeX Warning: Reference `lem:slack-exact' on page 42 undefined on input line 2
70.


LaTeX Warning: Reference `lem:finite-diagram' on page 42 undefined on input lin
e 273.


LaTeX Warning: Reference `lem:slack-exact' on page 42 undefined on input line 2
87.


LaTeX Warning: Reference `eq:closure-formula' on page 42 undefined on input lin
e 291.


LaTeX Warning: Reference `cor:orders' on page 42 undefined on input line 306.


LaTeX Warning: Reference `eq:accessibility-flag' on page 42 undefined on input 
line 322.


LaTeX Warning: Reference `eq:accessibility-flag' on page 42 undefined on input 
line 333.

[42]

LaTeX Warning: Reference `eq:accessibility-flag' on page 43 undefined on input 
line 348.


LaTeX Warning: Reference `lem:relative' on page 43 undefined on input line 355.



LaTeX Warning: Reference `lem:slack-exact' on page 43 undefined on input line 3
57.


LaTeX Warning: Reference `lem:real-descent' on page 43 undefined on input line 
358.


LaTeX Warning: Reference `lem:rees' on page 43 undefined on input line 362.


LaTeX Warning: Reference `lem:finite-diagram' on page 43 undefined on input lin
e 362.


LaTeX Warning: Reference `lem:real-descent' on page 43 undefined on input line 
365.


LaTeX Warning: Reference `lem:real-accessibility' on page 43 undefined on input
 line 366.


LaTeX Warning: Reference `app:effective' on page 43 undefined on input line 382
.


LaTeX Warning: Citation `BCR98' on page 43 undefined on input line 427.


LaTeX Warning: Citation `BPR06' on page 43 undefined on input line 427.

[43]

LaTeX Warning: Reference `eq:order-decision' on page 44 undefined on input line
 444.


LaTeX Warning: Reference `prop:decay' on page 44 undefined on input line 456.


LaTeX Warning: Reference `lem:support-order' on page 44 undefined on input line
 457.


LaTeX Warning: Citation `BCR98' on page 44 undefined on input line 480.


LaTeX Warning: Citation `BPR06' on page 44 undefined on input line 480.


LaTeX Warning: Reference `thm:uniform' on page 44 undefined on input line 494.


LaTeX Warning: Reference `eq:matching-formula' on page 44 undefined on input li
ne 495.


LaTeX Warning: Reference `thm:joint' on page 44 undefined on input line 497.


LaTeX Warning: Reference `prop:decay' on page 44 undefined on input line 498.


LaTeX Warning: Reference `lem:nash-graph' on page 44 undefined on input line 49
9.

[44]

LaTeX Warning: Reference `thm:effective' on page 45 undefined on input line 506
.


LaTeX Warning: Reference `def:input' on page 45 undefined on input line 508.


LaTeX Warning: Citation `BPR06' on page 45 undefined on input line 512.


LaTeX Warning: Reference `lem:support-order' on page 45 undefined on input line
 526.


LaTeX Warning: Reference `eq:order-decision' on page 45 undefined on input line
 527.


LaTeX Warning: Reference `lem:nash-graph' on page 45 undefined on input line 53
6.


LaTeX Warning: Reference `eq:closure-formula' on page 45 undefined on input lin
e 541.


LaTeX Warning: Reference `eq:matching-formula' on page 45 undefined on input li
ne 544.

[45]

LaTeX Warning: Reference `app:foundations' on page 46 undefined on input line 5
78.

) (./article/v100/output_and_arithmetic.tex

LaTeX Warning: Reference `app:effective' on page 46 undefined on input line 25.



LaTeX Warning: Reference `eq:exact-second-coefficient' on page 46 undefined on 
input line 65.

[46]

LaTeX Warning: Reference `eq:M-quarter' on page 47 undefined on input line 75.


LaTeX Warning: Reference `eq:M-eighth' on page 47 undefined on input line 75.

) (./article/v100/references.tex) [47] (./rigidity_v100.aux)

LaTeX Warning: There were undefined references.


LaTeX Warning: Label(s) may have changed. Rerun to get cross-references right.


Package rerunfilecheck Warning: File `rigidity_v100.out' has changed.
(rerunfilecheck)                Rerun to get outlines right
(rerunfilecheck)                or use package `bookmark'.

 ) )</usr/share/texlive/texmf-dist/fonts/type1/public/amsfonts/euler/eufm10.pfb
></usr/share/texmf/fonts/type1/public/lm/lmbx10.pfb></usr/share/texmf/fonts/typ
e1/public/lm/lmbx9.pfb></usr/share/texmf/fonts/type1/public/lm/lmcsc10.pfb></us
r/share/texmf/fonts/type1/public/lm/lmex10.pfb></usr/share/texmf/fonts/type1/pu
blic/lm/lmmi10.pfb></usr/share/texmf/fonts/type1/public/lm/lmmi6.pfb></usr/shar
e/texmf/fonts/type1/public/lm/lmmi8.pfb></usr/share/texmf/fonts/type1/public/lm
/lmr10.pfb></usr/share/texmf/fonts/type1/public/lm/lmr6.pfb></usr/share/texmf/f
onts/type1/public/lm/lmr8.pfb></usr/share/texmf/fonts/type1/public/lm/lmr9.pfb>
</usr/share/texmf/fonts/type1/public/lm/lmri10.pfb></usr/share/texmf/fonts/type
1/public/lm/lmri8.pfb></usr/share/texmf/fonts/type1/public/lm/lmri9.pfb></usr/s
hare/texmf/fonts/type1/public/lm/lmss10.pfb></usr/share/texmf/fonts/type1/publi
c/lm/lmss8.pfb></usr/share/texmf/fonts/type1/public/lm/lmsy10.pfb></usr/share/t
exmf/fonts/type1/public/lm/lmsy6.pfb></usr/share/texmf/fonts/type1/public/lm/lm
sy8.pfb></usr/share/texlive/texmf-dist/fonts/type1/public/amsfonts/symbols/msam
10.pfb></usr/share/texlive/texmf-dist/fonts/type1/public/amsfonts/symbols/msbm1
0.pfb></usr/share/texlive/texmf-dist/fonts/type1/public/rsfs/rsfs10.pfb>
Output written on rigidity_v100.pdf (47 pages, 667177 bytes).
Transcript written on rigidity_v100.log.
Latexmk: Getting log file 'rigidity_v100.log'
Latexmk: Examining 'rigidity_v100.fls'
Latexmk: Examining 'rigidity_v100.log'
Latexmk: References changed.
Latexmk: References changed.
Latexmk: Log file says output to 'rigidity_v100.pdf'
Latexmk: applying rule 'pdflatex'...
Rule 'pdflatex':  Reasons for rerun
Changed files or newly in use/created:
  rigidity_v100.aux
  rigidity_v100.out

------------
Run number 2 of rule 'pdflatex'
------------
------------
Running 'pdflatex  -interaction=nonstopmode -halt-on-error -file-line-error -recorder  "rigidity_v100.tex"'
------------
This is pdfTeX, Version 3.141592653-2.6-1.40.25 (TeX Live 2023/Debian) (preloaded format=pdflatex)
 restricted \write18 enabled.
entering extended mode
(./rigidity_v100.tex
LaTeX2e <2023-11-01> patch level 1
L3 programming layer <2024-01-22>
(./article/v100/paper.tex (./article/v98/preamble.tex
(/usr/share/texlive/texmf-dist/tex/latex/amscls/amsart.cls
Document Class: amsart 2020/05/29 v2.20.6
(/usr/share/texlive/texmf-dist/tex/latex/amsmath/amsmath.sty
For additional information on amsmath, use the `?' option.
(/usr/share/texlive/texmf-dist/tex/latex/amsmath/amstext.sty
(/usr/share/texlive/texmf-dist/tex/latex/amsmath/amsgen.sty))
(/usr/share/texlive/texmf-dist/tex/latex/amsmath/amsbsy.sty)
(/usr/share/texlive/texmf-dist/tex/latex/amsmath/amsopn.sty))
(/usr/share/texlive/texmf-dist/tex/latex/amsfonts/umsa.fd)
(/usr/share/texlive/texmf-dist/tex/latex/amsfonts/amsfonts.sty))
(/usr/share/texlive/texmf-dist/tex/latex/base/fontenc.sty)
(/usr/share/texmf/tex/latex/lm/lmodern.sty)
(/usr/share/texlive/texmf-dist/tex/latex/amsfonts/amssymb.sty)
(/usr/share/texlive/texmf-dist/tex/latex/mathtools/mathtools.sty
(/usr/share/texlive/texmf-dist/tex/latex/graphics/keyval.sty)
(/usr/share/texlive/texmf-dist/tex/latex/tools/calc.sty)
(/usr/share/texlive/texmf-dist/tex/latex/mathtools/mhsetup.sty))
(/usr/share/texlive/texmf-dist/tex/latex/microtype/microtype.sty
(/usr/share/texlive/texmf-dist/tex/latex/etoolbox/etoolbox.sty)
(/usr/share/texlive/texmf-dist/tex/latex/microtype/microtype-pdftex.def)
(/usr/share/texlive/texmf-dist/tex/latex/microtype/microtype.cfg))
(/usr/share/texlive/texmf-dist/tex/latex/jknapltx/mathrsfs.sty)
(/usr/share/texlive/texmf-dist/tex/latex/geometry/geometry.sty
(/usr/share/texlive/texmf-dist/tex/generic/iftex/ifvtex.sty
(/usr/share/texlive/texmf-dist/tex/generic/iftex/iftex.sty)))
(/usr/share/texlive/texmf-dist/tex/latex/booktabs/booktabs.sty)
(/usr/share/texlive/texmf-dist/tex/latex/tools/longtable.sty)
(/usr/share/texlive/texmf-dist/tex/latex/tools/array.sty)
(/usr/share/texlive/texmf-dist/tex/latex/hyperref/hyperref.sty
(/usr/share/texlive/texmf-dist/tex/latex/kvsetkeys/kvsetkeys.sty)
(/usr/share/texlive/texmf-dist/tex/generic/kvdefinekeys/kvdefinekeys.sty)
(/usr/share/texlive/texmf-dist/tex/generic/pdfescape/pdfescape.sty
(/usr/share/texlive/texmf-dist/tex/generic/ltxcmds/ltxcmds.sty)
(/usr/share/texlive/texmf-dist/tex/generic/pdftexcmds/pdftexcmds.sty
(/usr/share/texlive/texmf-dist/tex/generic/infwarerr/infwarerr.sty)))
(/usr/share/texlive/texmf-dist/tex/latex/hycolor/hycolor.sty)
(/usr/share/texlive/texmf-dist/tex/latex/auxhook/auxhook.sty)
(/usr/share/texlive/texmf-dist/tex/latex/hyperref/nameref.sty
(/usr/share/texlive/texmf-dist/tex/latex/refcount/refcount.sty)
(/usr/share/texlive/texmf-dist/tex/generic/gettitlestring/gettitlestring.sty
(/usr/share/texlive/texmf-dist/tex/latex/kvoptions/kvoptions.sty)))
(/usr/share/texlive/texmf-dist/tex/latex/hyperref/pd1enc.def)
(/usr/share/texlive/texmf-dist/tex/generic/intcalc/intcalc.sty)
(/usr/share/texlive/texmf-dist/tex/latex/hyperref/puenc.def)
(/usr/share/texlive/texmf-dist/tex/latex/url/url.sty)
(/usr/share/texlive/texmf-dist/tex/generic/bitset/bitset.sty
(/usr/share/texlive/texmf-dist/tex/generic/bigintcalc/bigintcalc.sty))
(/usr/share/texlive/texmf-dist/tex/latex/base/atbegshi-ltx.sty))
(/usr/share/texlive/texmf-dist/tex/latex/hyperref/hpdftex.def
(/usr/share/texlive/texmf-dist/tex/latex/base/atveryend-ltx.sty)
(/usr/share/texlive/texmf-dist/tex/latex/rerunfilecheck/rerunfilecheck.sty
(/usr/share/texlive/texmf-dist/tex/generic/uniquecounter/uniquecounter.sty))))
(/usr/share/texmf/tex/latex/lm/t1lmr.fd)
(/usr/share/texlive/texmf-dist/tex/latex/l3backend/l3backend-pdftex.def)
(./rigidity_v100.aux) (/usr/share/texmf/tex/latex/lm/ot1lmr.fd)
(/usr/share/texmf/tex/latex/lm/omllmm.fd)
(/usr/share/texmf/tex/latex/lm/omslmsy.fd)
(/usr/share/texmf/tex/latex/lm/omxlmex.fd)
(/usr/share/texlive/texmf-dist/tex/latex/amsfonts/umsa.fd)
(/usr/share/texlive/texmf-dist/tex/latex/amsfonts/umsb.fd)
(/usr/share/texlive/texmf-dist/tex/latex/jknapltx/ursfs.fd)
(/usr/share/texlive/texmf-dist/tex/latex/graphics/graphicx.sty
(/usr/share/texlive/texmf-dist/tex/latex/graphics/graphics.sty
(/usr/share/texlive/texmf-dist/tex/latex/graphics/trig.sty)
(/usr/share/texlive/texmf-dist/tex/latex/graphics-cfg/graphics.cfg)
(/usr/share/texlive/texmf-dist/tex/latex/graphics-def/pdftex.def
(/usr/share/texlive/texmf-dist/tex/context/base/mkii/supp-pdf.mkii
[Loading MPS to PDF converter (version 2006.09.02).]
))) (/usr/share/texlive/texmf-dist/tex/latex/epstopdf-pkg/epstopdf-base.sty
(/usr/share/texlive/texmf-dist/tex/latex/latexconfig/epstopdf-sys.cfg)))
(/usr/share/texlive/texmf-dist/tex/latex/microtype/mt-cmr.cfg)
*geometry* driver: auto-detecting
*geometry* detected driver: pdftex
(./rigidity_v100.out) (./rigidity_v100.out)
(/usr/share/texlive/texmf-dist/tex/latex/microtype/mt-msa.cfg)
(/usr/share/texlive/texmf-dist/tex/latex/microtype/mt-msb.cfg) [1{/var/lib/texm
f/fonts/map/pdftex/updmap/pdftex.map}{/usr/share/texmf/fonts/enc/dvips/lm/lm-ec
.enc}{/usr/share/texmf/fonts/enc/dvips/lm/lm-mathit.enc}{/usr/share/texmf/fonts
/enc/dvips/lm/lm-rm.enc}{/usr/share/texmf/fonts/enc/dvips/lm/lm-mathsy.enc}{/us
r/share/texmf/fonts/enc/dvips/lm/lm-mathex.enc}] [2] (./article/v98/model.tex
(/usr/share/texmf/tex/latex/lm/ot1lmss.fd) [3]
(/usr/share/texlive/texmf-dist/tex/latex/amsfonts/ueuf.fd)
(/usr/share/texlive/texmf-dist/tex/latex/microtype/mt-euf.cfg) [4])
(./article/v99/real_atlas.tex [5] [6] [7] [8]) (./article/v100/canonical.tex
[9] [10] [11]) (./article/v99/joint_separation.tex [12])
(./article/v100/valuative_separation.tex [13] [14])
(./article/v98/multiplicity.tex [15] [16] [17]) (./article/v99/cubic.tex
[18] [19] [20] [21] [22]) (./article/v98/wall.tex [23] [24] [25] [26] [27])
(./article/v99/remote_structure.tex [28] [29] [30])
(./article/v100/singular_entrances.tex [31] [32] [33])
(./article/v99/geometric_wall.tex [34] [35] [36])
(./article/v99/critical_examples.tex [37]) (./article/v99/foundations.tex
[38] [39] [40] [41] [42] [43] [44] [45])
(./article/v100/output_and_arithmetic.tex [46]) (./article/v100/references.tex)
[47] (./rigidity_v100.aux) ) )</usr/share/texlive/texmf-dist/fonts/type1/public
/amsfonts/euler/eufm10.pfb></usr/share/texmf/fonts/type1/public/lm/lmbx10.pfb><
/usr/share/texmf/fonts/type1/public/lm/lmbx9.pfb></usr/share/texmf/fonts/type1/
public/lm/lmcsc10.pfb></usr/share/texmf/fonts/type1/public/lm/lmex10.pfb></usr/
share/texmf/fonts/type1/public/lm/lmmi10.pfb></usr/share/texmf/fonts/type1/publ
ic/lm/lmmi6.pfb></usr/share/texmf/fonts/type1/public/lm/lmmi8.pfb></usr/share/t
exmf/fonts/type1/public/lm/lmr10.pfb></usr/share/texmf/fonts/type1/public/lm/lm
r6.pfb></usr/share/texmf/fonts/type1/public/lm/lmr8.pfb></usr/share/texmf/fonts
/type1/public/lm/lmr9.pfb></usr/share/texmf/fonts/type1/public/lm/lmri10.pfb></
usr/share/texmf/fonts/type1/public/lm/lmri8.pfb></usr/share/texmf/fonts/type1/p
ublic/lm/lmri9.pfb></usr/share/texmf/fonts/type1/public/lm/lmss10.pfb></usr/sha
re/texmf/fonts/type1/public/lm/lmss8.pfb></usr/share/texmf/fonts/type1/public/l
m/lmsy10.pfb></usr/share/texmf/fonts/type1/public/lm/lmsy6.pfb></usr/share/texm
f/fonts/type1/public/lm/lmsy8.pfb></usr/share/texlive/texmf-dist/fonts/type1/pu
blic/amsfonts/symbols/msam10.pfb></usr/share/texlive/texmf-dist/fonts/type1/pub
lic/amsfonts/symbols/msbm10.pfb></usr/share/texlive/texmf-dist/fonts/type1/publ
ic/rsfs/rsfs10.pfb>
Output written on rigidity_v100.pdf (47 pages, 679161 bytes).
Transcript written on rigidity_v100.log.
Latexmk: Getting log file 'rigidity_v100.log'
Latexmk: Examining 'rigidity_v100.fls'
Latexmk: Examining 'rigidity_v100.log'
Latexmk: Log file says output to 'rigidity_v100.pdf'
Latexmk: All targets (rigidity_v100.pdf) are up-to-date

Rc files read:
  /etc/LatexMk
Latexmk: This is Latexmk, John Collins, 31 Jan. 2024. Version 4.83.
No existing .aux file, so I'll make a simple one, and require run of *latex.
Force everything to be remade.
Latexmk: applying rule 'pdflatex'...
Rule 'pdflatex':  Reasons for rerun
Category 'other':
  Rerun of 'pdflatex' forced or previously required:
    Reason or flag: 'go_mode'

------------
Run number 1 of rule 'pdflatex'
------------
------------
Running 'pdflatex  -interaction=nonstopmode -halt-on-error -file-line-error -recorder  "rigidity_v99.tex"'
------------
This is pdfTeX, Version 3.141592653-2.6-1.40.25 (TeX Live 2023/Debian) (preloaded format=pdflatex)
 restricted \write18 enabled.
entering extended mode
(./rigidity_v99.tex
LaTeX2e <2023-11-01> patch level 1
L3 programming layer <2024-01-22>
(./article/v99/paper.tex (./article/v98/preamble.tex
(/usr/share/texlive/texmf-dist/tex/latex/amscls/amsart.cls
Document Class: amsart 2020/05/29 v2.20.6
(/usr/share/texlive/texmf-dist/tex/latex/amsmath/amsmath.sty
For additional information on amsmath, use the `?' option.
(/usr/share/texlive/texmf-dist/tex/latex/amsmath/amstext.sty
(/usr/share/texlive/texmf-dist/tex/latex/amsmath/amsgen.sty))
(/usr/share/texlive/texmf-dist/tex/latex/amsmath/amsbsy.sty)
(/usr/share/texlive/texmf-dist/tex/latex/amsmath/amsopn.sty))
(/usr/share/texlive/texmf-dist/tex/latex/amsfonts/umsa.fd)
(/usr/share/texlive/texmf-dist/tex/latex/amsfonts/amsfonts.sty))
(/usr/share/texlive/texmf-dist/tex/latex/base/fontenc.sty)
(/usr/share/texmf/tex/latex/lm/lmodern.sty)
(/usr/share/texlive/texmf-dist/tex/latex/amsfonts/amssymb.sty)
(/usr/share/texlive/texmf-dist/tex/latex/mathtools/mathtools.sty
(/usr/share/texlive/texmf-dist/tex/latex/graphics/keyval.sty)
(/usr/share/texlive/texmf-dist/tex/latex/tools/calc.sty)
(/usr/share/texlive/texmf-dist/tex/latex/mathtools/mhsetup.sty))
(/usr/share/texlive/texmf-dist/tex/latex/microtype/microtype.sty
(/usr/share/texlive/texmf-dist/tex/latex/etoolbox/etoolbox.sty)
(/usr/share/texlive/texmf-dist/tex/latex/microtype/microtype-pdftex.def)
(/usr/share/texlive/texmf-dist/tex/latex/microtype/microtype.cfg))
(/usr/share/texlive/texmf-dist/tex/latex/jknapltx/mathrsfs.sty)
(/usr/share/texlive/texmf-dist/tex/latex/geometry/geometry.sty
(/usr/share/texlive/texmf-dist/tex/generic/iftex/ifvtex.sty
(/usr/share/texlive/texmf-dist/tex/generic/iftex/iftex.sty)))
(/usr/share/texlive/texmf-dist/tex/latex/booktabs/booktabs.sty)
(/usr/share/texlive/texmf-dist/tex/latex/tools/longtable.sty)
(/usr/share/texlive/texmf-dist/tex/latex/tools/array.sty)
(/usr/share/texlive/texmf-dist/tex/latex/hyperref/hyperref.sty
(/usr/share/texlive/texmf-dist/tex/latex/kvsetkeys/kvsetkeys.sty)
(/usr/share/texlive/texmf-dist/tex/generic/kvdefinekeys/kvdefinekeys.sty)
(/usr/share/texlive/texmf-dist/tex/generic/pdfescape/pdfescape.sty
(/usr/share/texlive/texmf-dist/tex/generic/ltxcmds/ltxcmds.sty)
(/usr/share/texlive/texmf-dist/tex/generic/pdftexcmds/pdftexcmds.sty
(/usr/share/texlive/texmf-dist/tex/generic/infwarerr/infwarerr.sty)))
(/usr/share/texlive/texmf-dist/tex/latex/hycolor/hycolor.sty)
(/usr/share/texlive/texmf-dist/tex/latex/auxhook/auxhook.sty)
(/usr/share/texlive/texmf-dist/tex/latex/hyperref/nameref.sty
(/usr/share/texlive/texmf-dist/tex/latex/refcount/refcount.sty)
(/usr/share/texlive/texmf-dist/tex/generic/gettitlestring/gettitlestring.sty
(/usr/share/texlive/texmf-dist/tex/latex/kvoptions/kvoptions.sty)))
(/usr/share/texlive/texmf-dist/tex/latex/hyperref/pd1enc.def)
(/usr/share/texlive/texmf-dist/tex/generic/intcalc/intcalc.sty)
(/usr/share/texlive/texmf-dist/tex/latex/hyperref/puenc.def)
(/usr/share/texlive/texmf-dist/tex/latex/url/url.sty)
(/usr/share/texlive/texmf-dist/tex/generic/bitset/bitset.sty
(/usr/share/texlive/texmf-dist/tex/generic/bigintcalc/bigintcalc.sty))
(/usr/share/texlive/texmf-dist/tex/latex/base/atbegshi-ltx.sty))
(/usr/share/texlive/texmf-dist/tex/latex/hyperref/hpdftex.def
(/usr/share/texlive/texmf-dist/tex/latex/base/atveryend-ltx.sty)
(/usr/share/texlive/texmf-dist/tex/latex/rerunfilecheck/rerunfilecheck.sty
(/usr/share/texlive/texmf-dist/tex/generic/uniquecounter/uniquecounter.sty))))
(/usr/share/texmf/tex/latex/lm/t1lmr.fd)
(/usr/share/texlive/texmf-dist/tex/latex/l3backend/l3backend-pdftex.def)
(./rigidity_v99.aux) (/usr/share/texmf/tex/latex/lm/ot1lmr.fd)
(/usr/share/texmf/tex/latex/lm/omllmm.fd)
(/usr/share/texmf/tex/latex/lm/omslmsy.fd)
(/usr/share/texmf/tex/latex/lm/omxlmex.fd)
(/usr/share/texlive/texmf-dist/tex/latex/amsfonts/umsa.fd)
(/usr/share/texlive/texmf-dist/tex/latex/amsfonts/umsb.fd)
(/usr/share/texlive/texmf-dist/tex/latex/jknapltx/ursfs.fd)
(/usr/share/texlive/texmf-dist/tex/latex/graphics/graphicx.sty
(/usr/share/texlive/texmf-dist/tex/latex/graphics/graphics.sty
(/usr/share/texlive/texmf-dist/tex/latex/graphics/trig.sty)
(/usr/share/texlive/texmf-dist/tex/latex/graphics-cfg/graphics.cfg)
(/usr/share/texlive/texmf-dist/tex/latex/graphics-def/pdftex.def
(/usr/share/texlive/texmf-dist/tex/context/base/mkii/supp-pdf.mkii
[Loading MPS to PDF converter (version 2006.09.02).]
))) (/usr/share/texlive/texmf-dist/tex/latex/epstopdf-pkg/epstopdf-base.sty
(/usr/share/texlive/texmf-dist/tex/latex/latexconfig/epstopdf-sys.cfg)))
(/usr/share/texlive/texmf-dist/tex/latex/microtype/mt-cmr.cfg)
*geometry* driver: auto-detecting
*geometry* detected driver: pdftex
(/usr/share/texlive/texmf-dist/tex/latex/microtype/mt-msa.cfg)
(/usr/share/texlive/texmf-dist/tex/latex/microtype/mt-msb.cfg)

LaTeX Warning: Reference `thm:joint' on page 1 undefined on input line 66.

[1{/var/lib/texmf/fonts/map/pdftex/updmap/pdftex.map}{/usr/share/texmf/fonts/en
c/dvips/lm/lm-ec.enc}{/usr/share/texmf/fonts/enc/dvips/lm/lm-mathit.enc}{/usr/s
hare/texmf/fonts/enc/dvips/lm/lm-rm.enc}{/usr/share/texmf/fonts/enc/dvips/lm/lm
-mathsy.enc}{/usr/share/texmf/fonts/enc/dvips/lm/lm-mathex.enc}]

LaTeX Warning: Reference `thm:scalar-separation' on page 2 undefined on input l
ine 75.


LaTeX Warning: Reference `lem:relative' on page 2 undefined on input line 90.


LaTeX Warning: Reference `app:foundations' on page 2 undefined on input line 10
1.


LaTeX Warning: Reference `thm:effective' on page 2 undefined on input line 114.



LaTeX Warning: Reference `app:effective' on page 2 undefined on input line 118.



LaTeX Warning: Reference `sec:model' on page 2 undefined on input line 121.


LaTeX Warning: Reference `thm:mult-atlas' on page 2 undefined on input line 125
.

[2]

LaTeX Warning: Reference `thm:cubic-fibre' on page 3 undefined on input line 14
4.


LaTeX Warning: Reference `thm:remote-general' on page 3 undefined on input line
 156.


LaTeX Warning: Reference `thm:critical-window' on page 3 undefined on input lin
e 169.


LaTeX Warning: Reference `thm:wall' on page 3 undefined on input line 175.


LaTeX Warning: Reference `cor:cubic-critical' on page 3 undefined on input line
 176.


LaTeX Warning: Reference `thm:geometric-wall' on page 3 undefined on input line
 180.


LaTeX Warning: Citation `BM88' on page 3 undefined on input line 193.


LaTeX Warning: Citation `BM97' on page 3 undefined on input line 193.


LaTeX Warning: Citation `BM08' on page 3 undefined on input line 193.


LaTeX Warning: Citation `BE09' on page 3 undefined on input line 193.


LaTeX Warning: Citation `BPR06' on page 3 undefined on input line 193.


LaTeX Warning: Citation `BCR98' on page 3 undefined on input line 193.


LaTeX Warning: Citation `Hardt80' on page 3 undefined on input line 193.


LaTeX Warning: Citation `ENV03' on page 3 undefined on input line 194.


LaTeX Warning: Citation `Ha26' on page 3 undefined on input line 197.


LaTeX Warning: Reference `sec:real' on page 3 undefined on input line 206.


LaTeX Warning: Reference `sec:separation' on page 3 undefined on input line 206
.


LaTeX Warning: Reference `sec:model' on page 3 undefined on input line 207.


LaTeX Warning: Reference `sec:multiplicity' on page 3 undefined on input line 2
08.


LaTeX Warning: Reference `sec:wall' on page 3 undefined on input line 208.


LaTeX Warning: Reference `sec:remote-general' on page 3 undefined on input line
 209.


LaTeX Warning: Reference `sec:geometric-wall' on page 3 undefined on input line
 210.

[3] (./article/v98/model.tex (/usr/share/texmf/tex/latex/lm/ot1lmss.fd)
(/usr/share/texlive/texmf-dist/tex/latex/amsfonts/ueuf.fd)
(/usr/share/texlive/texmf-dist/tex/latex/microtype/mt-euf.cfg) [4]

LaTeX Warning: Reference `lem:normalizer' on page 5 undefined on input line 88.


) (./article/v99/real_atlas.tex [5]

LaTeX Warning: Reference `app:foundations' on page 6 undefined on input line 60
.


LaTeX Warning: Reference `lem:finite-diagram' on page 6 undefined on input line
 87.


LaTeX Warning: Reference `lem:rees' on page 6 undefined on input line 89.


LaTeX Warning: Reference `app:foundations' on page 6 undefined on input line 92
.


LaTeX Warning: Reference `app:effective' on page 6 undefined on input line 98.


LaTeX Warning: Reference `def:monomial' on page 6 undefined on input line 106.


LaTeX Warning: Reference `def:input' on page 6 undefined on input line 110.


LaTeX Warning: Reference `lem:slack-exact' on page 6 undefined on input line 11
3.


LaTeX Warning: Reference `lem:spread' on page 6 undefined on input line 117.


LaTeX Warning: Reference `app:foundations' on page 6 undefined on input line 11
8.


LaTeX Warning: Reference `lem:real-descent' on page 6 undefined on input line 1
20.


LaTeX Warning: Reference `lem:real-accessibility' on page 6 undefined on input 
line 123.


LaTeX Warning: Reference `app:foundations' on page 6 undefined on input line 12
6.

[6]

LaTeX Warning: Reference `lem:relative' on page 7 undefined on input line 138.


LaTeX Warning: Reference `lem:real-accessibility' on page 7 undefined on input 
line 139.


LaTeX Warning: Reference `lem:real-accessibility' on page 7 undefined on input 
line 155.


LaTeX Warning: Citation `BE09' on page 7 undefined on input line 168.

[7]

LaTeX Warning: Reference `cor:orders' on page 8 undefined on input line 214.


LaTeX Warning: Reference `eq:joint-diameter' on page 8 undefined on input line 
236.


LaTeX Warning: Reference `lem:support-order' on page 8 undefined on input line 
252.


LaTeX Warning: Reference `app:effective' on page 8 undefined on input line 256.


[8]

LaTeX Warning: Reference `thm:joint' on page 9 undefined on input line 291.


LaTeX Warning: Reference `prop:decay' on page 9 undefined on input line 292.


LaTeX Warning: Reference `lem:nash-graph' on page 9 undefined on input line 297
.


LaTeX Warning: Reference `lem:relative' on page 9 undefined on input line 327.


LaTeX Warning: Reference `cor:orders' on page 9 undefined on input line 328.


LaTeX Warning: Reference `thm:joint' on page 9 undefined on input line 328.


LaTeX Warning: Reference `thm:uniform' on page 9 undefined on input line 329.


LaTeX Warning: Reference `app:effective' on page 9 undefined on input line 332.



LaTeX Warning: Reference `app:effective' on page 9 undefined on input line 346.



LaTeX Warning: Reference `eq:order-decision' on page 9 undefined on input line 
349.


LaTeX Warning: Reference `eq:closure-formula' on page 9 undefined on input line
 352.


LaTeX Warning: Reference `eq:matching-formula' on page 9 undefined on input lin
e 353.

[9]) (./article/v99/joint_separation.tex

LaTeX Warning: Reference `cor:orders' on page 10 undefined on input line 6.


LaTeX Warning: Reference `def:input' on page 10 undefined on input line 48.

[10]

LaTeX Warning: Reference `eq:separation-roots' on page 11 undefined on input li
ne 90.


LaTeX Warning: Reference `eq:separation-joint' on page 11 undefined on input li
ne 92.


LaTeX Warning: Reference `thm:joint' on page 11 undefined on input line 99.

) (./article/v98/multiplicity.tex

LaTeX Warning: Reference `eq:model' on page 11 undefined on input line 3.


LaTeX Warning: Reference `eq:score' on page 11 undefined on input line 20.

[11]

LaTeX Warning: Reference `eq:mult-jet' on page 12 undefined on input line 97.

[12]

LaTeX Warning: Reference `lem:fullrank' on page 13 undefined on input line 127.



LaTeX Warning: Reference `eq:mult-jet' on page 13 undefined on input line 129.


LaTeX Warning: Reference `eq:explicit-orders' on page 13 undefined on input lin
e 149.


LaTeX Warning: Reference `eq:explicit-orders' on page 13 undefined on input lin
e 161.


LaTeX Warning: Reference `eq:mult-jet' on page 13 undefined on input line 165.


LaTeX Warning: Reference `eq:mult-leading' on page 13 undefined on input line 1
78.


LaTeX Warning: Reference `eq:mult-leading' on page 13 undefined on input line 1
82.


LaTeX Warning: Reference `eq:mult-expand' on page 13 undefined on input line 18
9.

[13]

LaTeX Warning: Reference `lem:ordered' on page 14 undefined on input line 196.


LaTeX Warning: Reference `eq:mult-C' on page 14 undefined on input line 201.


LaTeX Warning: Reference `eq:linear-leading' on page 14 undefined on input line
 209.


LaTeX Warning: Reference `eq:linear-leading' on page 14 undefined on input line
 224.


LaTeX Warning: Reference `eq:matching-formula' on page 14 undefined on input li
ne 227.


LaTeX Warning: Reference `thm:atlas' on page 14 undefined on input line 230.


LaTeX Warning: Reference `sec:real' on page 14 undefined on input line 259.


LaTeX Warning: Reference `sec:wall' on page 14 undefined on input line 261.

[14]) (./article/v99/cubic.tex

LaTeX Warning: Reference `lem:normalizer' on page 15 undefined on input line 35
.


LaTeX Warning: Reference `lem:fullrank' on page 15 undefined on input line 36.

[15]

LaTeX Warning: Reference `eq:affine-constants' on page 16 undefined on input li
ne 140.


LaTeX Warning: Reference `eq:pencil-radius' on page 16 undefined on input line 
142.

[16]

LaTeX Warning: Reference `eq:depressed-absorption' on page 17 undefined on inpu
t line 207.


LaTeX Warning: Reference `lem:pencil-isolation' on page 17 undefined on input l
ine 237.


LaTeX Warning: Reference `prop:affine' on page 17 undefined on input line 243.


LaTeX Warning: Reference `eq:affine-approx' on page 17 undefined on input line 
247.


LaTeX Warning: Reference `eq:local-inverse' on page 17 undefined on input line 
261.

[17]

LaTeX Warning: Reference `eq:separation' on page 18 undefined on input line 266
.


LaTeX Warning: Reference `thm:cubic-fibre' on page 18 undefined on input line 2
69.


LaTeX Warning: Reference `eq:mult-Q' on page 18 undefined on input line 283.


LaTeX Warning: Reference `lem:local-cubic' on page 18 undefined on input line 3
15.


LaTeX Warning: Reference `eq:cubic-jets' on page 18 undefined on input line 316
.


LaTeX Warning: Reference `eq:I' on page 18 undefined on input line 349.

[18]

LaTeX Warning: Reference `lem:ordered' on page 19 undefined on input line 375.


LaTeX Warning: Reference `eq:cubic-C' on page 19 undefined on input line 378.


LaTeX Warning: Reference `prop:cubic-Q' on page 19 undefined on input line 379.



LaTeX Warning: Reference `lem:local-cubic' on page 19 undefined on input line 3
80.


LaTeX Warning: Reference `eq:cubic-C' on page 19 undefined on input line 426.

) (./article/v98/wall.tex [19]

LaTeX Warning: Reference `eq:score' on page 20 undefined on input line 63.


LaTeX Warning: Reference `eq:remote-jets' on page 20 undefined on input line 80
.

[20]

LaTeX Warning: Reference `eq:remote-second-order' on page 21 undefined on input
 line 130.


LaTeX Warning: Reference `lem:normalizer' on page 21 undefined on input line 15
2.

[21]

LaTeX Warning: Reference `prop:remote-cone' on page 22 undefined on input line 
177.


LaTeX Warning: Reference `eq:mu' on page 22 undefined on input line 181.


LaTeX Warning: Reference `prop:cubic-Q' on page 22 undefined on input line 201.



LaTeX Warning: Reference `prop:remote-cone' on page 22 undefined on input line 
219.


LaTeX Warning: Reference `lem:mu-positive' on page 22 undefined on input line 2
21.


LaTeX Warning: Reference `eq:remote-second-order' on page 22 undefined on input
 line 227.


LaTeX Warning: Reference `eq:wall-centre' on page 22 undefined on input line 24
1.

[22]

LaTeX Warning: Reference `thm:cubic-fibre' on page 23 undefined on input line 2
74.


LaTeX Warning: Reference `eq:drem' on page 23 undefined on input line 277.


LaTeX Warning: Reference `lem:remote-control' on page 23 undefined on input lin
e 279.


LaTeX Warning: Reference `eq:entrance-law' on page 23 undefined on input line 2
88.


LaTeX Warning: Reference `eq:mu' on page 23 undefined on input line 289.


LaTeX Warning: Reference `eq:remote-f-identity' on page 23 undefined on input l
ine 291.


LaTeX Warning: Reference `eq:remote-h-identity' on page 23 undefined on input l
ine 291.


LaTeX Warning: Reference `prop:cubic-Q' on page 23 undefined on input line 297.



LaTeX Warning: Reference `thm:cubic-local' on page 23 undefined on input line 2
97.


LaTeX Warning: Reference `eq:cubic-C' on page 23 undefined on input line 303.


LaTeX Warning: Reference `eq:below-wall' on page 23 undefined on input line 304
.


LaTeX Warning: Reference `eq:above-wall' on page 23 undefined on input line 312
.


LaTeX Warning: Reference `eq:entrance-law' on page 23 undefined on input line 3
14.


LaTeX Warning: Reference `eq:nonident-opening' on page 23 undefined on input li
ne 330.

[23]

LaTeX Warning: Reference `eq:drem' on page 24 undefined on input line 337.


LaTeX Warning: Reference `sec:cubic' on page 24 undefined on input line 364.


LaTeX Warning: Reference `thm:mult-atlas' on page 24 undefined on input line 38
6.


LaTeX Warning: Reference `eq:I' on page 24 undefined on input line 387.


LaTeX Warning: Reference `ex:crossover' on page 24 undefined on input line 390.


) (./article/v99/remote_structure.tex [24]

LaTeX Warning: Reference `eq:finite-exact-fibre' on page 25 undefined on input 
line 48.


LaTeX Warning: Reference `eq:general-corner-jet' on page 25 undefined on input 
line 48.


LaTeX Warning: Reference `eq:finite-exact-fibre' on page 25 undefined on input 
line 73.


LaTeX Warning: Reference `eq:general-entrance' on page 25 undefined on input li
ne 82.


LaTeX Warning: Reference `eq:entrance-staircase' on page 25 undefined on input 
line 97.

[25]

LaTeX Warning: Reference `thm:remote-general' on page 26 undefined on input lin
e 108.


LaTeX Warning: Reference `eq:critical-expansion' on page 26 undefined on input 
line 154.


LaTeX Warning: Reference `eq:critical-coefficient' on page 26 undefined on inpu
t line 156.


LaTeX Warning: Reference `eq:critical-expansion' on page 26 undefined on input 
line 161.


LaTeX Warning: Reference `sec:wall' on page 26 undefined on input line 165.


LaTeX Warning: Reference `eq:critical-coefficient' on page 26 undefined on inpu
t line 171.


LaTeX Warning: Reference `prop:remote-cone' on page 26 undefined on input line 
172.

[26]

LaTeX Warning: Reference `thm:cubic-fibre' on page 27 undefined on input line 1
76.


LaTeX Warning: Reference `prop:remote-cone' on page 27 undefined on input line 
178.


LaTeX Warning: Reference `lem:mu-positive' on page 27 undefined on input line 1
86.


LaTeX Warning: Reference `eq:mu' on page 27 undefined on input line 188.


LaTeX Warning: Reference `eq:critical-coefficient' on page 27 undefined on inpu
t line 189.


LaTeX Warning: Reference `thm:remote-general' on page 27 undefined on input lin
e 192.


LaTeX Warning: Reference `thm:critical-window' on page 27 undefined on input li
ne 192.


LaTeX Warning: Reference `eq:critical-coefficient' on page 27 undefined on inpu
t line 210.


LaTeX Warning: Reference `sec:geometric-wall' on page 27 undefined on input lin
e 228.

) (./article/v99/geometric_wall.tex [27]

LaTeX Warning: Reference `thm:cubic-fibre' on page 28 undefined on input line 3
1.


LaTeX Warning: Reference `lem:normalizer' on page 28 undefined on input line 79
.

[28]

LaTeX Warning: Reference `eq:mu-B' on page 29 undefined on input line 123.


LaTeX Warning: Reference `prop:cubic-Q' on page 29 undefined on input line 132.



LaTeX Warning: Reference `eq:geometric-centre' on page 29 undefined on input li
ne 139.


LaTeX Warning: Reference `eq:geometric-weight-margin' on page 29 undefined on i
nput line 139.


LaTeX Warning: Reference `thm:critical-window' on page 29 undefined on input li
ne 145.


LaTeX Warning: Reference `eq:geometric-chart' on page 29 undefined on input lin
e 146.


LaTeX Warning: Reference `thm:remote-general' on page 29 undefined on input lin
e 178.


LaTeX Warning: Reference `thm:critical-window' on page 29 undefined on input li
ne 179.


LaTeX Warning: Reference `eq:mu-B' on page 29 undefined on input line 182.


LaTeX Warning: Reference `eq:geometric-entrance' on page 29 undefined on input 
line 182.


LaTeX Warning: Reference `sec:cubic' on page 29 undefined on input line 190.


LaTeX Warning: Reference `eq:B-below' on page 29 undefined on input line 192.


LaTeX Warning: Reference `eq:B-above' on page 29 undefined on input line 199.

[29]

LaTeX Warning: Reference `eq:B-pencil-opening' on page 30 undefined on input li
ne 210.


LaTeX Warning: Reference `thm:cubic-fibre' on page 30 undefined on input line 2
19.


LaTeX Warning: Reference `eq:B-exact-diameter' on page 30 undefined on input li
ne 220.

) (./article/v99/critical_examples.tex

LaTeX Warning: Reference `ex:wall-exact' on page 30 undefined on input line 33.


[30]) (./article/v99/foundations.tex

LaTeX Warning: Reference `lem:spread' on page 31 undefined on input line 3.


LaTeX Warning: Reference `lem:relative' on page 31 undefined on input line 3.


LaTeX Warning: Citation `Stacks' on page 31 undefined on input line 43.

[31]

LaTeX Warning: Citation `Stacks' on page 32 undefined on input line 84.


LaTeX Warning: Citation `Stacks' on page 32 undefined on input line 98.


LaTeX Warning: Reference `lem:spread' on page 32 undefined on input line 111.


LaTeX Warning: Citation `BM97' on page 32 undefined on input line 120.


LaTeX Warning: Citation `BM08' on page 32 undefined on input line 120.


LaTeX Warning: Citation `BM08' on page 32 undefined on input line 121.


LaTeX Warning: Citation `BM08' on page 32 undefined on input line 122.


LaTeX Warning: Reference `lem:rees' on page 32 undefined on input line 127.

[32]

LaTeX Warning: Citation `Stacks' on page 33 undefined on input line 165.


LaTeX Warning: Reference `lem:rees' on page 33 undefined on input line 170.


LaTeX Warning: Reference `lem:finite-diagram' on page 33 undefined on input lin
e 182.


LaTeX Warning: Reference `lem:spread' on page 33 undefined on input line 183.

[33]

LaTeX Warning: Citation `BCR98' on page 34 undefined on input line 212.

[34]

LaTeX Warning: Reference `lem:slack-exact' on page 35 undefined on input line 2
70.


LaTeX Warning: Reference `lem:finite-diagram' on page 35 undefined on input lin
e 273.


LaTeX Warning: Reference `lem:slack-exact' on page 35 undefined on input line 2
87.


LaTeX Warning: Reference `eq:closure-formula' on page 35 undefined on input lin
e 291.


LaTeX Warning: Reference `cor:orders' on page 35 undefined on input line 306.


LaTeX Warning: Reference `eq:accessibility-flag' on page 35 undefined on input 
line 322.


LaTeX Warning: Reference `eq:accessibility-flag' on page 35 undefined on input 
line 333.

[35]

LaTeX Warning: Reference `eq:accessibility-flag' on page 36 undefined on input 
line 348.


LaTeX Warning: Reference `lem:relative' on page 36 undefined on input line 355.



LaTeX Warning: Reference `lem:slack-exact' on page 36 undefined on input line 3
57.


LaTeX Warning: Reference `lem:real-descent' on page 36 undefined on input line 
358.


LaTeX Warning: Reference `lem:rees' on page 36 undefined on input line 362.


LaTeX Warning: Reference `lem:finite-diagram' on page 36 undefined on input lin
e 362.


LaTeX Warning: Reference `lem:real-descent' on page 36 undefined on input line 
365.


LaTeX Warning: Reference `lem:real-accessibility' on page 36 undefined on input
 line 366.


LaTeX Warning: Reference `app:effective' on page 36 undefined on input line 382
.


LaTeX Warning: Citation `BCR98' on page 36 undefined on input line 427.


LaTeX Warning: Citation `BPR06' on page 36 undefined on input line 427.

[36]

LaTeX Warning: Reference `eq:order-decision' on page 37 undefined on input line
 444.


LaTeX Warning: Reference `prop:decay' on page 37 undefined on input line 456.


LaTeX Warning: Reference `lem:support-order' on page 37 undefined on input line
 457.


LaTeX Warning: Citation `BCR98' on page 37 undefined on input line 480.


LaTeX Warning: Citation `BPR06' on page 37 undefined on input line 480.


LaTeX Warning: Reference `thm:uniform' on page 37 undefined on input line 494.


LaTeX Warning: Reference `eq:matching-formula' on page 37 undefined on input li
ne 495.


LaTeX Warning: Reference `thm:joint' on page 37 undefined on input line 497.


LaTeX Warning: Reference `prop:decay' on page 37 undefined on input line 498.


LaTeX Warning: Reference `lem:nash-graph' on page 37 undefined on input line 49
9.

[37]

LaTeX Warning: Reference `thm:effective' on page 38 undefined on input line 506
.


LaTeX Warning: Reference `def:input' on page 38 undefined on input line 508.


LaTeX Warning: Citation `BPR06' on page 38 undefined on input line 512.


LaTeX Warning: Reference `lem:support-order' on page 38 undefined on input line
 526.


LaTeX Warning: Reference `eq:order-decision' on page 38 undefined on input line
 527.


LaTeX Warning: Reference `lem:nash-graph' on page 38 undefined on input line 53
6.


LaTeX Warning: Reference `eq:closure-formula' on page 38 undefined on input lin
e 541.


LaTeX Warning: Reference `eq:matching-formula' on page 38 undefined on input li
ne 544.

[38]

LaTeX Warning: Reference `app:foundations' on page 39 undefined on input line 5
78.

) (./article/v99/references.tex) [39] (./rigidity_v99.aux)

LaTeX Warning: There were undefined references.


LaTeX Warning: Label(s) may have changed. Rerun to get cross-references right.


Package rerunfilecheck Warning: File `rigidity_v99.out' has changed.
(rerunfilecheck)                Rerun to get outlines right
(rerunfilecheck)                or use package `bookmark'.

 ) )</usr/share/texlive/texmf-dist/fonts/type1/public/amsfonts/euler/eufm10.pfb
></usr/share/texmf/fonts/type1/public/lm/lmbx10.pfb></usr/share/texmf/fonts/typ
e1/public/lm/lmbx9.pfb></usr/share/texmf/fonts/type1/public/lm/lmcsc10.pfb></us
r/share/texmf/fonts/type1/public/lm/lmex10.pfb></usr/share/texmf/fonts/type1/pu
blic/lm/lmmi10.pfb></usr/share/texmf/fonts/type1/public/lm/lmmi6.pfb></usr/shar
e/texmf/fonts/type1/public/lm/lmmi8.pfb></usr/share/texmf/fonts/type1/public/lm
/lmr10.pfb></usr/share/texmf/fonts/type1/public/lm/lmr6.pfb></usr/share/texmf/f
onts/type1/public/lm/lmr8.pfb></usr/share/texmf/fonts/type1/public/lm/lmr9.pfb>
</usr/share/texmf/fonts/type1/public/lm/lmri10.pfb></usr/share/texmf/fonts/type
1/public/lm/lmri8.pfb></usr/share/texmf/fonts/type1/public/lm/lmri9.pfb></usr/s
hare/texmf/fonts/type1/public/lm/lmss10.pfb></usr/share/texmf/fonts/type1/publi
c/lm/lmss8.pfb></usr/share/texmf/fonts/type1/public/lm/lmsy10.pfb></usr/share/t
exmf/fonts/type1/public/lm/lmsy6.pfb></usr/share/texmf/fonts/type1/public/lm/lm
sy8.pfb></usr/share/texlive/texmf-dist/fonts/type1/public/amsfonts/symbols/msam
10.pfb></usr/share/texlive/texmf-dist/fonts/type1/public/amsfonts/symbols/msbm1
0.pfb></usr/share/texlive/texmf-dist/fonts/type1/public/rsfs/rsfs10.pfb>
Output written on rigidity_v99.pdf (39 pages, 618832 bytes).
Transcript written on rigidity_v99.log.
Latexmk: Getting log file 'rigidity_v99.log'
Latexmk: Examining 'rigidity_v99.fls'
Latexmk: Examining 'rigidity_v99.log'
Latexmk: References changed.
Latexmk: References changed.
Latexmk: Log file says output to 'rigidity_v99.pdf'
Latexmk: applying rule 'pdflatex'...
Rule 'pdflatex':  Reasons for rerun
Changed files or newly in use/created:
  rigidity_v99.aux
  rigidity_v99.out

------------
Run number 2 of rule 'pdflatex'
------------
------------
Running 'pdflatex  -interaction=nonstopmode -halt-on-error -file-line-error -recorder  "rigidity_v99.tex"'
------------
This is pdfTeX, Version 3.141592653-2.6-1.40.25 (TeX Live 2023/Debian) (preloaded format=pdflatex)
 restricted \write18 enabled.
entering extended mode
(./rigidity_v99.tex
LaTeX2e <2023-11-01> patch level 1
L3 programming layer <2024-01-22>
(./article/v99/paper.tex (./article/v98/preamble.tex
(/usr/share/texlive/texmf-dist/tex/latex/amscls/amsart.cls
Document Class: amsart 2020/05/29 v2.20.6
(/usr/share/texlive/texmf-dist/tex/latex/amsmath/amsmath.sty
For additional information on amsmath, use the `?' option.
(/usr/share/texlive/texmf-dist/tex/latex/amsmath/amstext.sty
(/usr/share/texlive/texmf-dist/tex/latex/amsmath/amsgen.sty))
(/usr/share/texlive/texmf-dist/tex/latex/amsmath/amsbsy.sty)
(/usr/share/texlive/texmf-dist/tex/latex/amsmath/amsopn.sty))
(/usr/share/texlive/texmf-dist/tex/latex/amsfonts/umsa.fd)
(/usr/share/texlive/texmf-dist/tex/latex/amsfonts/amsfonts.sty))
(/usr/share/texlive/texmf-dist/tex/latex/base/fontenc.sty)
(/usr/share/texmf/tex/latex/lm/lmodern.sty)
(/usr/share/texlive/texmf-dist/tex/latex/amsfonts/amssymb.sty)
(/usr/share/texlive/texmf-dist/tex/latex/mathtools/mathtools.sty
(/usr/share/texlive/texmf-dist/tex/latex/graphics/keyval.sty)
(/usr/share/texlive/texmf-dist/tex/latex/tools/calc.sty)
(/usr/share/texlive/texmf-dist/tex/latex/mathtools/mhsetup.sty))
(/usr/share/texlive/texmf-dist/tex/latex/microtype/microtype.sty
(/usr/share/texlive/texmf-dist/tex/latex/etoolbox/etoolbox.sty)
(/usr/share/texlive/texmf-dist/tex/latex/microtype/microtype-pdftex.def)
(/usr/share/texlive/texmf-dist/tex/latex/microtype/microtype.cfg))
(/usr/share/texlive/texmf-dist/tex/latex/jknapltx/mathrsfs.sty)
(/usr/share/texlive/texmf-dist/tex/latex/geometry/geometry.sty
(/usr/share/texlive/texmf-dist/tex/generic/iftex/ifvtex.sty
(/usr/share/texlive/texmf-dist/tex/generic/iftex/iftex.sty)))
(/usr/share/texlive/texmf-dist/tex/latex/booktabs/booktabs.sty)
(/usr/share/texlive/texmf-dist/tex/latex/tools/longtable.sty)
(/usr/share/texlive/texmf-dist/tex/latex/tools/array.sty)
(/usr/share/texlive/texmf-dist/tex/latex/hyperref/hyperref.sty
(/usr/share/texlive/texmf-dist/tex/latex/kvsetkeys/kvsetkeys.sty)
(/usr/share/texlive/texmf-dist/tex/generic/kvdefinekeys/kvdefinekeys.sty)
(/usr/share/texlive/texmf-dist/tex/generic/pdfescape/pdfescape.sty
(/usr/share/texlive/texmf-dist/tex/generic/ltxcmds/ltxcmds.sty)
(/usr/share/texlive/texmf-dist/tex/generic/pdftexcmds/pdftexcmds.sty
(/usr/share/texlive/texmf-dist/tex/generic/infwarerr/infwarerr.sty)))
(/usr/share/texlive/texmf-dist/tex/latex/hycolor/hycolor.sty)
(/usr/share/texlive/texmf-dist/tex/latex/auxhook/auxhook.sty)
(/usr/share/texlive/texmf-dist/tex/latex/hyperref/nameref.sty
(/usr/share/texlive/texmf-dist/tex/latex/refcount/refcount.sty)
(/usr/share/texlive/texmf-dist/tex/generic/gettitlestring/gettitlestring.sty
(/usr/share/texlive/texmf-dist/tex/latex/kvoptions/kvoptions.sty)))
(/usr/share/texlive/texmf-dist/tex/latex/hyperref/pd1enc.def)
(/usr/share/texlive/texmf-dist/tex/generic/intcalc/intcalc.sty)
(/usr/share/texlive/texmf-dist/tex/latex/hyperref/puenc.def)
(/usr/share/texlive/texmf-dist/tex/latex/url/url.sty)
(/usr/share/texlive/texmf-dist/tex/generic/bitset/bitset.sty
(/usr/share/texlive/texmf-dist/tex/generic/bigintcalc/bigintcalc.sty))
(/usr/share/texlive/texmf-dist/tex/latex/base/atbegshi-ltx.sty))
(/usr/share/texlive/texmf-dist/tex/latex/hyperref/hpdftex.def
(/usr/share/texlive/texmf-dist/tex/latex/base/atveryend-ltx.sty)
(/usr/share/texlive/texmf-dist/tex/latex/rerunfilecheck/rerunfilecheck.sty
(/usr/share/texlive/texmf-dist/tex/generic/uniquecounter/uniquecounter.sty))))
(/usr/share/texmf/tex/latex/lm/t1lmr.fd)
(/usr/share/texlive/texmf-dist/tex/latex/l3backend/l3backend-pdftex.def)
(./rigidity_v99.aux) (/usr/share/texmf/tex/latex/lm/ot1lmr.fd)
(/usr/share/texmf/tex/latex/lm/omllmm.fd)
(/usr/share/texmf/tex/latex/lm/omslmsy.fd)
(/usr/share/texmf/tex/latex/lm/omxlmex.fd)
(/usr/share/texlive/texmf-dist/tex/latex/amsfonts/umsa.fd)
(/usr/share/texlive/texmf-dist/tex/latex/amsfonts/umsb.fd)
(/usr/share/texlive/texmf-dist/tex/latex/jknapltx/ursfs.fd)
(/usr/share/texlive/texmf-dist/tex/latex/graphics/graphicx.sty
(/usr/share/texlive/texmf-dist/tex/latex/graphics/graphics.sty
(/usr/share/texlive/texmf-dist/tex/latex/graphics/trig.sty)
(/usr/share/texlive/texmf-dist/tex/latex/graphics-cfg/graphics.cfg)
(/usr/share/texlive/texmf-dist/tex/latex/graphics-def/pdftex.def
(/usr/share/texlive/texmf-dist/tex/context/base/mkii/supp-pdf.mkii
[Loading MPS to PDF converter (version 2006.09.02).]
))) (/usr/share/texlive/texmf-dist/tex/latex/epstopdf-pkg/epstopdf-base.sty
(/usr/share/texlive/texmf-dist/tex/latex/latexconfig/epstopdf-sys.cfg)))
(/usr/share/texlive/texmf-dist/tex/latex/microtype/mt-cmr.cfg)
*geometry* driver: auto-detecting
*geometry* detected driver: pdftex
(./rigidity_v99.out) (./rigidity_v99.out)
(/usr/share/texlive/texmf-dist/tex/latex/microtype/mt-msa.cfg)
(/usr/share/texlive/texmf-dist/tex/latex/microtype/mt-msb.cfg) [1{/var/lib/texm
f/fonts/map/pdftex/updmap/pdftex.map}{/usr/share/texmf/fonts/enc/dvips/lm/lm-ec
.enc}{/usr/share/texmf/fonts/enc/dvips/lm/lm-mathit.enc}{/usr/share/texmf/fonts
/enc/dvips/lm/lm-rm.enc}{/usr/share/texmf/fonts/enc/dvips/lm/lm-mathsy.enc}{/us
r/share/texmf/fonts/enc/dvips/lm/lm-mathex.enc}] [2] [3]
(./article/v98/model.tex (/usr/share/texmf/tex/latex/lm/ot1lmss.fd)
(/usr/share/texlive/texmf-dist/tex/latex/amsfonts/ueuf.fd)
(/usr/share/texlive/texmf-dist/tex/latex/microtype/mt-euf.cfg) [4])
(./article/v99/real_atlas.tex [5] [6] [7] [8] [9])
(./article/v99/joint_separation.tex [10]) (./article/v98/multiplicity.tex
[11] [12] [13] [14]) (./article/v99/cubic.tex [15] [16] [17] [18])
(./article/v98/wall.tex [19] [20] [21] [22] [23])
(./article/v99/remote_structure.tex [24] [25] [26])
(./article/v99/geometric_wall.tex [27] [28] [29])
(./article/v99/critical_examples.tex [30]) (./article/v99/foundations.tex
[31] [32] [33] [34] [35] [36] [37] [38]) (./article/v99/references.tex)
[39] (./rigidity_v99.aux) ) )</usr/share/texlive/texmf-dist/fonts/type1/public/
amsfonts/euler/eufm10.pfb></usr/share/texmf/fonts/type1/public/lm/lmbx10.pfb></
usr/share/texmf/fonts/type1/public/lm/lmbx9.pfb></usr/share/texmf/fonts/type1/p
ublic/lm/lmcsc10.pfb></usr/share/texmf/fonts/type1/public/lm/lmex10.pfb></usr/s
hare/texmf/fonts/type1/public/lm/lmmi10.pfb></usr/share/texmf/fonts/type1/publi
c/lm/lmmi6.pfb></usr/share/texmf/fonts/type1/public/lm/lmmi8.pfb></usr/share/te
xmf/fonts/type1/public/lm/lmr10.pfb></usr/share/texmf/fonts/type1/public/lm/lmr
6.pfb></usr/share/texmf/fonts/type1/public/lm/lmr8.pfb></usr/share/texmf/fonts/
type1/public/lm/lmr9.pfb></usr/share/texmf/fonts/type1/public/lm/lmri10.pfb></u
sr/share/texmf/fonts/type1/public/lm/lmri8.pfb></usr/share/texmf/fonts/type1/pu
blic/lm/lmri9.pfb></usr/share/texmf/fonts/type1/public/lm/lmss10.pfb></usr/shar
e/texmf/fonts/type1/public/lm/lmss8.pfb></usr/share/texmf/fonts/type1/public/lm
/lmsy10.pfb></usr/share/texmf/fonts/type1/public/lm/lmsy6.pfb></usr/share/texmf
/fonts/type1/public/lm/lmsy8.pfb></usr/share/texlive/texmf-dist/fonts/type1/pub
lic/amsfonts/symbols/msam10.pfb></usr/share/texlive/texmf-dist/fonts/type1/publ
ic/amsfonts/symbols/msbm10.pfb></usr/share/texlive/texmf-dist/fonts/type1/publi
c/rsfs/rsfs10.pfb>
Output written on rigidity_v99.pdf (39 pages, 629451 bytes).
Transcript written on rigidity_v99.log.
Latexmk: Getting log file 'rigidity_v99.log'
Latexmk: Examining 'rigidity_v99.fls'
Latexmk: Examining 'rigidity_v99.log'
Latexmk: Log file says output to 'rigidity_v99.pdf'
Latexmk: applying rule 'pdflatex'...
Rule 'pdflatex':  Reasons for rerun
Changed files or newly in use/created:
  rigidity_v99.aux

------------
Run number 3 of rule 'pdflatex'
------------
------------
Running 'pdflatex  -interaction=nonstopmode -halt-on-error -file-line-error -recorder  "rigidity_v99.tex"'
------------
This is pdfTeX, Version 3.141592653-2.6-1.40.25 (TeX Live 2023/Debian) (preloaded format=pdflatex)
 restricted \write18 enabled.
entering extended mode
(./rigidity_v99.tex
LaTeX2e <2023-11-01> patch level 1
L3 programming layer <2024-01-22>
(./article/v99/paper.tex (./article/v98/preamble.tex
(/usr/share/texlive/texmf-dist/tex/latex/amscls/amsart.cls
Document Class: amsart 2020/05/29 v2.20.6
(/usr/share/texlive/texmf-dist/tex/latex/amsmath/amsmath.sty
For additional information on amsmath, use the `?' option.
(/usr/share/texlive/texmf-dist/tex/latex/amsmath/amstext.sty
(/usr/share/texlive/texmf-dist/tex/latex/amsmath/amsgen.sty))
(/usr/share/texlive/texmf-dist/tex/latex/amsmath/amsbsy.sty)
(/usr/share/texlive/texmf-dist/tex/latex/amsmath/amsopn.sty))
(/usr/share/texlive/texmf-dist/tex/latex/amsfonts/umsa.fd)
(/usr/share/texlive/texmf-dist/tex/latex/amsfonts/amsfonts.sty))
(/usr/share/texlive/texmf-dist/tex/latex/base/fontenc.sty)
(/usr/share/texmf/tex/latex/lm/lmodern.sty)
(/usr/share/texlive/texmf-dist/tex/latex/amsfonts/amssymb.sty)
(/usr/share/texlive/texmf-dist/tex/latex/mathtools/mathtools.sty
(/usr/share/texlive/texmf-dist/tex/latex/graphics/keyval.sty)
(/usr/share/texlive/texmf-dist/tex/latex/tools/calc.sty)
(/usr/share/texlive/texmf-dist/tex/latex/mathtools/mhsetup.sty))
(/usr/share/texlive/texmf-dist/tex/latex/microtype/microtype.sty
(/usr/share/texlive/texmf-dist/tex/latex/etoolbox/etoolbox.sty)
(/usr/share/texlive/texmf-dist/tex/latex/microtype/microtype-pdftex.def)
(/usr/share/texlive/texmf-dist/tex/latex/microtype/microtype.cfg))
(/usr/share/texlive/texmf-dist/tex/latex/jknapltx/mathrsfs.sty)
(/usr/share/texlive/texmf-dist/tex/latex/geometry/geometry.sty
(/usr/share/texlive/texmf-dist/tex/generic/iftex/ifvtex.sty
(/usr/share/texlive/texmf-dist/tex/generic/iftex/iftex.sty)))
(/usr/share/texlive/texmf-dist/tex/latex/booktabs/booktabs.sty)
(/usr/share/texlive/texmf-dist/tex/latex/tools/longtable.sty)
(/usr/share/texlive/texmf-dist/tex/latex/tools/array.sty)
(/usr/share/texlive/texmf-dist/tex/latex/hyperref/hyperref.sty
(/usr/share/texlive/texmf-dist/tex/latex/kvsetkeys/kvsetkeys.sty)
(/usr/share/texlive/texmf-dist/tex/generic/kvdefinekeys/kvdefinekeys.sty)
(/usr/share/texlive/texmf-dist/tex/generic/pdfescape/pdfescape.sty
(/usr/share/texlive/texmf-dist/tex/generic/ltxcmds/ltxcmds.sty)
(/usr/share/texlive/texmf-dist/tex/generic/pdftexcmds/pdftexcmds.sty
(/usr/share/texlive/texmf-dist/tex/generic/infwarerr/infwarerr.sty)))
(/usr/share/texlive/texmf-dist/tex/latex/hycolor/hycolor.sty)
(/usr/share/texlive/texmf-dist/tex/latex/auxhook/auxhook.sty)
(/usr/share/texlive/texmf-dist/tex/latex/hyperref/nameref.sty
(/usr/share/texlive/texmf-dist/tex/latex/refcount/refcount.sty)
(/usr/share/texlive/texmf-dist/tex/generic/gettitlestring/gettitlestring.sty
(/usr/share/texlive/texmf-dist/tex/latex/kvoptions/kvoptions.sty)))
(/usr/share/texlive/texmf-dist/tex/latex/hyperref/pd1enc.def)
(/usr/share/texlive/texmf-dist/tex/generic/intcalc/intcalc.sty)
(/usr/share/texlive/texmf-dist/tex/latex/hyperref/puenc.def)
(/usr/share/texlive/texmf-dist/tex/latex/url/url.sty)
(/usr/share/texlive/texmf-dist/tex/generic/bitset/bitset.sty
(/usr/share/texlive/texmf-dist/tex/generic/bigintcalc/bigintcalc.sty))
(/usr/share/texlive/texmf-dist/tex/latex/base/atbegshi-ltx.sty))
(/usr/share/texlive/texmf-dist/tex/latex/hyperref/hpdftex.def
(/usr/share/texlive/texmf-dist/tex/latex/base/atveryend-ltx.sty)
(/usr/share/texlive/texmf-dist/tex/latex/rerunfilecheck/rerunfilecheck.sty
(/usr/share/texlive/texmf-dist/tex/generic/uniquecounter/uniquecounter.sty))))
(/usr/share/texmf/tex/latex/lm/t1lmr.fd)
(/usr/share/texlive/texmf-dist/tex/latex/l3backend/l3backend-pdftex.def)
(./rigidity_v99.aux) (/usr/share/texmf/tex/latex/lm/ot1lmr.fd)
(/usr/share/texmf/tex/latex/lm/omllmm.fd)
(/usr/share/texmf/tex/latex/lm/omslmsy.fd)
(/usr/share/texmf/tex/latex/lm/omxlmex.fd)
(/usr/share/texlive/texmf-dist/tex/latex/amsfonts/umsa.fd)
(/usr/share/texlive/texmf-dist/tex/latex/amsfonts/umsb.fd)
(/usr/share/texlive/texmf-dist/tex/latex/jknapltx/ursfs.fd)
(/usr/share/texlive/texmf-dist/tex/latex/graphics/graphicx.sty
(/usr/share/texlive/texmf-dist/tex/latex/graphics/graphics.sty
(/usr/share/texlive/texmf-dist/tex/latex/graphics/trig.sty)
(/usr/share/texlive/texmf-dist/tex/latex/graphics-cfg/graphics.cfg)
(/usr/share/texlive/texmf-dist/tex/latex/graphics-def/pdftex.def
(/usr/share/texlive/texmf-dist/tex/context/base/mkii/supp-pdf.mkii
[Loading MPS to PDF converter (version 2006.09.02).]
))) (/usr/share/texlive/texmf-dist/tex/latex/epstopdf-pkg/epstopdf-base.sty
(/usr/share/texlive/texmf-dist/tex/latex/latexconfig/epstopdf-sys.cfg)))
(/usr/share/texlive/texmf-dist/tex/latex/microtype/mt-cmr.cfg)
*geometry* driver: auto-detecting
*geometry* detected driver: pdftex
(./rigidity_v99.out) (./rigidity_v99.out)
(/usr/share/texlive/texmf-dist/tex/latex/microtype/mt-msa.cfg)
(/usr/share/texlive/texmf-dist/tex/latex/microtype/mt-msb.cfg) [1{/var/lib/texm
f/fonts/map/pdftex/updmap/pdftex.map}{/usr/share/texmf/fonts/enc/dvips/lm/lm-ec
.enc}{/usr/share/texmf/fonts/enc/dvips/lm/lm-mathit.enc}{/usr/share/texmf/fonts
/enc/dvips/lm/lm-rm.enc}{/usr/share/texmf/fonts/enc/dvips/lm/lm-mathsy.enc}{/us
r/share/texmf/fonts/enc/dvips/lm/lm-mathex.enc}] [2] [3]
(./article/v98/model.tex (/usr/share/texmf/tex/latex/lm/ot1lmss.fd)
(/usr/share/texlive/texmf-dist/tex/latex/amsfonts/ueuf.fd)
(/usr/share/texlive/texmf-dist/tex/latex/microtype/mt-euf.cfg) [4])
(./article/v99/real_atlas.tex [5] [6] [7] [8] [9])
(./article/v99/joint_separation.tex [10]) (./article/v98/multiplicity.tex
[11] [12] [13] [14]) (./article/v99/cubic.tex [15] [16] [17] [18])
(./article/v98/wall.tex [19] [20] [21] [22] [23])
(./article/v99/remote_structure.tex [24] [25] [26])
(./article/v99/geometric_wall.tex [27] [28] [29])
(./article/v99/critical_examples.tex [30]) (./article/v99/foundations.tex
[31] [32] [33] [34] [35] [36] [37] [38]) (./article/v99/references.tex)
[39] (./rigidity_v99.aux) ) )</usr/share/texlive/texmf-dist/fonts/type1/public/
amsfonts/euler/eufm10.pfb></usr/share/texmf/fonts/type1/public/lm/lmbx10.pfb></
usr/share/texmf/fonts/type1/public/lm/lmbx9.pfb></usr/share/texmf/fonts/type1/p
ublic/lm/lmcsc10.pfb></usr/share/texmf/fonts/type1/public/lm/lmex10.pfb></usr/s
hare/texmf/fonts/type1/public/lm/lmmi10.pfb></usr/share/texmf/fonts/type1/publi
c/lm/lmmi6.pfb></usr/share/texmf/fonts/type1/public/lm/lmmi8.pfb></usr/share/te
xmf/fonts/type1/public/lm/lmr10.pfb></usr/share/texmf/fonts/type1/public/lm/lmr
6.pfb></usr/share/texmf/fonts/type1/public/lm/lmr8.pfb></usr/share/texmf/fonts/
type1/public/lm/lmr9.pfb></usr/share/texmf/fonts/type1/public/lm/lmri10.pfb></u
sr/share/texmf/fonts/type1/public/lm/lmri8.pfb></usr/share/texmf/fonts/type1/pu
blic/lm/lmri9.pfb></usr/share/texmf/fonts/type1/public/lm/lmss10.pfb></usr/shar
e/texmf/fonts/type1/public/lm/lmss8.pfb></usr/share/texmf/fonts/type1/public/lm
/lmsy10.pfb></usr/share/texmf/fonts/type1/public/lm/lmsy6.pfb></usr/share/texmf
/fonts/type1/public/lm/lmsy8.pfb></usr/share/texlive/texmf-dist/fonts/type1/pub
lic/amsfonts/symbols/msam10.pfb></usr/share/texlive/texmf-dist/fonts/type1/publ
ic/amsfonts/symbols/msbm10.pfb></usr/share/texlive/texmf-dist/fonts/type1/publi
c/rsfs/rsfs10.pfb>
Output written on rigidity_v99.pdf (39 pages, 629451 bytes).
Transcript written on rigidity_v99.log.
Latexmk: Getting log file 'rigidity_v99.log'
Latexmk: Examining 'rigidity_v99.fls'
Latexmk: Examining 'rigidity_v99.log'
Latexmk: Log file says output to 'rigidity_v99.pdf'
Latexmk: All targets (rigidity_v99.pdf) are up-to-date

Rc files read:
  /etc/LatexMk
Latexmk: This is Latexmk, John Collins, 31 Jan. 2024. Version 4.83.
No existing .aux file, so I'll make a simple one, and require run of *latex.
Force everything to be remade.
Latexmk: applying rule 'pdflatex'...
Rule 'pdflatex':  Reasons for rerun
Category 'other':
  Rerun of 'pdflatex' forced or previously required:
    Reason or flag: 'go_mode'

------------
Run number 1 of rule 'pdflatex'
------------
------------
Running 'pdflatex  -interaction=nonstopmode -halt-on-error -file-line-error -recorder  "rigidity_v98.tex"'
------------
This is pdfTeX, Version 3.141592653-2.6-1.40.25 (TeX Live 2023/Debian) (preloaded format=pdflatex)
 restricted \write18 enabled.
entering extended mode
(./rigidity_v98.tex
LaTeX2e <2023-11-01> patch level 1
L3 programming layer <2024-01-22>
(./article/v98/paper.tex (./article/v98/preamble.tex
(/usr/share/texlive/texmf-dist/tex/latex/amscls/amsart.cls
Document Class: amsart 2020/05/29 v2.20.6
(/usr/share/texlive/texmf-dist/tex/latex/amsmath/amsmath.sty
For additional information on amsmath, use the `?' option.
(/usr/share/texlive/texmf-dist/tex/latex/amsmath/amstext.sty
(/usr/share/texlive/texmf-dist/tex/latex/amsmath/amsgen.sty))
(/usr/share/texlive/texmf-dist/tex/latex/amsmath/amsbsy.sty)
(/usr/share/texlive/texmf-dist/tex/latex/amsmath/amsopn.sty))
(/usr/share/texlive/texmf-dist/tex/latex/amsfonts/umsa.fd)
(/usr/share/texlive/texmf-dist/tex/latex/amsfonts/amsfonts.sty))
(/usr/share/texlive/texmf-dist/tex/latex/base/fontenc.sty)
(/usr/share/texmf/tex/latex/lm/lmodern.sty)
(/usr/share/texlive/texmf-dist/tex/latex/amsfonts/amssymb.sty)
(/usr/share/texlive/texmf-dist/tex/latex/mathtools/mathtools.sty
(/usr/share/texlive/texmf-dist/tex/latex/graphics/keyval.sty)
(/usr/share/texlive/texmf-dist/tex/latex/tools/calc.sty)
(/usr/share/texlive/texmf-dist/tex/latex/mathtools/mhsetup.sty))
(/usr/share/texlive/texmf-dist/tex/latex/microtype/microtype.sty
(/usr/share/texlive/texmf-dist/tex/latex/etoolbox/etoolbox.sty)
(/usr/share/texlive/texmf-dist/tex/latex/microtype/microtype-pdftex.def)
(/usr/share/texlive/texmf-dist/tex/latex/microtype/microtype.cfg))
(/usr/share/texlive/texmf-dist/tex/latex/jknapltx/mathrsfs.sty)
(/usr/share/texlive/texmf-dist/tex/latex/geometry/geometry.sty
(/usr/share/texlive/texmf-dist/tex/generic/iftex/ifvtex.sty
(/usr/share/texlive/texmf-dist/tex/generic/iftex/iftex.sty)))
(/usr/share/texlive/texmf-dist/tex/latex/booktabs/booktabs.sty)
(/usr/share/texlive/texmf-dist/tex/latex/tools/longtable.sty)
(/usr/share/texlive/texmf-dist/tex/latex/tools/array.sty)
(/usr/share/texlive/texmf-dist/tex/latex/hyperref/hyperref.sty
(/usr/share/texlive/texmf-dist/tex/latex/kvsetkeys/kvsetkeys.sty)
(/usr/share/texlive/texmf-dist/tex/generic/kvdefinekeys/kvdefinekeys.sty)
(/usr/share/texlive/texmf-dist/tex/generic/pdfescape/pdfescape.sty
(/usr/share/texlive/texmf-dist/tex/generic/ltxcmds/ltxcmds.sty)
(/usr/share/texlive/texmf-dist/tex/generic/pdftexcmds/pdftexcmds.sty
(/usr/share/texlive/texmf-dist/tex/generic/infwarerr/infwarerr.sty)))
(/usr/share/texlive/texmf-dist/tex/latex/hycolor/hycolor.sty)
(/usr/share/texlive/texmf-dist/tex/latex/auxhook/auxhook.sty)
(/usr/share/texlive/texmf-dist/tex/latex/hyperref/nameref.sty
(/usr/share/texlive/texmf-dist/tex/latex/refcount/refcount.sty)
(/usr/share/texlive/texmf-dist/tex/generic/gettitlestring/gettitlestring.sty
(/usr/share/texlive/texmf-dist/tex/latex/kvoptions/kvoptions.sty)))
(/usr/share/texlive/texmf-dist/tex/latex/hyperref/pd1enc.def)
(/usr/share/texlive/texmf-dist/tex/generic/intcalc/intcalc.sty)
(/usr/share/texlive/texmf-dist/tex/latex/hyperref/puenc.def)
(/usr/share/texlive/texmf-dist/tex/latex/url/url.sty)
(/usr/share/texlive/texmf-dist/tex/generic/bitset/bitset.sty
(/usr/share/texlive/texmf-dist/tex/generic/bigintcalc/bigintcalc.sty))
(/usr/share/texlive/texmf-dist/tex/latex/base/atbegshi-ltx.sty))
(/usr/share/texlive/texmf-dist/tex/latex/hyperref/hpdftex.def
(/usr/share/texlive/texmf-dist/tex/latex/base/atveryend-ltx.sty)
(/usr/share/texlive/texmf-dist/tex/latex/rerunfilecheck/rerunfilecheck.sty
(/usr/share/texlive/texmf-dist/tex/generic/uniquecounter/uniquecounter.sty))))
(/usr/share/texmf/tex/latex/lm/t1lmr.fd)
(/usr/share/texlive/texmf-dist/tex/latex/l3backend/l3backend-pdftex.def)
(./rigidity_v98.aux) (/usr/share/texmf/tex/latex/lm/ot1lmr.fd)
(/usr/share/texmf/tex/latex/lm/omllmm.fd)
(/usr/share/texmf/tex/latex/lm/omslmsy.fd)
(/usr/share/texmf/tex/latex/lm/omxlmex.fd)
(/usr/share/texlive/texmf-dist/tex/latex/amsfonts/umsa.fd)
(/usr/share/texlive/texmf-dist/tex/latex/amsfonts/umsb.fd)
(/usr/share/texlive/texmf-dist/tex/latex/jknapltx/ursfs.fd)
(/usr/share/texlive/texmf-dist/tex/latex/graphics/graphicx.sty
(/usr/share/texlive/texmf-dist/tex/latex/graphics/graphics.sty
(/usr/share/texlive/texmf-dist/tex/latex/graphics/trig.sty)
(/usr/share/texlive/texmf-dist/tex/latex/graphics-cfg/graphics.cfg)
(/usr/share/texlive/texmf-dist/tex/latex/graphics-def/pdftex.def
(/usr/share/texlive/texmf-dist/tex/context/base/mkii/supp-pdf.mkii
[Loading MPS to PDF converter (version 2006.09.02).]
))) (/usr/share/texlive/texmf-dist/tex/latex/epstopdf-pkg/epstopdf-base.sty
(/usr/share/texlive/texmf-dist/tex/latex/latexconfig/epstopdf-sys.cfg)))
(/usr/share/texlive/texmf-dist/tex/latex/microtype/mt-cmr.cfg)
*geometry* driver: auto-detecting
*geometry* detected driver: pdftex
(/usr/share/texlive/texmf-dist/tex/latex/microtype/mt-msa.cfg)
(/usr/share/texlive/texmf-dist/tex/latex/microtype/mt-msb.cfg)

LaTeX Warning: Reference `thm:joint' on page 1 undefined on input line 58.


LaTeX Warning: Reference `lem:relative' on page 1 undefined on input line 64.


LaTeX Warning: Reference `lem:spread' on page 1 undefined on input line 66.


LaTeX Warning: Reference `thm:joint' on page 1 undefined on input line 67.


LaTeX Warning: Reference `prop:decay' on page 1 undefined on input line 69.

[1{/var/lib/texmf/fonts/map/pdftex/updmap/pdftex.map}{/usr/share/texmf/fonts/en
c/dvips/lm/lm-ec.enc}{/usr/share/texmf/fonts/enc/dvips/lm/lm-mathit.enc}{/usr/s
hare/texmf/fonts/enc/dvips/lm/lm-rm.enc}{/usr/share/texmf/fonts/enc/dvips/lm/lm
-mathsy.enc}]

LaTeX Warning: Reference `thm:effective' on page 2 undefined on input line 79.


LaTeX Warning: Reference `sec:model' on page 2 undefined on input line 82.


LaTeX Warning: Reference `thm:mult-atlas' on page 2 undefined on input line 88.



LaTeX Warning: Reference `thm:cubic-fibre' on page 2 undefined on input line 10
8.


LaTeX Warning: Reference `prop:affine' on page 2 undefined on input line 108.


LaTeX Warning: Reference `lem:pencil-isolation' on page 2 undefined on input li
ne 109.


LaTeX Warning: Reference `prop:remote-cone' on page 2 undefined on input line 1
17.


LaTeX Warning: Reference `thm:wall' on page 2 undefined on input line 119.


LaTeX Warning: Reference `tab:comparison' on page 2 undefined on input line 129
.


LaTeX Warning: Citation `ENV03' on page 2 undefined on input line 132.


LaTeX Warning: Reference `lem:spread' on page 2 undefined on input line 134.


LaTeX Warning: Citation `BM88' on page 2 undefined on input line 143.


LaTeX Warning: Citation `BM97' on page 2 undefined on input line 143.


LaTeX Warning: Citation `BM08' on page 2 undefined on input line 143.


LaTeX Warning: Citation `BE09' on page 2 undefined on input line 146.


LaTeX Warning: Citation `Hardt80' on page 2 undefined on input line 149.


LaTeX Warning: Citation `Ha26' on page 2 undefined on input line 152.


LaTeX Warning: Citation `Ha26' on page 2 undefined on input line 155.


LaTeX Warning: Citation `Ha26' on page 2 undefined on input line 158.


LaTeX Warning: Reference `sec:model' on page 2 undefined on input line 175.


LaTeX Warning: Reference `sec:real' on page 2 undefined on input line 176.


LaTeX Warning: Reference `sec:joint' on page 2 undefined on input line 176.


LaTeX Warning: Reference `sec:effective' on page 2 undefined on input line 178.



LaTeX Warning: Reference `sec:multiplicity' on page 2 undefined on input line 1
78.


LaTeX Warning: Reference `sec:cubic' on page 2 undefined on input line 179.


LaTeX Warning: Reference `sec:wall' on page 2 undefined on input line 180.

[2{/usr/share/texmf/fonts/enc/dvips/lm/lm-mathex.enc}] (./article/v98/model.tex
(/usr/share/texmf/tex/latex/lm/ot1lmss.fd)
(/usr/share/texlive/texmf-dist/tex/latex/amsfonts/ueuf.fd)
(/usr/share/texlive/texmf-dist/tex/latex/microtype/mt-euf.cfg) [3]

LaTeX Warning: Reference `lem:normalizer' on page 4 undefined on input line 88.


) (./article/v98/real_atlas.tex [4]

LaTeX Warning: Citation `BM08' on page 5 undefined on input line 62.

[5]

LaTeX Warning: Citation `Stacks' on page 6 undefined on input line 119.


LaTeX Warning: Citation `Stacks' on page 6 undefined on input line 138.

[6]

LaTeX Warning: Reference `def:monomial' on page 7 undefined on input line 165.


LaTeX Warning: Reference `def:input' on page 7 undefined on input line 170.


LaTeX Warning: Reference `lem:spread' on page 7 undefined on input line 214.


LaTeX Warning: Reference `lem:spread' on page 7 undefined on input line 218.

[7]

LaTeX Warning: Reference `lem:spread' on page 8 undefined on input line 236.


LaTeX Warning: Reference `lem:relative' on page 8 undefined on input line 291.

[8]

LaTeX Warning: Citation `BE09' on page 9 undefined on input line 320.


LaTeX Warning: Reference `cor:orders' on page 9 undefined on input line 366.


LaTeX Warning: Reference `eq:joint-diameter' on page 9 undefined on input line 
391.


LaTeX Warning: Reference `cor:orders' on page 9 undefined on input line 392.

[9]

LaTeX Warning: Reference `prop:decay' on page 10 undefined on input line 457.

[10]

LaTeX Warning: Reference `thm:joint' on page 11 undefined on input line 476.


LaTeX Warning: Reference `prop:decay' on page 11 undefined on input line 477.


LaTeX Warning: Reference `eq:uniform-law' on page 11 undefined on input line 49
1.


LaTeX Warning: Reference `eq:exponent' on page 11 undefined on input line 503.


LaTeX Warning: Reference `eq:uniform-law' on page 11 undefined on input line 50
7.


LaTeX Warning: Reference `lem:relative' on page 11 undefined on input line 524.



LaTeX Warning: Reference `cor:orders' on page 11 undefined on input line 525.


LaTeX Warning: Reference `thm:joint' on page 11 undefined on input line 526.


LaTeX Warning: Reference `thm:uniform' on page 11 undefined on input line 526.

[11]

LaTeX Warning: Reference `lem:spread' on page 12 undefined on input line 544.


LaTeX Warning: Reference `eq:exponent' on page 12 undefined on input line 546.


LaTeX Warning: Reference `cor:orders' on page 12 undefined on input line 566.


LaTeX Warning: Reference `prop:decay' on page 12 undefined on input line 568.


LaTeX Warning: Reference `eq:closure-formula' on page 12 undefined on input lin
e 580.


LaTeX Warning: Reference `eq:matching-formula' on page 12 undefined on input li
ne 582.


LaTeX Warning: Citation `BPR06' on page 12 undefined on input line 589.


LaTeX Warning: Citation `BCR98' on page 12 undefined on input line 589.


LaTeX Warning: Reference `thm:effective' on page 12 undefined on input line 606
.


LaTeX Warning: Reference `lem:relative' on page 12 undefined on input line 607.



LaTeX Warning: Reference `thm:uniform' on page 12 undefined on input line 607.

) (./article/v98/multiplicity.tex

LaTeX Warning: Reference `eq:model' on page 12 undefined on input line 3.

[12]

LaTeX Warning: Reference `eq:score' on page 13 undefined on input line 20.

[13]

LaTeX Warning: Reference `eq:mult-jet' on page 14 undefined on input line 97.


LaTeX Warning: Reference `lem:fullrank' on page 14 undefined on input line 127.



LaTeX Warning: Reference `eq:mult-jet' on page 14 undefined on input line 129.


LaTeX Warning: Reference `eq:explicit-orders' on page 14 undefined on input lin
e 149.


LaTeX Warning: Reference `eq:explicit-orders' on page 14 undefined on input lin
e 161.

[14]

LaTeX Warning: Reference `eq:mult-jet' on page 15 undefined on input line 165.


LaTeX Warning: Reference `eq:mult-leading' on page 15 undefined on input line 1
78.


LaTeX Warning: Reference `eq:mult-leading' on page 15 undefined on input line 1
82.


LaTeX Warning: Reference `eq:mult-expand' on page 15 undefined on input line 18
9.


LaTeX Warning: Reference `lem:ordered' on page 15 undefined on input line 196.


LaTeX Warning: Reference `eq:mult-C' on page 15 undefined on input line 201.


LaTeX Warning: Reference `eq:linear-leading' on page 15 undefined on input line
 209.


LaTeX Warning: Reference `eq:linear-leading' on page 15 undefined on input line
 224.


LaTeX Warning: Reference `eq:matching-formula' on page 15 undefined on input li
ne 227.


LaTeX Warning: Reference `thm:atlas' on page 15 undefined on input line 230.

[15]

LaTeX Warning: Reference `sec:real' on page 16 undefined on input line 259.


LaTeX Warning: Reference `sec:wall' on page 16 undefined on input line 261.

) (./article/v98/cubic.tex

LaTeX Warning: Reference `lem:normalizer' on page 16 undefined on input line 35
.


LaTeX Warning: Reference `lem:fullrank' on page 16 undefined on input line 36.

[16]

LaTeX Warning: Reference `eq:affine-constants' on page 17 undefined on input li
ne 136.


LaTeX Warning: Reference `eq:pencil-radius' on page 17 undefined on input line 
138.

[17]

LaTeX Warning: Reference `eq:depressed-absorption' on page 18 undefined on inpu
t line 203.


LaTeX Warning: Reference `lem:pencil-isolation' on page 18 undefined on input l
ine 233.

[18]

LaTeX Warning: Reference `prop:affine' on page 19 undefined on input line 239.


LaTeX Warning: Reference `eq:affine-approx' on page 19 undefined on input line 
243.


LaTeX Warning: Reference `eq:local-inverse' on page 19 undefined on input line 
255.


LaTeX Warning: Reference `eq:separation' on page 19 undefined on input line 260
.


LaTeX Warning: Reference `thm:cubic-fibre' on page 19 undefined on input line 2
63.


LaTeX Warning: Reference `eq:mult-Q' on page 19 undefined on input line 277.


LaTeX Warning: Reference `lem:local-cubic' on page 19 undefined on input line 3
09.


LaTeX Warning: Reference `eq:cubic-jets' on page 19 undefined on input line 310
.

[19]

LaTeX Warning: Reference `eq:I' on page 20 undefined on input line 343.


LaTeX Warning: Reference `lem:ordered' on page 20 undefined on input line 369.


LaTeX Warning: Reference `eq:cubic-C' on page 20 undefined on input line 372.


LaTeX Warning: Reference `prop:cubic-Q' on page 20 undefined on input line 373.



LaTeX Warning: Reference `lem:local-cubic' on page 20 undefined on input line 3
74.

[20]

LaTeX Warning: Reference `eq:cubic-C' on page 21 undefined on input line 420.

) (./article/v98/wall.tex [21]

LaTeX Warning: Reference `eq:score' on page 22 undefined on input line 63.


LaTeX Warning: Reference `eq:remote-jets' on page 22 undefined on input line 80
.


LaTeX Warning: Reference `eq:remote-second-order' on page 22 undefined on input
 line 130.

[22]

LaTeX Warning: Reference `lem:normalizer' on page 23 undefined on input line 15
2.


LaTeX Warning: Reference `prop:remote-cone' on page 23 undefined on input line 
177.


LaTeX Warning: Reference `eq:mu' on page 23 undefined on input line 181.


LaTeX Warning: Reference `prop:cubic-Q' on page 23 undefined on input line 201.


[23]

LaTeX Warning: Reference `prop:remote-cone' on page 24 undefined on input line 
219.


LaTeX Warning: Reference `lem:mu-positive' on page 24 undefined on input line 2
21.


LaTeX Warning: Reference `eq:remote-second-order' on page 24 undefined on input
 line 227.


LaTeX Warning: Reference `eq:wall-centre' on page 24 undefined on input line 24
1.


LaTeX Warning: Reference `thm:cubic-fibre' on page 24 undefined on input line 2
74.


LaTeX Warning: Reference `eq:drem' on page 24 undefined on input line 277.


LaTeX Warning: Reference `lem:remote-control' on page 24 undefined on input lin
e 279.


LaTeX Warning: Reference `eq:entrance-law' on page 24 undefined on input line 2
88.


LaTeX Warning: Reference `eq:mu' on page 24 undefined on input line 289.


LaTeX Warning: Reference `eq:remote-f-identity' on page 24 undefined on input l
ine 291.


LaTeX Warning: Reference `eq:remote-h-identity' on page 24 undefined on input l
ine 291.


LaTeX Warning: Reference `prop:cubic-Q' on page 24 undefined on input line 297.



LaTeX Warning: Reference `thm:cubic-local' on page 24 undefined on input line 2
97.


LaTeX Warning: Reference `eq:cubic-C' on page 24 undefined on input line 303.


LaTeX Warning: Reference `eq:below-wall' on page 24 undefined on input line 304
.

[24]

LaTeX Warning: Reference `eq:above-wall' on page 25 undefined on input line 312
.


LaTeX Warning: Reference `eq:entrance-law' on page 25 undefined on input line 3
14.


LaTeX Warning: Reference `eq:nonident-opening' on page 25 undefined on input li
ne 330.


LaTeX Warning: Reference `eq:drem' on page 25 undefined on input line 337.


LaTeX Warning: Reference `sec:cubic' on page 25 undefined on input line 364.


LaTeX Warning: Reference `thm:mult-atlas' on page 25 undefined on input line 38
6.


LaTeX Warning: Reference `eq:I' on page 25 undefined on input line 387.


LaTeX Warning: Reference `ex:crossover' on page 25 undefined on input line 390.


) (./article/v98/references.tex [25]) [26] (./rigidity_v98.aux)

LaTeX Warning: There were undefined references.


LaTeX Warning: Label(s) may have changed. Rerun to get cross-references right.


Package rerunfilecheck Warning: File `rigidity_v98.out' has changed.
(rerunfilecheck)                Rerun to get outlines right
(rerunfilecheck)                or use package `bookmark'.

 ) )</usr/share/texlive/texmf-dist/fonts/type1/public/amsfonts/euler/eufm10.pfb
></usr/share/texmf/fonts/type1/public/lm/lmbx10.pfb></usr/share/texmf/fonts/typ
e1/public/lm/lmbx9.pfb></usr/share/texmf/fonts/type1/public/lm/lmcsc10.pfb></us
r/share/texmf/fonts/type1/public/lm/lmex10.pfb></usr/share/texmf/fonts/type1/pu
blic/lm/lmmi10.pfb></usr/share/texmf/fonts/type1/public/lm/lmmi6.pfb></usr/shar
e/texmf/fonts/type1/public/lm/lmmi8.pfb></usr/share/texmf/fonts/type1/public/lm
/lmmi9.pfb></usr/share/texmf/fonts/type1/public/lm/lmr10.pfb></usr/share/texmf/
fonts/type1/public/lm/lmr6.pfb></usr/share/texmf/fonts/type1/public/lm/lmr8.pfb
></usr/share/texmf/fonts/type1/public/lm/lmr9.pfb></usr/share/texmf/fonts/type1
/public/lm/lmri10.pfb></usr/share/texmf/fonts/type1/public/lm/lmri8.pfb></usr/s
hare/texmf/fonts/type1/public/lm/lmri9.pfb></usr/share/texmf/fonts/type1/public
/lm/lmss10.pfb></usr/share/texmf/fonts/type1/public/lm/lmss8.pfb></usr/share/te
xmf/fonts/type1/public/lm/lmsy10.pfb></usr/share/texmf/fonts/type1/public/lm/lm
sy6.pfb></usr/share/texmf/fonts/type1/public/lm/lmsy8.pfb></usr/share/texlive/t
exmf-dist/fonts/type1/public/amsfonts/symbols/msam10.pfb></usr/share/texlive/te
xmf-dist/fonts/type1/public/amsfonts/symbols/msbm10.pfb></usr/share/texlive/tex
mf-dist/fonts/type1/public/rsfs/rsfs10.pfb>
Output written on rigidity_v98.pdf (26 pages, 543451 bytes).
Transcript written on rigidity_v98.log.
Latexmk: Getting log file 'rigidity_v98.log'
Latexmk: Examining 'rigidity_v98.fls'
Latexmk: Examining 'rigidity_v98.log'
Latexmk: References changed.
Latexmk: References changed.
Latexmk: Log file says output to 'rigidity_v98.pdf'
Latexmk: applying rule 'pdflatex'...
Rule 'pdflatex':  Reasons for rerun
Changed files or newly in use/created:
  rigidity_v98.aux
  rigidity_v98.out

------------
Run number 2 of rule 'pdflatex'
------------
------------
Running 'pdflatex  -interaction=nonstopmode -halt-on-error -file-line-error -recorder  "rigidity_v98.tex"'
------------
This is pdfTeX, Version 3.141592653-2.6-1.40.25 (TeX Live 2023/Debian) (preloaded format=pdflatex)
 restricted \write18 enabled.
entering extended mode
(./rigidity_v98.tex
LaTeX2e <2023-11-01> patch level 1
L3 programming layer <2024-01-22>
(./article/v98/paper.tex (./article/v98/preamble.tex
(/usr/share/texlive/texmf-dist/tex/latex/amscls/amsart.cls
Document Class: amsart 2020/05/29 v2.20.6
(/usr/share/texlive/texmf-dist/tex/latex/amsmath/amsmath.sty
For additional information on amsmath, use the `?' option.
(/usr/share/texlive/texmf-dist/tex/latex/amsmath/amstext.sty
(/usr/share/texlive/texmf-dist/tex/latex/amsmath/amsgen.sty))
(/usr/share/texlive/texmf-dist/tex/latex/amsmath/amsbsy.sty)
(/usr/share/texlive/texmf-dist/tex/latex/amsmath/amsopn.sty))
(/usr/share/texlive/texmf-dist/tex/latex/amsfonts/umsa.fd)
(/usr/share/texlive/texmf-dist/tex/latex/amsfonts/amsfonts.sty))
(/usr/share/texlive/texmf-dist/tex/latex/base/fontenc.sty)
(/usr/share/texmf/tex/latex/lm/lmodern.sty)
(/usr/share/texlive/texmf-dist/tex/latex/amsfonts/amssymb.sty)
(/usr/share/texlive/texmf-dist/tex/latex/mathtools/mathtools.sty
(/usr/share/texlive/texmf-dist/tex/latex/graphics/keyval.sty)
(/usr/share/texlive/texmf-dist/tex/latex/tools/calc.sty)
(/usr/share/texlive/texmf-dist/tex/latex/mathtools/mhsetup.sty))
(/usr/share/texlive/texmf-dist/tex/latex/microtype/microtype.sty
(/usr/share/texlive/texmf-dist/tex/latex/etoolbox/etoolbox.sty)
(/usr/share/texlive/texmf-dist/tex/latex/microtype/microtype-pdftex.def)
(/usr/share/texlive/texmf-dist/tex/latex/microtype/microtype.cfg))
(/usr/share/texlive/texmf-dist/tex/latex/jknapltx/mathrsfs.sty)
(/usr/share/texlive/texmf-dist/tex/latex/geometry/geometry.sty
(/usr/share/texlive/texmf-dist/tex/generic/iftex/ifvtex.sty
(/usr/share/texlive/texmf-dist/tex/generic/iftex/iftex.sty)))
(/usr/share/texlive/texmf-dist/tex/latex/booktabs/booktabs.sty)
(/usr/share/texlive/texmf-dist/tex/latex/tools/longtable.sty)
(/usr/share/texlive/texmf-dist/tex/latex/tools/array.sty)
(/usr/share/texlive/texmf-dist/tex/latex/hyperref/hyperref.sty
(/usr/share/texlive/texmf-dist/tex/latex/kvsetkeys/kvsetkeys.sty)
(/usr/share/texlive/texmf-dist/tex/generic/kvdefinekeys/kvdefinekeys.sty)
(/usr/share/texlive/texmf-dist/tex/generic/pdfescape/pdfescape.sty
(/usr/share/texlive/texmf-dist/tex/generic/ltxcmds/ltxcmds.sty)
(/usr/share/texlive/texmf-dist/tex/generic/pdftexcmds/pdftexcmds.sty
(/usr/share/texlive/texmf-dist/tex/generic/infwarerr/infwarerr.sty)))
(/usr/share/texlive/texmf-dist/tex/latex/hycolor/hycolor.sty)
(/usr/share/texlive/texmf-dist/tex/latex/auxhook/auxhook.sty)
(/usr/share/texlive/texmf-dist/tex/latex/hyperref/nameref.sty
(/usr/share/texlive/texmf-dist/tex/latex/refcount/refcount.sty)
(/usr/share/texlive/texmf-dist/tex/generic/gettitlestring/gettitlestring.sty
(/usr/share/texlive/texmf-dist/tex/latex/kvoptions/kvoptions.sty)))
(/usr/share/texlive/texmf-dist/tex/latex/hyperref/pd1enc.def)
(/usr/share/texlive/texmf-dist/tex/generic/intcalc/intcalc.sty)
(/usr/share/texlive/texmf-dist/tex/latex/hyperref/puenc.def)
(/usr/share/texlive/texmf-dist/tex/latex/url/url.sty)
(/usr/share/texlive/texmf-dist/tex/generic/bitset/bitset.sty
(/usr/share/texlive/texmf-dist/tex/generic/bigintcalc/bigintcalc.sty))
(/usr/share/texlive/texmf-dist/tex/latex/base/atbegshi-ltx.sty))
(/usr/share/texlive/texmf-dist/tex/latex/hyperref/hpdftex.def
(/usr/share/texlive/texmf-dist/tex/latex/base/atveryend-ltx.sty)
(/usr/share/texlive/texmf-dist/tex/latex/rerunfilecheck/rerunfilecheck.sty
(/usr/share/texlive/texmf-dist/tex/generic/uniquecounter/uniquecounter.sty))))
(/usr/share/texmf/tex/latex/lm/t1lmr.fd)
(/usr/share/texlive/texmf-dist/tex/latex/l3backend/l3backend-pdftex.def)
(./rigidity_v98.aux) (/usr/share/texmf/tex/latex/lm/ot1lmr.fd)
(/usr/share/texmf/tex/latex/lm/omllmm.fd)
(/usr/share/texmf/tex/latex/lm/omslmsy.fd)
(/usr/share/texmf/tex/latex/lm/omxlmex.fd)
(/usr/share/texlive/texmf-dist/tex/latex/amsfonts/umsa.fd)
(/usr/share/texlive/texmf-dist/tex/latex/amsfonts/umsb.fd)
(/usr/share/texlive/texmf-dist/tex/latex/jknapltx/ursfs.fd)
(/usr/share/texlive/texmf-dist/tex/latex/graphics/graphicx.sty
(/usr/share/texlive/texmf-dist/tex/latex/graphics/graphics.sty
(/usr/share/texlive/texmf-dist/tex/latex/graphics/trig.sty)
(/usr/share/texlive/texmf-dist/tex/latex/graphics-cfg/graphics.cfg)
(/usr/share/texlive/texmf-dist/tex/latex/graphics-def/pdftex.def
(/usr/share/texlive/texmf-dist/tex/context/base/mkii/supp-pdf.mkii
[Loading MPS to PDF converter (version 2006.09.02).]
))) (/usr/share/texlive/texmf-dist/tex/latex/epstopdf-pkg/epstopdf-base.sty
(/usr/share/texlive/texmf-dist/tex/latex/latexconfig/epstopdf-sys.cfg)))
(/usr/share/texlive/texmf-dist/tex/latex/microtype/mt-cmr.cfg)
*geometry* driver: auto-detecting
*geometry* detected driver: pdftex
(./rigidity_v98.out) (./rigidity_v98.out)
(/usr/share/texlive/texmf-dist/tex/latex/microtype/mt-msa.cfg)
(/usr/share/texlive/texmf-dist/tex/latex/microtype/mt-msb.cfg) [1{/var/lib/texm
f/fonts/map/pdftex/updmap/pdftex.map}{/usr/share/texmf/fonts/enc/dvips/lm/lm-ec
.enc}{/usr/share/texmf/fonts/enc/dvips/lm/lm-mathit.enc}{/usr/share/texmf/fonts
/enc/dvips/lm/lm-rm.enc}{/usr/share/texmf/fonts/enc/dvips/lm/lm-mathsy.enc}]
[2{/usr/share/texmf/fonts/enc/dvips/lm/lm-mathex.enc}] (./article/v98/model.tex
(/usr/share/texmf/tex/latex/lm/ot1lmss.fd)
(/usr/share/texlive/texmf-dist/tex/latex/amsfonts/ueuf.fd)
(/usr/share/texlive/texmf-dist/tex/latex/microtype/mt-euf.cfg) [3])
(./article/v98/real_atlas.tex [4] [5] [6] [7] [8] [9] [10] [11])
(./article/v98/multiplicity.tex [12] [13] [14] [15]) (./article/v98/cubic.tex
[16] [17] [18] [19] [20]) (./article/v98/wall.tex [21] [22] [23] [24])
(./article/v98/references.tex [25]) [26] (./rigidity_v98.aux) ) )</usr/share/te
xlive/texmf-dist/fonts/type1/public/amsfonts/euler/eufm10.pfb></usr/share/texmf
/fonts/type1/public/lm/lmbx10.pfb></usr/share/texmf/fonts/type1/public/lm/lmbx9
.pfb></usr/share/texmf/fonts/type1/public/lm/lmcsc10.pfb></usr/share/texmf/font
s/type1/public/lm/lmex10.pfb></usr/share/texmf/fonts/type1/public/lm/lmmi10.pfb
></usr/share/texmf/fonts/type1/public/lm/lmmi6.pfb></usr/share/texmf/fonts/type
1/public/lm/lmmi8.pfb></usr/share/texmf/fonts/type1/public/lm/lmmi9.pfb></usr/s
hare/texmf/fonts/type1/public/lm/lmr10.pfb></usr/share/texmf/fonts/type1/public
/lm/lmr6.pfb></usr/share/texmf/fonts/type1/public/lm/lmr8.pfb></usr/share/texmf
/fonts/type1/public/lm/lmr9.pfb></usr/share/texmf/fonts/type1/public/lm/lmri10.
pfb></usr/share/texmf/fonts/type1/public/lm/lmri8.pfb></usr/share/texmf/fonts/t
ype1/public/lm/lmri9.pfb></usr/share/texmf/fonts/type1/public/lm/lmss10.pfb></u
sr/share/texmf/fonts/type1/public/lm/lmss8.pfb></usr/share/texmf/fonts/type1/pu
blic/lm/lmsy10.pfb></usr/share/texmf/fonts/type1/public/lm/lmsy6.pfb></usr/shar
e/texmf/fonts/type1/public/lm/lmsy8.pfb></usr/share/texlive/texmf-dist/fonts/ty
pe1/public/amsfonts/symbols/msam10.pfb></usr/share/texlive/texmf-dist/fonts/typ
e1/public/amsfonts/symbols/msbm10.pfb></usr/share/texlive/texmf-dist/fonts/type
1/public/rsfs/rsfs10.pfb>
Output written on rigidity_v98.pdf (26 pages, 549847 bytes).
Transcript written on rigidity_v98.log.
Latexmk: Getting log file 'rigidity_v98.log'
Latexmk: Examining 'rigidity_v98.fls'
Latexmk: Examining 'rigidity_v98.log'
Latexmk: Log file says output to 'rigidity_v98.pdf'
Latexmk: All targets (rigidity_v98.pdf) are up-to-date

Rc files read:
  /etc/LatexMk
Latexmk: This is Latexmk, John Collins, 31 Jan. 2024. Version 4.83.
No existing .aux file, so I'll make a simple one, and require run of *latex.
Force everything to be remade.
Latexmk: applying rule 'pdflatex'...
Rule 'pdflatex':  Reasons for rerun
Category 'other':
  Rerun of 'pdflatex' forced or previously required:
    Reason or flag: 'go_mode'

------------
Run number 1 of rule 'pdflatex'
------------
------------
Running 'pdflatex  -interaction=nonstopmode -halt-on-error -file-line-error -recorder  "rigidity_v97.tex"'
------------
This is pdfTeX, Version 3.141592653-2.6-1.40.25 (TeX Live 2023/Debian) (preloaded format=pdflatex)
 restricted \write18 enabled.
entering extended mode
(./rigidity_v97.tex
LaTeX2e <2023-11-01> patch level 1
L3 programming layer <2024-01-22>
(./article/v97/paper.tex (./article/v97/preamble.tex
(/usr/share/texlive/texmf-dist/tex/latex/amscls/amsart.cls
Document Class: amsart 2020/05/29 v2.20.6
(/usr/share/texlive/texmf-dist/tex/latex/amsmath/amsmath.sty
For additional information on amsmath, use the `?' option.
(/usr/share/texlive/texmf-dist/tex/latex/amsmath/amstext.sty
(/usr/share/texlive/texmf-dist/tex/latex/amsmath/amsgen.sty))
(/usr/share/texlive/texmf-dist/tex/latex/amsmath/amsbsy.sty)
(/usr/share/texlive/texmf-dist/tex/latex/amsmath/amsopn.sty))
(/usr/share/texlive/texmf-dist/tex/latex/amsfonts/umsa.fd)
(/usr/share/texlive/texmf-dist/tex/latex/amsfonts/amsfonts.sty))
(/usr/share/texlive/texmf-dist/tex/latex/base/fontenc.sty)
(/usr/share/texmf/tex/latex/lm/lmodern.sty)
(/usr/share/texlive/texmf-dist/tex/latex/amsfonts/amssymb.sty)
(/usr/share/texlive/texmf-dist/tex/latex/mathtools/mathtools.sty
(/usr/share/texlive/texmf-dist/tex/latex/graphics/keyval.sty)
(/usr/share/texlive/texmf-dist/tex/latex/tools/calc.sty)
(/usr/share/texlive/texmf-dist/tex/latex/mathtools/mhsetup.sty))
(/usr/share/texlive/texmf-dist/tex/latex/microtype/microtype.sty
(/usr/share/texlive/texmf-dist/tex/latex/etoolbox/etoolbox.sty)
(/usr/share/texlive/texmf-dist/tex/latex/microtype/microtype-pdftex.def)
(/usr/share/texlive/texmf-dist/tex/latex/microtype/microtype.cfg))
(/usr/share/texlive/texmf-dist/tex/latex/jknapltx/mathrsfs.sty)
(/usr/share/texlive/texmf-dist/tex/latex/geometry/geometry.sty
(/usr/share/texlive/texmf-dist/tex/generic/iftex/ifvtex.sty
(/usr/share/texlive/texmf-dist/tex/generic/iftex/iftex.sty)))
(/usr/share/texlive/texmf-dist/tex/latex/booktabs/booktabs.sty)
(/usr/share/texlive/texmf-dist/tex/latex/tools/longtable.sty)
(/usr/share/texlive/texmf-dist/tex/latex/tools/array.sty)
(/usr/share/texlive/texmf-dist/tex/latex/hyperref/hyperref.sty
(/usr/share/texlive/texmf-dist/tex/latex/kvsetkeys/kvsetkeys.sty)
(/usr/share/texlive/texmf-dist/tex/generic/kvdefinekeys/kvdefinekeys.sty)
(/usr/share/texlive/texmf-dist/tex/generic/pdfescape/pdfescape.sty
(/usr/share/texlive/texmf-dist/tex/generic/ltxcmds/ltxcmds.sty)
(/usr/share/texlive/texmf-dist/tex/generic/pdftexcmds/pdftexcmds.sty
(/usr/share/texlive/texmf-dist/tex/generic/infwarerr/infwarerr.sty)))
(/usr/share/texlive/texmf-dist/tex/latex/hycolor/hycolor.sty)
(/usr/share/texlive/texmf-dist/tex/latex/auxhook/auxhook.sty)
(/usr/share/texlive/texmf-dist/tex/latex/hyperref/nameref.sty
(/usr/share/texlive/texmf-dist/tex/latex/refcount/refcount.sty)
(/usr/share/texlive/texmf-dist/tex/generic/gettitlestring/gettitlestring.sty
(/usr/share/texlive/texmf-dist/tex/latex/kvoptions/kvoptions.sty)))
(/usr/share/texlive/texmf-dist/tex/latex/hyperref/pd1enc.def)
(/usr/share/texlive/texmf-dist/tex/generic/intcalc/intcalc.sty)
(/usr/share/texlive/texmf-dist/tex/latex/hyperref/puenc.def)
(/usr/share/texlive/texmf-dist/tex/latex/url/url.sty)
(/usr/share/texlive/texmf-dist/tex/generic/bitset/bitset.sty
(/usr/share/texlive/texmf-dist/tex/generic/bigintcalc/bigintcalc.sty))
(/usr/share/texlive/texmf-dist/tex/latex/base/atbegshi-ltx.sty))
(/usr/share/texlive/texmf-dist/tex/latex/hyperref/hpdftex.def
(/usr/share/texlive/texmf-dist/tex/latex/base/atveryend-ltx.sty)
(/usr/share/texlive/texmf-dist/tex/latex/rerunfilecheck/rerunfilecheck.sty
(/usr/share/texlive/texmf-dist/tex/generic/uniquecounter/uniquecounter.sty))))
(/usr/share/texmf/tex/latex/lm/t1lmr.fd)
(/usr/share/texlive/texmf-dist/tex/latex/l3backend/l3backend-pdftex.def)
(./rigidity_v97.aux) (/usr/share/texmf/tex/latex/lm/ot1lmr.fd)
(/usr/share/texmf/tex/latex/lm/omllmm.fd)
(/usr/share/texmf/tex/latex/lm/omslmsy.fd)
(/usr/share/texmf/tex/latex/lm/omxlmex.fd)
(/usr/share/texlive/texmf-dist/tex/latex/amsfonts/umsa.fd)
(/usr/share/texlive/texmf-dist/tex/latex/amsfonts/umsb.fd)
(/usr/share/texlive/texmf-dist/tex/latex/jknapltx/ursfs.fd)
(/usr/share/texlive/texmf-dist/tex/latex/graphics/graphicx.sty
(/usr/share/texlive/texmf-dist/tex/latex/graphics/graphics.sty
(/usr/share/texlive/texmf-dist/tex/latex/graphics/trig.sty)
(/usr/share/texlive/texmf-dist/tex/latex/graphics-cfg/graphics.cfg)
(/usr/share/texlive/texmf-dist/tex/latex/graphics-def/pdftex.def
(/usr/share/texlive/texmf-dist/tex/context/base/mkii/supp-pdf.mkii
[Loading MPS to PDF converter (version 2006.09.02).]
))) (/usr/share/texlive/texmf-dist/tex/latex/epstopdf-pkg/epstopdf-base.sty
(/usr/share/texlive/texmf-dist/tex/latex/latexconfig/epstopdf-sys.cfg)))
(/usr/share/texlive/texmf-dist/tex/latex/microtype/mt-cmr.cfg)
*geometry* driver: auto-detecting
*geometry* detected driver: pdftex
(/usr/share/texlive/texmf-dist/tex/latex/microtype/mt-msa.cfg)
(/usr/share/texlive/texmf-dist/tex/latex/microtype/mt-msb.cfg)

LaTeX Warning: Reference `thm:joint' on page 1 undefined on input line 48.


LaTeX Warning: Reference `prop:real-cover' on page 1 undefined on input line 49
.


LaTeX Warning: Reference `thm:atlas' on page 1 undefined on input line 51.


LaTeX Warning: Reference `thm:mult-atlas' on page 1 undefined on input line 60.


[1{/var/lib/texmf/fonts/map/pdftex/updmap/pdftex.map}{/usr/share/texmf/fonts/en
c/dvips/lm/lm-ec.enc}{/usr/share/texmf/fonts/enc/dvips/lm/lm-mathit.enc}{/usr/s
hare/texmf/fonts/enc/dvips/lm/lm-rm.enc}{/usr/share/texmf/fonts/enc/dvips/lm/lm
-mathex.enc}{/usr/share/texmf/fonts/enc/dvips/lm/lm-mathsy.enc}]

LaTeX Warning: Reference `thm:cubic-fibre' on page 2 undefined on input line 81
.


LaTeX Warning: Reference `thm:wall' on page 2 undefined on input line 84.


LaTeX Warning: Reference `tab:comparison' on page 2 undefined on input line 97.



LaTeX Warning: Citation `BE09' on page 2 undefined on input line 109.


LaTeX Warning: Citation `BM88' on page 2 undefined on input line 112.


LaTeX Warning: Citation `BM97' on page 2 undefined on input line 112.


LaTeX Warning: Citation `BCR98' on page 2 undefined on input line 114.


LaTeX Warning: Citation `BPR06' on page 2 undefined on input line 114.


LaTeX Warning: Citation `Hardt80' on page 2 undefined on input line 118.


LaTeX Warning: Citation `Ha26' on page 2 undefined on input line 124.


LaTeX Warning: Reference `thm:mult-atlas' on page 2 undefined on input line 130
.


LaTeX Warning: Reference `thm:cubic-fibre' on page 2 undefined on input line 13
3.


LaTeX Warning: Reference `thm:wall' on page 2 undefined on input line 133.

[2]

LaTeX Warning: Citation `Ha26' on page 3 undefined on input line 137.


LaTeX Warning: Reference `sec:model' on page 3 undefined on input line 148.


LaTeX Warning: Reference `sec:real' on page 3 undefined on input line 148.


LaTeX Warning: Reference `sec:multiplicity' on page 3 undefined on input line 1
49.


LaTeX Warning: Reference `sec:cubic' on page 3 undefined on input line 150.


LaTeX Warning: Reference `sec:wall' on page 3 undefined on input line 150.

(./article/v97/model.tex (/usr/share/texmf/tex/latex/lm/ot1lmss.fd)
(/usr/share/texlive/texmf-dist/tex/latex/amsfonts/ueuf.fd)
(/usr/share/texlive/texmf-dist/tex/latex/microtype/mt-euf.cfg) [3]

LaTeX Warning: Reference `lem:normalizer' on page 4 undefined on input line 88.


[4]) (./article/v97/real_atlas.tex [5]

LaTeX Warning: Reference `def:monomial' on page 6 undefined on input line 68.


LaTeX Warning: Reference `def:input' on page 6 undefined on input line 71.


LaTeX Warning: Citation `BCR98' on page 6 undefined on input line 77.


LaTeX Warning: Citation `BPR06' on page 6 undefined on input line 77.


LaTeX Warning: Citation `BM97' on page 6 undefined on input line 85.


LaTeX Warning: Citation `BM88' on page 6 undefined on input line 121.


LaTeX Warning: Reference `eq:exponent' on page 6 undefined on input line 138.

[6]

LaTeX Warning: Reference `eq:closure-formula' on page 7 undefined on input line
 184.


LaTeX Warning: Reference `cor:orders' on page 7 undefined on input line 204.


LaTeX Warning: Reference `eq:weighted' on page 7 undefined on input line 204.


LaTeX Warning: Reference `eq:closure-formula' on page 7 undefined on input line
 207.


LaTeX Warning: Reference `eq:weighted' on page 7 undefined on input line 222.


LaTeX Warning: Reference `eq:joint-diameter' on page 7 undefined on input line 
223.


LaTeX Warning: Reference `cor:orders' on page 7 undefined on input line 225.


LaTeX Warning: Reference `eq:closure-formula' on page 7 undefined on input line
 228.

[7]

LaTeX Warning: Reference `def:monomial' on page 8 undefined on input line 264.


LaTeX Warning: Reference `prop:real-cover' on page 8 undefined on input line 28
5.

[8]

LaTeX Warning: Reference `eq:exponent' on page 9 undefined on input line 329.


LaTeX Warning: Citation `Hardt80' on page 9 undefined on input line 352.


LaTeX Warning: Reference `lem:relative' on page 9 undefined on input line 358.


LaTeX Warning: Reference `eq:closure-formula' on page 9 undefined on input line
 361.


LaTeX Warning: Reference `thm:joint' on page 9 undefined on input line 370.

[9]

LaTeX Warning: Reference `thm:atlas' on page 10 undefined on input line 391.


LaTeX Warning: Reference `sec:multiplicity' on page 10 undefined on input line 
396.


LaTeX Warning: Reference `sec:wall' on page 10 undefined on input line 396.

) (./article/v97/multiplicity.tex

LaTeX Warning: Reference `eq:model' on page 10 undefined on input line 3.


LaTeX Warning: Reference `eq:score' on page 10 undefined on input line 20.

[10]

LaTeX Warning: Reference `eq:mult-jet' on page 11 undefined on input line 97.


LaTeX Warning: Reference `lem:fullrank' on page 11 undefined on input line 127.



LaTeX Warning: Reference `eq:mult-jet' on page 11 undefined on input line 129.

[11]

LaTeX Warning: Reference `eq:explicit-orders' on page 12 undefined on input lin
e 149.


LaTeX Warning: Reference `eq:explicit-orders' on page 12 undefined on input lin
e 161.


LaTeX Warning: Reference `eq:mult-jet' on page 12 undefined on input line 165.


LaTeX Warning: Reference `eq:mult-leading' on page 12 undefined on input line 1
78.


LaTeX Warning: Reference `eq:mult-leading' on page 12 undefined on input line 1
82.


LaTeX Warning: Reference `eq:mult-expand' on page 12 undefined on input line 18
9.


LaTeX Warning: Reference `lem:ordered' on page 12 undefined on input line 196.


LaTeX Warning: Reference `eq:mult-C' on page 12 undefined on input line 201.


LaTeX Warning: Reference `eq:linear-leading' on page 12 undefined on input line
 209.

[12]

LaTeX Warning: Reference `eq:linear-leading' on page 13 undefined on input line
 224.


LaTeX Warning: Reference `eq:matching-formula' on page 13 undefined on input li
ne 227.


LaTeX Warning: Reference `thm:atlas' on page 13 undefined on input line 230.


LaTeX Warning: Reference `sec:real' on page 13 undefined on input line 259.


LaTeX Warning: Reference `sec:wall' on page 13 undefined on input line 261.

) (./article/v97/cubic.tex

LaTeX Warning: Reference `eq:ABE' on page 13 undefined on input line 12.

[13]

LaTeX Warning: Reference `lem:normalizer' on page 14 undefined on input line 35
.


LaTeX Warning: Reference `lem:fullrank' on page 14 undefined on input line 36.

[14]

LaTeX Warning: Reference `eq:disc' on page 15 undefined on input line 122.


LaTeX Warning: Reference `eq:local-inverse' on page 15 undefined on input line 
139.


LaTeX Warning: Reference `eq:separation' on page 15 undefined on input line 152
.


LaTeX Warning: Reference `thm:cubic-fibre' on page 15 undefined on input line 1
54.


LaTeX Warning: Reference `eq:mult-Q' on page 15 undefined on input line 171.

[15]

LaTeX Warning: Reference `lem:local-cubic' on page 16 undefined on input line 2
03.


LaTeX Warning: Reference `eq:cubic-jets' on page 16 undefined on input line 204
.


LaTeX Warning: Reference `eq:I' on page 16 undefined on input line 237.


LaTeX Warning: Reference `prop:cubic-Q' on page 16 undefined on input line 257.


[16]

LaTeX Warning: Reference `lem:ordered' on page 17 undefined on input line 264.


LaTeX Warning: Reference `eq:cubic-C' on page 17 undefined on input line 267.


LaTeX Warning: Reference `prop:cubic-Q' on page 17 undefined on input line 268.



LaTeX Warning: Reference `lem:local-cubic' on page 17 undefined on input line 2
70.


LaTeX Warning: Reference `eq:cubic-C' on page 17 undefined on input line 312.

) (./article/v97/wall.tex [17]

LaTeX Warning: Reference `eq:remote-channel' on page 18 undefined on input line
 43.


LaTeX Warning: Reference `eq:remote-jets' on page 18 undefined on input line 49
.


LaTeX Warning: Reference `lem:normalizer' on page 18 undefined on input line 62
.


LaTeX Warning: Reference `lem:local-cubic' on page 18 undefined on input line 7
1.


LaTeX Warning: Reference `eq:disc' on page 18 undefined on input line 73.


LaTeX Warning: Reference `eq:remote-jets' on page 18 undefined on input line 83
.


LaTeX Warning: Reference `eq:mu' on page 18 undefined on input line 86.

[18]

LaTeX Warning: Reference `prop:cubic-Q' on page 19 undefined on input line 106.



LaTeX Warning: Reference `eq:remote-jets' on page 19 undefined on input line 11
8.


LaTeX Warning: Reference `eq:remote-jets' on page 19 undefined on input line 12
3.


LaTeX Warning: Reference `lem:mu-positive' on page 19 undefined on input line 1
38.


LaTeX Warning: Reference `eq:remote-jets' on page 19 undefined on input line 14
1.


LaTeX Warning: Reference `eq:wall-centre' on page 19 undefined on input line 16
0.

[19]

LaTeX Warning: Reference `thm:cubic-fibre' on page 20 undefined on input line 1
92.


LaTeX Warning: Reference `eq:drem' on page 20 undefined on input line 195.


LaTeX Warning: Reference `lem:remote-control' on page 20 undefined on input lin
e 197.


LaTeX Warning: Reference `eq:entrance-law' on page 20 undefined on input line 2
05.


LaTeX Warning: Reference `eq:mu' on page 20 undefined on input line 206.


LaTeX Warning: Reference `lem:remote-control' on page 20 undefined on input lin
e 207.


LaTeX Warning: Reference `prop:cubic-Q' on page 20 undefined on input line 210.



LaTeX Warning: Reference `thm:cubic-local' on page 20 undefined on input line 2
10.


LaTeX Warning: Reference `eq:cubic-C' on page 20 undefined on input line 216.


LaTeX Warning: Reference `eq:below-wall' on page 20 undefined on input line 217
.


LaTeX Warning: Reference `eq:above-wall' on page 20 undefined on input line 225
.


LaTeX Warning: Reference `eq:entrance-law' on page 20 undefined on input line 2
27.


LaTeX Warning: Reference `eq:nonident-opening' on page 20 undefined on input li
ne 245.


LaTeX Warning: Reference `eq:drem' on page 20 undefined on input line 251.

[20]

LaTeX Warning: Reference `eq:cubic-C' on page 21 undefined on input line 274.


LaTeX Warning: Reference `eq:remote-jets' on page 21 undefined on input line 27
7.


LaTeX Warning: Reference `sec:cubic' on page 21 undefined on input line 283.


LaTeX Warning: Reference `thm:mult-atlas' on page 21 undefined on input line 30
8.


LaTeX Warning: Reference `eq:I' on page 21 undefined on input line 309.


LaTeX Warning: Reference `ex:crossover' on page 21 undefined on input line 313.


) (./article/v97/references.tex) [21] (./rigidity_v97.aux)

LaTeX Warning: There were undefined references.


LaTeX Warning: Label(s) may have changed. Rerun to get cross-references right.


Package rerunfilecheck Warning: File `rigidity_v97.out' has changed.
(rerunfilecheck)                Rerun to get outlines right
(rerunfilecheck)                or use package `bookmark'.

 ) )</usr/share/texlive/texmf-dist/fonts/type1/public/amsfonts/euler/eufm10.pfb
></usr/share/texmf/fonts/type1/public/lm/lmbx10.pfb></usr/share/texmf/fonts/typ
e1/public/lm/lmbx9.pfb></usr/share/texmf/fonts/type1/public/lm/lmcsc10.pfb></us
r/share/texmf/fonts/type1/public/lm/lmex10.pfb></usr/share/texmf/fonts/type1/pu
blic/lm/lmmi10.pfb></usr/share/texmf/fonts/type1/public/lm/lmmi6.pfb></usr/shar
e/texmf/fonts/type1/public/lm/lmmi8.pfb></usr/share/texmf/fonts/type1/public/lm
/lmmi9.pfb></usr/share/texmf/fonts/type1/public/lm/lmr10.pfb></usr/share/texmf/
fonts/type1/public/lm/lmr6.pfb></usr/share/texmf/fonts/type1/public/lm/lmr8.pfb
></usr/share/texmf/fonts/type1/public/lm/lmr9.pfb></usr/share/texmf/fonts/type1
/public/lm/lmri10.pfb></usr/share/texmf/fonts/type1/public/lm/lmri8.pfb></usr/s
hare/texmf/fonts/type1/public/lm/lmri9.pfb></usr/share/texmf/fonts/type1/public
/lm/lmss10.pfb></usr/share/texmf/fonts/type1/public/lm/lmss8.pfb></usr/share/te
xmf/fonts/type1/public/lm/lmsy10.pfb></usr/share/texmf/fonts/type1/public/lm/lm
sy6.pfb></usr/share/texmf/fonts/type1/public/lm/lmsy8.pfb></usr/share/texmf/fon
ts/type1/public/lm/lmsy9.pfb></usr/share/texlive/texmf-dist/fonts/type1/public/
amsfonts/symbols/msam10.pfb></usr/share/texlive/texmf-dist/fonts/type1/public/a
msfonts/symbols/msbm10.pfb></usr/share/texlive/texmf-dist/fonts/type1/public/rs
fs/rsfs10.pfb>
Output written on rigidity_v97.pdf (21 pages, 510202 bytes).
Transcript written on rigidity_v97.log.
Latexmk: Getting log file 'rigidity_v97.log'
Latexmk: Examining 'rigidity_v97.fls'
Latexmk: Examining 'rigidity_v97.log'
Latexmk: References changed.
Latexmk: References changed.
Latexmk: Log file says output to 'rigidity_v97.pdf'
Latexmk: applying rule 'pdflatex'...
Rule 'pdflatex':  Reasons for rerun
Changed files or newly in use/created:
  rigidity_v97.aux
  rigidity_v97.out

------------
Run number 2 of rule 'pdflatex'
------------
------------
Running 'pdflatex  -interaction=nonstopmode -halt-on-error -file-line-error -recorder  "rigidity_v97.tex"'
------------
This is pdfTeX, Version 3.141592653-2.6-1.40.25 (TeX Live 2023/Debian) (preloaded format=pdflatex)
 restricted \write18 enabled.
entering extended mode
(./rigidity_v97.tex
LaTeX2e <2023-11-01> patch level 1
L3 programming layer <2024-01-22>
(./article/v97/paper.tex (./article/v97/preamble.tex
(/usr/share/texlive/texmf-dist/tex/latex/amscls/amsart.cls
Document Class: amsart 2020/05/29 v2.20.6
(/usr/share/texlive/texmf-dist/tex/latex/amsmath/amsmath.sty
For additional information on amsmath, use the `?' option.
(/usr/share/texlive/texmf-dist/tex/latex/amsmath/amstext.sty
(/usr/share/texlive/texmf-dist/tex/latex/amsmath/amsgen.sty))
(/usr/share/texlive/texmf-dist/tex/latex/amsmath/amsbsy.sty)
(/usr/share/texlive/texmf-dist/tex/latex/amsmath/amsopn.sty))
(/usr/share/texlive/texmf-dist/tex/latex/amsfonts/umsa.fd)
(/usr/share/texlive/texmf-dist/tex/latex/amsfonts/amsfonts.sty))
(/usr/share/texlive/texmf-dist/tex/latex/base/fontenc.sty)
(/usr/share/texmf/tex/latex/lm/lmodern.sty)
(/usr/share/texlive/texmf-dist/tex/latex/amsfonts/amssymb.sty)
(/usr/share/texlive/texmf-dist/tex/latex/mathtools/mathtools.sty
(/usr/share/texlive/texmf-dist/tex/latex/graphics/keyval.sty)
(/usr/share/texlive/texmf-dist/tex/latex/tools/calc.sty)
(/usr/share/texlive/texmf-dist/tex/latex/mathtools/mhsetup.sty))
(/usr/share/texlive/texmf-dist/tex/latex/microtype/microtype.sty
(/usr/share/texlive/texmf-dist/tex/latex/etoolbox/etoolbox.sty)
(/usr/share/texlive/texmf-dist/tex/latex/microtype/microtype-pdftex.def)
(/usr/share/texlive/texmf-dist/tex/latex/microtype/microtype.cfg))
(/usr/share/texlive/texmf-dist/tex/latex/jknapltx/mathrsfs.sty)
(/usr/share/texlive/texmf-dist/tex/latex/geometry/geometry.sty
(/usr/share/texlive/texmf-dist/tex/generic/iftex/ifvtex.sty
(/usr/share/texlive/texmf-dist/tex/generic/iftex/iftex.sty)))
(/usr/share/texlive/texmf-dist/tex/latex/booktabs/booktabs.sty)
(/usr/share/texlive/texmf-dist/tex/latex/tools/longtable.sty)
(/usr/share/texlive/texmf-dist/tex/latex/tools/array.sty)
(/usr/share/texlive/texmf-dist/tex/latex/hyperref/hyperref.sty
(/usr/share/texlive/texmf-dist/tex/latex/kvsetkeys/kvsetkeys.sty)
(/usr/share/texlive/texmf-dist/tex/generic/kvdefinekeys/kvdefinekeys.sty)
(/usr/share/texlive/texmf-dist/tex/generic/pdfescape/pdfescape.sty
(/usr/share/texlive/texmf-dist/tex/generic/ltxcmds/ltxcmds.sty)
(/usr/share/texlive/texmf-dist/tex/generic/pdftexcmds/pdftexcmds.sty
(/usr/share/texlive/texmf-dist/tex/generic/infwarerr/infwarerr.sty)))
(/usr/share/texlive/texmf-dist/tex/latex/hycolor/hycolor.sty)
(/usr/share/texlive/texmf-dist/tex/latex/auxhook/auxhook.sty)
(/usr/share/texlive/texmf-dist/tex/latex/hyperref/nameref.sty
(/usr/share/texlive/texmf-dist/tex/latex/refcount/refcount.sty)
(/usr/share/texlive/texmf-dist/tex/generic/gettitlestring/gettitlestring.sty
(/usr/share/texlive/texmf-dist/tex/latex/kvoptions/kvoptions.sty)))
(/usr/share/texlive/texmf-dist/tex/latex/hyperref/pd1enc.def)
(/usr/share/texlive/texmf-dist/tex/generic/intcalc/intcalc.sty)
(/usr/share/texlive/texmf-dist/tex/latex/hyperref/puenc.def)
(/usr/share/texlive/texmf-dist/tex/latex/url/url.sty)
(/usr/share/texlive/texmf-dist/tex/generic/bitset/bitset.sty
(/usr/share/texlive/texmf-dist/tex/generic/bigintcalc/bigintcalc.sty))
(/usr/share/texlive/texmf-dist/tex/latex/base/atbegshi-ltx.sty))
(/usr/share/texlive/texmf-dist/tex/latex/hyperref/hpdftex.def
(/usr/share/texlive/texmf-dist/tex/latex/base/atveryend-ltx.sty)
(/usr/share/texlive/texmf-dist/tex/latex/rerunfilecheck/rerunfilecheck.sty
(/usr/share/texlive/texmf-dist/tex/generic/uniquecounter/uniquecounter.sty))))
(/usr/share/texmf/tex/latex/lm/t1lmr.fd)
(/usr/share/texlive/texmf-dist/tex/latex/l3backend/l3backend-pdftex.def)
(./rigidity_v97.aux) (/usr/share/texmf/tex/latex/lm/ot1lmr.fd)
(/usr/share/texmf/tex/latex/lm/omllmm.fd)
(/usr/share/texmf/tex/latex/lm/omslmsy.fd)
(/usr/share/texmf/tex/latex/lm/omxlmex.fd)
(/usr/share/texlive/texmf-dist/tex/latex/amsfonts/umsa.fd)
(/usr/share/texlive/texmf-dist/tex/latex/amsfonts/umsb.fd)
(/usr/share/texlive/texmf-dist/tex/latex/jknapltx/ursfs.fd)
(/usr/share/texlive/texmf-dist/tex/latex/graphics/graphicx.sty
(/usr/share/texlive/texmf-dist/tex/latex/graphics/graphics.sty
(/usr/share/texlive/texmf-dist/tex/latex/graphics/trig.sty)
(/usr/share/texlive/texmf-dist/tex/latex/graphics-cfg/graphics.cfg)
(/usr/share/texlive/texmf-dist/tex/latex/graphics-def/pdftex.def
(/usr/share/texlive/texmf-dist/tex/context/base/mkii/supp-pdf.mkii
[Loading MPS to PDF converter (version 2006.09.02).]
))) (/usr/share/texlive/texmf-dist/tex/latex/epstopdf-pkg/epstopdf-base.sty
(/usr/share/texlive/texmf-dist/tex/latex/latexconfig/epstopdf-sys.cfg)))
(/usr/share/texlive/texmf-dist/tex/latex/microtype/mt-cmr.cfg)
*geometry* driver: auto-detecting
*geometry* detected driver: pdftex
(./rigidity_v97.out) (./rigidity_v97.out)
(/usr/share/texlive/texmf-dist/tex/latex/microtype/mt-msa.cfg)
(/usr/share/texlive/texmf-dist/tex/latex/microtype/mt-msb.cfg) [1{/var/lib/texm
f/fonts/map/pdftex/updmap/pdftex.map}{/usr/share/texmf/fonts/enc/dvips/lm/lm-ec
.enc}{/usr/share/texmf/fonts/enc/dvips/lm/lm-mathit.enc}{/usr/share/texmf/fonts
/enc/dvips/lm/lm-rm.enc}{/usr/share/texmf/fonts/enc/dvips/lm/lm-mathex.enc}{/us
r/share/texmf/fonts/enc/dvips/lm/lm-mathsy.enc}] [2] (./article/v97/model.tex
(/usr/share/texmf/tex/latex/lm/ot1lmss.fd)
(/usr/share/texlive/texmf-dist/tex/latex/amsfonts/ueuf.fd)
(/usr/share/texlive/texmf-dist/tex/latex/microtype/mt-euf.cfg) [3] [4])
(./article/v97/real_atlas.tex [5] [6] [7] [8] [9])
(./article/v97/multiplicity.tex [10] [11] [12]) (./article/v97/cubic.tex
[13] [14] [15] [16]) (./article/v97/wall.tex [17] [18] [19] [20])
(./article/v97/references.tex) [21] (./rigidity_v97.aux) ) )</usr/share/texlive
/texmf-dist/fonts/type1/public/amsfonts/euler/eufm10.pfb></usr/share/texmf/font
s/type1/public/lm/lmbx10.pfb></usr/share/texmf/fonts/type1/public/lm/lmbx9.pfb>
</usr/share/texmf/fonts/type1/public/lm/lmcsc10.pfb></usr/share/texmf/fonts/typ
e1/public/lm/lmex10.pfb></usr/share/texmf/fonts/type1/public/lm/lmmi10.pfb></us
r/share/texmf/fonts/type1/public/lm/lmmi6.pfb></usr/share/texmf/fonts/type1/pub
lic/lm/lmmi8.pfb></usr/share/texmf/fonts/type1/public/lm/lmmi9.pfb></usr/share/
texmf/fonts/type1/public/lm/lmr10.pfb></usr/share/texmf/fonts/type1/public/lm/l
mr6.pfb></usr/share/texmf/fonts/type1/public/lm/lmr8.pfb></usr/share/texmf/font
s/type1/public/lm/lmr9.pfb></usr/share/texmf/fonts/type1/public/lm/lmri10.pfb><
/usr/share/texmf/fonts/type1/public/lm/lmri8.pfb></usr/share/texmf/fonts/type1/
public/lm/lmri9.pfb></usr/share/texmf/fonts/type1/public/lm/lmss10.pfb></usr/sh
are/texmf/fonts/type1/public/lm/lmss8.pfb></usr/share/texmf/fonts/type1/public/
lm/lmsy10.pfb></usr/share/texmf/fonts/type1/public/lm/lmsy6.pfb></usr/share/tex
mf/fonts/type1/public/lm/lmsy8.pfb></usr/share/texmf/fonts/type1/public/lm/lmsy
9.pfb></usr/share/texlive/texmf-dist/fonts/type1/public/amsfonts/symbols/msam10
.pfb></usr/share/texlive/texmf-dist/fonts/type1/public/amsfonts/symbols/msbm10.
pfb></usr/share/texlive/texmf-dist/fonts/type1/public/rsfs/rsfs10.pfb>
Output written on rigidity_v97.pdf (21 pages, 515314 bytes).
Transcript written on rigidity_v97.log.
Latexmk: Getting log file 'rigidity_v97.log'
Latexmk: Examining 'rigidity_v97.fls'
Latexmk: Examining 'rigidity_v97.log'
Latexmk: Log file says output to 'rigidity_v97.pdf'
Latexmk: All targets (rigidity_v97.pdf) are up-to-date

Rc files read:
  /etc/LatexMk
Latexmk: This is Latexmk, John Collins, 31 Jan. 2024. Version 4.83.
No existing .aux file, so I'll make a simple one, and require run of *latex.
Force everything to be remade.
Latexmk: applying rule 'pdflatex'...
Rule 'pdflatex':  Reasons for rerun
Category 'other':
  Rerun of 'pdflatex' forced or previously required:
    Reason or flag: 'go_mode'

------------
Run number 1 of rule 'pdflatex'
------------
------------
Running 'pdflatex  -interaction=nonstopmode -halt-on-error -file-line-error -recorder  "rigidity_v97_archive.tex"'
------------
This is pdfTeX, Version 3.141592653-2.6-1.40.25 (TeX Live 2023/Debian) (preloaded format=pdflatex)
 restricted \write18 enabled.
entering extended mode
(./rigidity_v97_archive.tex
LaTeX2e <2023-11-01> patch level 1
L3 programming layer <2024-01-22>
(./rigidity_v96.tex (./article/v96/paper.tex (./article/v96/preamble.tex
(/usr/share/texlive/texmf-dist/tex/latex/amscls/amsart.cls
Document Class: amsart 2020/05/29 v2.20.6
(/usr/share/texlive/texmf-dist/tex/latex/amsmath/amsmath.sty
For additional information on amsmath, use the `?' option.
(/usr/share/texlive/texmf-dist/tex/latex/amsmath/amstext.sty
(/usr/share/texlive/texmf-dist/tex/latex/amsmath/amsgen.sty))
(/usr/share/texlive/texmf-dist/tex/latex/amsmath/amsbsy.sty)
(/usr/share/texlive/texmf-dist/tex/latex/amsmath/amsopn.sty))
(/usr/share/texlive/texmf-dist/tex/latex/amsfonts/umsa.fd)
(/usr/share/texlive/texmf-dist/tex/latex/amsfonts/amsfonts.sty))
(/usr/share/texlive/texmf-dist/tex/latex/base/fontenc.sty)
(/usr/share/texmf/tex/latex/lm/lmodern.sty)
(/usr/share/texlive/texmf-dist/tex/latex/amsfonts/amssymb.sty)
(/usr/share/texlive/texmf-dist/tex/latex/mathtools/mathtools.sty
(/usr/share/texlive/texmf-dist/tex/latex/graphics/keyval.sty)
(/usr/share/texlive/texmf-dist/tex/latex/tools/calc.sty)
(/usr/share/texlive/texmf-dist/tex/latex/mathtools/mhsetup.sty))
(/usr/share/texlive/texmf-dist/tex/latex/microtype/microtype.sty
(/usr/share/texlive/texmf-dist/tex/latex/etoolbox/etoolbox.sty)
(/usr/share/texlive/texmf-dist/tex/latex/microtype/microtype-pdftex.def)
(/usr/share/texlive/texmf-dist/tex/latex/microtype/microtype.cfg))
(/usr/share/texlive/texmf-dist/tex/latex/jknapltx/mathrsfs.sty)
(/usr/share/texlive/texmf-dist/tex/latex/geometry/geometry.sty
(/usr/share/texlive/texmf-dist/tex/generic/iftex/ifvtex.sty
(/usr/share/texlive/texmf-dist/tex/generic/iftex/iftex.sty)))
(/usr/share/texlive/texmf-dist/tex/latex/hyperref/hyperref.sty
(/usr/share/texlive/texmf-dist/tex/latex/kvsetkeys/kvsetkeys.sty)
(/usr/share/texlive/texmf-dist/tex/generic/kvdefinekeys/kvdefinekeys.sty)
(/usr/share/texlive/texmf-dist/tex/generic/pdfescape/pdfescape.sty
(/usr/share/texlive/texmf-dist/tex/generic/ltxcmds/ltxcmds.sty)
(/usr/share/texlive/texmf-dist/tex/generic/pdftexcmds/pdftexcmds.sty
(/usr/share/texlive/texmf-dist/tex/generic/infwarerr/infwarerr.sty)))
(/usr/share/texlive/texmf-dist/tex/latex/hycolor/hycolor.sty)
(/usr/share/texlive/texmf-dist/tex/latex/auxhook/auxhook.sty)
(/usr/share/texlive/texmf-dist/tex/latex/hyperref/nameref.sty
(/usr/share/texlive/texmf-dist/tex/latex/refcount/refcount.sty)
(/usr/share/texlive/texmf-dist/tex/generic/gettitlestring/gettitlestring.sty
(/usr/share/texlive/texmf-dist/tex/latex/kvoptions/kvoptions.sty)))
(/usr/share/texlive/texmf-dist/tex/latex/hyperref/pd1enc.def)
(/usr/share/texlive/texmf-dist/tex/generic/intcalc/intcalc.sty)
(/usr/share/texlive/texmf-dist/tex/latex/hyperref/puenc.def)
(/usr/share/texlive/texmf-dist/tex/latex/url/url.sty)
(/usr/share/texlive/texmf-dist/tex/generic/bitset/bitset.sty
(/usr/share/texlive/texmf-dist/tex/generic/bigintcalc/bigintcalc.sty))
(/usr/share/texlive/texmf-dist/tex/latex/base/atbegshi-ltx.sty))
(/usr/share/texlive/texmf-dist/tex/latex/hyperref/hpdftex.def
(/usr/share/texlive/texmf-dist/tex/latex/base/atveryend-ltx.sty)
(/usr/share/texlive/texmf-dist/tex/latex/rerunfilecheck/rerunfilecheck.sty
(/usr/share/texlive/texmf-dist/tex/generic/uniquecounter/uniquecounter.sty))))
(/usr/share/texmf/tex/latex/lm/t1lmr.fd)
(/usr/share/texlive/texmf-dist/tex/latex/l3backend/l3backend-pdftex.def)
(./rigidity_v97_archive.aux) (/usr/share/texmf/tex/latex/lm/ot1lmr.fd)
(/usr/share/texmf/tex/latex/lm/omllmm.fd)
(/usr/share/texmf/tex/latex/lm/omslmsy.fd)
(/usr/share/texmf/tex/latex/lm/omxlmex.fd)
(/usr/share/texlive/texmf-dist/tex/latex/amsfonts/umsa.fd)
(/usr/share/texlive/texmf-dist/tex/latex/amsfonts/umsb.fd)
(/usr/share/texlive/texmf-dist/tex/latex/jknapltx/ursfs.fd)
(/usr/share/texlive/texmf-dist/tex/latex/graphics/graphicx.sty
(/usr/share/texlive/texmf-dist/tex/latex/graphics/graphics.sty
(/usr/share/texlive/texmf-dist/tex/latex/graphics/trig.sty)
(/usr/share/texlive/texmf-dist/tex/latex/graphics-cfg/graphics.cfg)
(/usr/share/texlive/texmf-dist/tex/latex/graphics-def/pdftex.def
(/usr/share/texlive/texmf-dist/tex/context/base/mkii/supp-pdf.mkii
[Loading MPS to PDF converter (version 2006.09.02).]
))) (/usr/share/texlive/texmf-dist/tex/latex/epstopdf-pkg/epstopdf-base.sty
(/usr/share/texlive/texmf-dist/tex/latex/latexconfig/epstopdf-sys.cfg)))
(/usr/share/texlive/texmf-dist/tex/latex/microtype/mt-cmr.cfg)
*geometry* driver: auto-detecting
*geometry* detected driver: pdftex
(/usr/share/texlive/texmf-dist/tex/latex/microtype/mt-msa.cfg)
(/usr/share/texlive/texmf-dist/tex/latex/microtype/mt-msb.cfg)

LaTeX Warning: Reference `thm:finite-newton-v95' on page 1 undefined on input l
ine 48.


LaTeX Warning: Reference `prop:effective-fibre-v95' on page 1 undefined on inpu
t line 54.


LaTeX Warning: Reference `thm:family-classification-v96' on page 1 undefined on
 input line 67.

(/usr/share/texlive/texmf-dist/tex/latex/amsfonts/ueuf.fd)
(/usr/share/texlive/texmf-dist/tex/latex/microtype/mt-euf.cfg) [1{/var/lib/texm
f/fonts/map/pdftex/updmap/pdftex.map}{/usr/share/texmf/fonts/enc/dvips/lm/lm-ec
.enc}{/usr/share/texmf/fonts/enc/dvips/lm/lm-mathit.enc}{/usr/share/texmf/fonts
/enc/dvips/lm/lm-rm.enc}{/usr/share/texmf/fonts/enc/dvips/lm/lm-mathsy.enc}]

LaTeX Warning: Reference `thm:uniform-normal-v96' on page 2 undefined on input 
line 78.


LaTeX Warning: Reference `thm:phase-partition-v96' on page 2 undefined on input
 line 98.


LaTeX Warning: Citation `v95BM88' on page 2 undefined on input line 112.


LaTeX Warning: Citation `v95BM97' on page 2 undefined on input line 112.


LaTeX Warning: Citation `v95BE09' on page 2 undefined on input line 114.


LaTeX Warning: Citation `BCR98' on page 2 undefined on input line 115.


LaTeX Warning: Citation `BPR06' on page 2 undefined on input line 115.


LaTeX Warning: Citation `v95LP20' on page 2 undefined on input line 116.


LaTeX Warning: Citation `v95Ha26' on page 2 undefined on input line 117.

(./article/v95/model.tex [2] (/usr/share/texmf/tex/latex/lm/ot1lmss.fd))
(./article/v95/finite_newton.tex [3{/usr/share/texmf/fonts/enc/dvips/lm/lm-math
ex.enc}]

LaTeX Warning: Reference `eq:ideals-v95' on page 4 undefined on input line 47.


LaTeX Warning: Reference `eq:monomial-data-v95' on page 4 undefined on input li
ne 58.


LaTeX Warning: Citation `v95BM88' on page 4 undefined on input line 64.


LaTeX Warning: Citation `v95BM97' on page 4 undefined on input line 78.

[4]

LaTeX Warning: Reference `eq:finite-edge-v95' on page 5 undefined on input line
 99.


LaTeX Warning: Reference `eq:finite-edge-v95' on page 5 undefined on input line
 108.


LaTeX Warning: Reference `eq:finite-edge-v95' on page 5 undefined on input line
 131.


LaTeX Warning: Reference `prop:effective-fibre-v95' on page 5 undefined on inpu
t line 132.


LaTeX Warning: Citation `v95BE09' on page 5 undefined on input line 139.


LaTeX Warning: Citation `v95Ha26' on page 5 undefined on input line 140.


LaTeX Warning: Reference `eq:weighted-graph-v95' on page 5 undefined on input l
ine 163.

[5]

LaTeX Warning: Reference `eq:finite-edge-v95' on page 6 undefined on input line
 179.


LaTeX Warning: Reference `eq:weighted-graph-v95' on page 6 undefined on input l
ine 184.


LaTeX Warning: Reference `eq:leading-diameter-v95' on page 6 undefined on input
 line 192.


LaTeX Warning: Reference `eq:weighted-graph-v95' on page 6 undefined on input l
ine 200.


LaTeX Warning: Reference `eq:leading-diameter-v95' on page 6 undefined on input
 line 208.


LaTeX Warning: Reference `eq:finite-edge-v95' on page 6 undefined on input line
 222.

) (./article/v96/family.tex [6]

Package amsmath Warning: Foreign command \over;
(amsmath)                \frac or \genfrac should be used instead
(amsmath)                 on input line 55.


LaTeX Warning: Reference `eq:identifiable-region-v96' on page 7 undefined on in
put line 89.

[7]

LaTeX Warning: Reference `eq:uniform-inverse-v96' on page 8 undefined on input 
line 168.


LaTeX Warning: Reference `thm:family-classification-v96' on page 8 undefined on
 input line 171.

[8]) (./article/v96/uniform_normal_form.tex [9]

LaTeX Warning: Reference `eq:Q-v96' on page 10 undefined on input line 43.


LaTeX Warning: Reference `eq:kappas-v96' on page 10 undefined on input line 55.



LaTeX Warning: Reference `lem:uniform-inverse-v96' on page 10 undefined on inpu
t line 72.


LaTeX Warning: Reference `eq:jets-v96' on page 10 undefined on input line 75.


LaTeX Warning: Reference `eq:coercivity-v96' on page 10 undefined on input line
 78.


LaTeX Warning: Reference `eq:coercivity-v96' on page 10 undefined on input line
 85.


LaTeX Warning: Reference `lem:uniform-inverse-v96' on page 10 undefined on inpu
t line 101.

[10]

LaTeX Warning: Reference `eq:uniform-inverse-v96' on page 11 undefined on input
 line 127.


LaTeX Warning: Reference `eq:jets-v96' on page 11 undefined on input line 140.


LaTeX Warning: Reference `eq:leading-set-v96' on page 11 undefined on input lin
e 158.


LaTeX Warning: Reference `eq:leading-set-v96' on page 11 undefined on input lin
e 164.


LaTeX Warning: Reference `lem:coercive-v96' on page 11 undefined on input line 
166.


LaTeX Warning: Reference `eq:arcs-v96' on page 11 undefined on input line 168.


LaTeX Warning: Reference `eq:uniform-expansion-v96' on page 11 undefined on inp
ut line 171.


LaTeX Warning: Reference `eq:C-v96' on page 11 undefined on input line 195.


LaTeX Warning: Reference `eq:uniform-Hausdorff-v96' on page 11 undefined on inp
ut line 197.


LaTeX Warning: Reference `eq:uniform-law-v96' on page 11 undefined on input lin
e 198.


LaTeX Warning: Reference `lem:coercive-v96' on page 11 undefined on input line 
200.

[11]

LaTeX Warning: Reference `eq:uniform-law-v96' on page 12 undefined on input lin
e 224.

) (./article/v96/active_sets.tex

LaTeX Warning: Reference `eq:identifiable-region-v96' on page 12 undefined on i
nput line 29.


LaTeX Warning: Reference `thm:uniform-normal-v96' on page 12 undefined on input
 line 45.

[12]

LaTeX Warning: Reference `lem:coercive-v96' on page 13 undefined on input line 
59.


LaTeX Warning: Reference `eq:candidate-v96' on page 13 undefined on input line 
66.


LaTeX Warning: Reference `eq:KKT-v96' on page 13 undefined on input line 67.


LaTeX Warning: Reference `eq:active-value-v96' on page 13 undefined on input li
ne 70.


LaTeX Warning: Reference `lem:coercive-v96' on page 13 undefined on input line 
77.


LaTeX Warning: Reference `eq:Q-v96' on page 13 undefined on input line 78.


LaTeX Warning: Reference `eq:C-v96' on page 13 undefined on input line 82.


LaTeX Warning: Reference `eq:fourth-power-v96' on page 13 undefined on input li
ne 82.


LaTeX Warning: Citation `BCR98' on page 13 undefined on input line 86.


LaTeX Warning: Reference `lem:coercive-v96' on page 13 undefined on input line 
88.


LaTeX Warning: Reference `eq:Q-v96' on page 13 undefined on input line 123.


LaTeX Warning: Reference `eq:fourth-power-v96' on page 13 undefined on input li
ne 123.

[13]) (./article/v95/cubic_geometry.tex

LaTeX Warning: Reference `eq:family-v95' on page 14 undefined on input line 63.


[14]

LaTeX Warning: Reference `lem:pencil-classification-v95' on page 15 undefined o
n input line 101.


LaTeX Warning: Reference `eq:stable-region-v95' on page 15 undefined on input l
ine 120.


LaTeX Warning: Reference `lem:pencil-classification-v95' on page 15 undefined o
n input line 126.


LaTeX Warning: Reference `eq:discriminant-v95' on page 15 undefined on input li
ne 130.


LaTeX Warning: Reference `eq:stable-region-v95' on page 15 undefined on input l
ine 148.

[15]

LaTeX Warning: Reference `lem:robust-pencil-v95' on page 16 undefined on input 
line 189.


LaTeX Warning: Reference `eq:full-inverse-v95' on page 16 undefined on input li
ne 194.

) (./article/v95/cubic_leading.tex [16]

LaTeX Warning: Reference `eq:stable-region-v95' on page 17 undefined on input l
ine 4.


LaTeX Warning: Reference `thm:coefficient-stability-v95' on page 17 undefined o
n input line 5.

[17]

LaTeX Warning: Reference `eq:root-jets-v95' on page 18 undefined on input line 
93.


LaTeX Warning: Reference `eq:full-inverse-v95' on page 18 undefined on input li
ne 101.


LaTeX Warning: Reference `eq:J-explicit-v95' on page 18 undefined on input line
 108.


LaTeX Warning: Reference `eq:full-inverse-v95' on page 18 undefined on input li
ne 119.


LaTeX Warning: Reference `eq:root-jets-v95' on page 18 undefined on input line 
129.


LaTeX Warning: Reference `eq:triple-shape-v95' on page 18 undefined on input li
ne 129.


LaTeX Warning: Reference `eq:fisher-expansion-v95' on page 18 undefined on inpu
t line 131.


LaTeX Warning: Reference `eq:explicit-fibre-v95' on page 18 undefined on input 
line 134.


LaTeX Warning: Reference `eq:explicit-fibre-v95' on page 18 undefined on input 
line 137.


LaTeX Warning: Reference `eq:realizing-arcs-v95' on page 18 undefined on input 
line 139.


LaTeX Warning: Reference `prop:effective-fibre-v95' on page 18 undefined on inp
ut line 147.

[18]

LaTeX Warning: Reference `eq:coercivity-v95' on page 19 undefined on input line
 161.


LaTeX Warning: Reference `eq:stable-region-v95' on page 19 undefined on input l
ine 166.


LaTeX Warning: Reference `eq:constant-formula-v95' on page 19 undefined on inpu
t line 217.


LaTeX Warning: Reference `thm:cubic-fibre-v95' on page 19 undefined on input li
ne 218.


LaTeX Warning: Reference `eq:realizing-arcs-v95' on page 19 undefined on input 
line 219.


LaTeX Warning: Reference `eq:risk-constant-v95' on page 19 undefined on input l
ine 233.


LaTeX Warning: Reference `eq:kappa-programs-v95' on page 19 undefined on input 
line 244.

) (./article/v95/global_statements.tex [19]

LaTeX Warning: Reference `prop:explicit' on page 20 undefined on input line 2.


LaTeX Warning: Reference `thm:joint' on page 20 undefined on input line 43.


LaTeX Warning: Reference `sec:residue' on page 20 undefined on input line 62.


LaTeX Warning: Reference `sec:algorithm' on page 20 undefined on input line 64.


) (./article/v89/polynomial.tex

LaTeX Warning: Reference `eq:normalization' on page 20 undefined on input line 
5.

[20]

LaTeX Warning: Reference `thm:main' on page 21 undefined on input line 8.


LaTeX Warning: Reference `eq:kernel' on page 21 undefined on input line 10.


LaTeX Warning: Reference `lem:local-fibre' on page 21 undefined on input line 7
4.

[21]

LaTeX Warning: Reference `lem:local-fibre' on page 22 undefined on input line 1
04.


LaTeX Warning: Reference `eq:model' on page 22 undefined on input line 111.


LaTeX Warning: Reference `thm:main' on page 22 undefined on input line 164.


LaTeX Warning: Reference `prop:full-span' on page 22 undefined on input line 16
6.

[22]

LaTeX Warning: Reference `eq:q-bound' on page 23 undefined on input line 173.


LaTeX Warning: Reference `lem:roots' on page 23 undefined on input line 196.


LaTeX Warning: Reference `thm:multiplicity' on page 23 undefined on input line 
204.

) (./article/v89/clock_complexity.tex

LaTeX Warning: Reference `prop:clocks' on page 23 undefined on input line 2.


LaTeX Warning: Reference `lem:local-fibre' on page 23 undefined on input line 3
5.

) (./article/v89/observable.tex [23]

LaTeX Warning: Reference `eq:joint-condition' on page 24 undefined on input lin
e 42.


LaTeX Warning: Reference `sec:algorithm' on page 24 undefined on input line 58.



LaTeX Warning: Reference `sec:residue' on page 24 undefined on input line 70.


LaTeX Warning: Reference `eq:joint-algebra' on page 24 undefined on input line 
74.


LaTeX Warning: Reference `eq:joint-comparison' on page 24 undefined on input li
ne 84.

[24]

LaTeX Warning: Reference `eq:normalization-difference' on page 25 undefined on 
input line 89.


LaTeX Warning: Reference `eq:gauge-resolved' on page 25 undefined on input line
 117.


LaTeX Warning: Reference `eq:polynomial-gauge' on page 25 undefined on input li
ne 127.


LaTeX Warning: Reference `lem:roots' on page 25 undefined on input line 133.


LaTeX Warning: Reference `eq:joint-inverse' on page 25 undefined on input line 
134.


LaTeX Warning: Reference `eq:algorithm-q' on page 25 undefined on input line 14
8.


LaTeX Warning: Reference `eq:resolved-inverse' on page 25 undefined on input li
ne 148.

[25]

LaTeX Warning: Reference `eq:resolved-inverse' on page 26 undefined on input li
ne 175.


LaTeX Warning: Reference `lem:roots' on page 26 undefined on input line 217.

) (./article/v90/global_proof_details.tex

LaTeX Warning: Reference `thm:joint' on page 26 undefined on input line 3.


LaTeX Warning: Reference `eq:polynomial-gauge' on page 26 undefined on input li
ne 8.

[26]

LaTeX Warning: Reference `eq:quantitative-leading-smallness' on page 27 undefin
ed on input line 41.


LaTeX Warning: Reference `eq:competitor-determinant-exact' on page 27 undefined
 on input line 63.


LaTeX Warning: Reference `thm:joint' on page 27 undefined on input line 80.


LaTeX Warning: Reference `eq:gauge-resolved' on page 27 undefined on input line
 96.


LaTeX Warning: Reference `lem:local-fibre' on page 27 undefined on input line 1
00.

[27]

LaTeX Warning: Reference `thm:joint' on page 28 undefined on input line 106.

) (./article/v92/intrinsic_modulus.tex [28]

LaTeX Warning: Reference `eq:modulus-risk-equivalence' on page 29 undefined on 
input line 51.


LaTeX Warning: Reference `eq:intrinsic-modulus' on page 29 undefined on input l
ine 64.


LaTeX Warning: Reference `eq:intrinsic-modulus' on page 29 undefined on input l
ine 91.


LaTeX Warning: Citation `BCR98' on page 29 undefined on input line 95.


LaTeX Warning: Citation `BPR06' on page 29 undefined on input line 95.


LaTeX Warning: Reference `eq:intrinsic-puiseux' on page 29 undefined on input l
ine 96.


LaTeX Warning: Reference `eq:intrinsic-puiseux' on page 29 undefined on input l
ine 109.

[29] [30]

LaTeX Warning: Reference `thm:modulus-minimax' on page 31 undefined on input li
ne 201.


LaTeX Warning: Reference `prop:coefficient-recovery' on page 31 undefined on in
put line 205.


LaTeX Warning: Reference `lem:anchored-real-roots' on page 31 undefined on inpu
t line 222.


LaTeX Warning: Reference `eq:intrinsic-modulus' on page 31 undefined on input l
ine 227.


LaTeX Warning: Reference `eq:modulus-risk-equivalence' on page 31 undefined on 
input line 229.


LaTeX Warning: Reference `thm:multiplicity' on page 31 undefined on input line 
232.


LaTeX Warning: Reference `eq:moving-alternatives' on page 31 undefined on input
 line 237.

) (./article/v92/modulus_bridge.tex [31]

LaTeX Warning: Reference `sec:intrinsic-modulus' on page 32 undefined on input 
line 28.


LaTeX Warning: Reference `thm:quotient-chart' on page 32 undefined on input lin
e 43.


LaTeX Warning: Reference `eq:regular-modulus-constant' on page 32 undefined on 
input line 67.

[32]

LaTeX Warning: Reference `thm:regular-modulus-bridge' on page 33 undefined on i
nput line 125.

) (./article/v94/germ_newton.tex [33]

LaTeX Warning: Reference `eq:spectral-fibre-v94' on page 34 undefined on input 
line 40.


LaTeX Warning: Reference `eq:coefficient-envelope-v94' on page 34 undefined on 
input line 68.


LaTeX Warning: Reference `eq:scaled-coefficients-v94' on page 34 undefined on i
nput line 89.

[34]

LaTeX Warning: Reference `eq:model' on page 35 undefined on input line 113.


LaTeX Warning: Reference `eq:coefficient-envelope-v94' on page 35 undefined on 
input line 119.


LaTeX Warning: Citation `BCR98' on page 35 undefined on input line 126.


LaTeX Warning: Citation `BPR06' on page 35 undefined on input line 126.


LaTeX Warning: Reference `eq:germ-edge-v94' on page 35 undefined on input line 
142.


LaTeX Warning: Reference `eq:scaled-coefficients-v94' on page 35 undefined on i
nput line 147.


LaTeX Warning: Reference `eq:scaled-coefficients-v94' on page 35 undefined on i
nput line 163.


LaTeX Warning: Reference `eq:germ-exact-v94' on page 35 undefined on input line
 169.

[35]

LaTeX Warning: Reference `eq:composed-jets-v94' on page 36 undefined on input l
ine 219.

[36]

LaTeX Warning: Reference `thm:constrained-newton' on page 37 undefined on input
 line 293.


LaTeX Warning: Reference `thm:germ-newton-v94' on page 37 undefined on input li
ne 295.


LaTeX Warning: Reference `prop:quadratic-exposure' on page 37 undefined on inpu
t line 318.


LaTeX Warning: Reference `lem:rational-chart-v93' on page 37 undefined on input
 line 320.


LaTeX Warning: Reference `thm:germ-newton-v94' on page 37 undefined on input li
ne 339.


LaTeX Warning: Reference `thm:composed-jets-v94' on page 37 undefined on input 
line 350.


LaTeX Warning: Reference `thm:modulus-minimax' on page 37 undefined on input li
ne 355.


LaTeX Warning: Reference `eq:germ-exact-v94' on page 37 undefined on input line
 358.

[37]) (./article/v94/stochastic_intersection.tex [38]

LaTeX Warning: Reference `thm:germ-newton-v94' on page 39 undefined on input li
ne 89.


LaTeX Warning: Reference `cor:germ-risk-v94' on page 39 undefined on input line
 91.


LaTeX Warning: Reference `lem:cubic-pencil-v94' on page 39 undefined on input l
ine 115.


LaTeX Warning: Reference `eq:cubic-fibre-v94' on page 39 undefined on input lin
e 117.


LaTeX Warning: Reference `lem:cubic-pencil-v94' on page 39 undefined on input l
ine 148.

[39]

LaTeX Warning: Reference `lem:anchored-real-roots' on page 40 undefined on inpu
t line 156.


LaTeX Warning: Reference `thm:germ-newton-v94' on page 40 undefined on input li
ne 181.


LaTeX Warning: Reference `eq:cubic-modulus-v94' on page 40 undefined on input l
ine 183.


LaTeX Warning: Reference `cor:germ-risk-v94' on page 40 undefined on input line
 184.


LaTeX Warning: Reference `lem:cubic-pencil-v94' on page 40 undefined on input l
ine 201.


LaTeX Warning: Reference `eq:cubic-coefficient-bound-v94' on page 40 undefined 
on input line 204.

) (./article/v94/metric_transport.tex

LaTeX Warning: Reference `sec:constrained-newton' on page 40 undefined on input
 line 4.


LaTeX Warning: Reference `thm:constrained-newton' on page 40 undefined on input
 line 5.

[40]

LaTeX Warning: Reference `eq:transported-metric-v94' on page 41 undefined on in
put line 37.


LaTeX Warning: Reference `thm:germ-newton-v94' on page 41 undefined on input li
ne 57.


LaTeX Warning: Reference `sec:constrained-newton' on page 41 undefined on input
 line 63.


LaTeX Warning: Reference `sec:germ-newton-v94' on page 41 undefined on input li
ne 70.

) (./article/v90/local_condition.tex [41]

LaTeX Warning: Reference `eq:rank-one-recovery' on page 42 undefined on input l
ine 80.

[42]

LaTeX Warning: Reference `thm:quotient-chart' on page 43 undefined on input lin
e 146.


LaTeX Warning: Reference `eq:exact-condition' on page 43 undefined on input lin
e 165.


LaTeX Warning: Reference `thm:joint' on page 43 undefined on input line 168.


LaTeX Warning: Reference `eq:intrinsic-covariance' on page 43 undefined on inpu
t line 170.

[43]

LaTeX Warning: Reference `sec:local-minimax' on page 44 undefined on input line
 181.


LaTeX Warning: Reference `eq:root-coefficient-derivative' on page 44 undefined 
on input line 201.

) (./article/v92/coefficient_recovery.tex

LaTeX Warning: Reference `sec:local-condition' on page 44 undefined on input li
ne 23.


LaTeX Warning: Reference `eq:rank-one-recovery' on page 44 undefined on input l
ine 39.

[44]) (./article/v90/local_minimax.tex

LaTeX Warning: Reference `thm:quotient-chart' on page 45 undefined on input lin
e 4.

[45]

LaTeX Warning: Reference `thm:local-minimax' on page 46 undefined on input line
 133.

[46]

LaTeX Warning: Reference `eq:fisher-object' on page 47 undefined on input line 
156.


LaTeX Warning: Citation `Hajek72' on page 47 undefined on input line 157.


LaTeX Warning: Citation `vdV98' on page 47 undefined on input line 157.


LaTeX Warning: Reference `eq:efficient-expansion' on page 47 undefined on input
 line 183.


LaTeX Warning: Reference `eq:local-minimax-equality' on page 47 undefined on in
put line 186.


LaTeX Warning: Reference `eq:categorical-lan' on page 47 undefined on input lin
e 206.


LaTeX Warning: Reference `eq:root-coefficient-derivative' on page 47 undefined 
on input line 217.


LaTeX Warning: Reference `lem:gaussian-quotient' on page 47 undefined on input 
line 218.


LaTeX Warning: Reference `eq:gaussian-risk-object' on page 47 undefined on inpu
t line 219.


LaTeX Warning: Reference `eq:local-minimax-equality' on page 47 undefined on in
put line 223.

[47]

LaTeX Warning: Reference `eq:metric-risk-comparison' on page 48 undefined on in
put line 230.

) (./article/v89/general_quotient.tex

LaTeX Warning: Reference `lem:defect' on page 48 undefined on input line 34.

[48]

LaTeX Warning: Citation `AA90' on page 49 undefined on input line 85.


LaTeX Warning: Citation `BL00' on page 49 undefined on input line 87.


LaTeX Warning: Citation `MA07' on page 49 undefined on input line 90.


LaTeX Warning: Reference `thm:rational-module' on page 49 undefined on input li
ne 93.


LaTeX Warning: Reference `lem:local-fibre' on page 49 undefined on input line 1
02.


LaTeX Warning: Reference `prop:full-span' on page 49 undefined on input line 10
4.


LaTeX Warning: Citation `BF' on page 49 undefined on input line 109.


LaTeX Warning: Citation `Chu87' on page 49 undefined on input line 109.


LaTeX Warning: Citation `Chu03' on page 49 undefined on input line 109.


LaTeX Warning: Citation `TH' on page 49 undefined on input line 109.


LaTeX Warning: Citation `HMT' on page 49 undefined on input line 109.


LaTeX Warning: Citation `SB' on page 49 undefined on input line 109.


LaTeX Warning: Reference `lem:roots' on page 49 undefined on input line 110.


LaTeX Warning: Reference `prop:general-bound' on page 49 undefined on input lin
e 110.


LaTeX Warning: Reference `thm:joint' on page 49 undefined on input line 111.


LaTeX Warning: Reference `thm:exact-condition' on page 49 undefined on input li
ne 116.

) (./article/v90/flag_gauge.tex [49] [50]

LaTeX Warning: Reference `eq:flag-gauge-identity' on page 51 undefined on input
 line 106.


LaTeX Warning: Reference `eq:flag-inverse-series' on page 51 undefined on input
 line 139.


LaTeX Warning: Reference `lem:roots' on page 51 undefined on input line 144.


LaTeX Warning: Reference `eq:flag-certificate' on page 51 undefined on input li
ne 145.


LaTeX Warning: Reference `eq:flag-additive' on page 51 undefined on input line 
145.


LaTeX Warning: Reference `eq:flag-inverse-series' on page 51 undefined on input
 line 155.


LaTeX Warning: Reference `eq:flag-cluster' on page 51 undefined on input line 1
64.

[51]

LaTeX Warning: Reference `thm:flag-gauge' on page 52 undefined on input line 16
9.


LaTeX Warning: Reference `thm:rational-module' on page 52 undefined on input li
ne 186.


LaTeX Warning: Reference `eq:model' on page 52 undefined on input line 189.

) (./article/v89/residues.tex

LaTeX Warning: Reference `eq:affine' on page 52 undefined on input line 4.

[52]

LaTeX Warning: Reference `eq:pole' on page 53 undefined on input line 35.


LaTeX Warning: Reference `eq:gauge-derivative' on page 53 undefined on input li
ne 62.

[53]

LaTeX Warning: Reference `eq:beta-bounds' on page 54 undefined on input line 12
9.


LaTeX Warning: Reference `eq:zero-set' on page 54 undefined on input line 132.


LaTeX Warning: Reference `lem:roots' on page 54 undefined on input line 165.


LaTeX Warning: Reference `eq:eta-inverse' on page 54 undefined on input line 17
0.


LaTeX Warning: Reference `eq:envelope' on page 54 undefined on input line 193.

[54]

LaTeX Warning: Reference `eq:eta-inverse' on page 55 undefined on input line 22
2.


LaTeX Warning: Reference `eq:pole' on page 55 undefined on input line 225.

) (./article/v89/algorithm.tex

LaTeX Warning: Reference `eq:normalization' on page 55 undefined on input line 
9.

[55]

LaTeX Warning: Reference `thm:main' on page 56 undefined on input line 40.


LaTeX Warning: Reference `eq:diagonal-error' on page 56 undefined on input line
 93.


LaTeX Warning: Reference `lem:roots' on page 56 undefined on input line 95.


LaTeX Warning: Reference `eq:residue-formula' on page 56 undefined on input lin
e 102.

[56]

LaTeX Warning: Reference `eq:algorithm-q' on page 57 undefined on input line 11
5.


LaTeX Warning: Reference `eq:gauge' on page 57 undefined on input line 117.


LaTeX Warning: Reference `thm:residue' on page 57 undefined on input line 126.


LaTeX Warning: Reference `eq:algorithm-affine' on page 57 undefined on input li
ne 129.

) (./article/v89/statistics.tex

LaTeX Warning: Reference `eq:confidence' on page 57 undefined on input line 48.



LaTeX Warning: Reference `thm:algorithm' on page 57 undefined on input line 53.


[57]

LaTeX Warning: Reference `thm:residue' on page 58 undefined on input line 76.


LaTeX Warning: Reference `lem:modulus' on page 58 undefined on input line 76.


LaTeX Warning: Reference `eq:algorithm-affine' on page 58 undefined on input li
ne 87.


LaTeX Warning: Reference `lem:modulus' on page 58 undefined on input line 101.


LaTeX Warning: Reference `thm:main' on page 58 undefined on input line 101.


LaTeX Warning: Reference `eq:product-family' on page 58 undefined on input line
 147.


LaTeX Warning: Reference `eq:collapse-family' on page 58 undefined on input lin
e 148.

[58]

LaTeX Warning: Reference `eq:product-identity' on page 59 undefined on input li
ne 188.


LaTeX Warning: Reference `eq:product-singular' on page 59 undefined on input li
ne 200.


LaTeX Warning: Reference `prop:factors' on page 59 undefined on input line 207.



LaTeX Warning: Reference `eq:beta-bounds' on page 59 undefined on input line 20
9.


LaTeX Warning: Reference `eq:product-singular' on page 59 undefined on input li
ne 209.


LaTeX Warning: Reference `eq:collapse-identity' on page 59 undefined on input l
ine 215.


LaTeX Warning: Reference `eq:family-constants' on page 59 undefined on input li
ne 220.

[59]

LaTeX Warning: Reference `thm:upper' on page 60 undefined on input line 262.


LaTeX Warning: Reference `lem:families' on page 60 undefined on input line 263.



LaTeX Warning: Reference `lem:families' on page 60 undefined on input line 285.



LaTeX Warning: Reference `eq:minimax' on page 60 undefined on input line 291.


LaTeX Warning: Reference `eq:diameter-lower' on page 60 undefined on input line
 303.

) (./article/v89/polynomial_statistics.tex [60]

LaTeX Warning: Reference `eq:confidence' on page 61 undefined on input line 16.



LaTeX Warning: Reference `eq:poly-confidence' on page 61 undefined on input lin
e 20.


LaTeX Warning: Reference `thm:joint' on page 61 undefined on input line 31.


LaTeX Warning: Reference `thm:joint' on page 61 undefined on input line 40.


LaTeX Warning: Reference `lem:modulus' on page 61 undefined on input line 42.


LaTeX Warning: Reference `eq:product-family' on page 61 undefined on input line
 80.

[61]

LaTeX Warning: Reference `lem:families' on page 62 undefined on input line 94.


LaTeX Warning: Reference `eq:joint-comparison' on page 62 undefined on input li
ne 96.


LaTeX Warning: Reference `eq:degree-signal' on page 62 undefined on input line 
118.


LaTeX Warning: Reference `thm:statistics' on page 62 undefined on input line 12
0.


LaTeX Warning: Reference `eq:degree-signal' on page 62 undefined on input line 
128.


LaTeX Warning: Reference `eq:degree-product' on page 62 undefined on input line
 130.


LaTeX Warning: Reference `eq:poly-minimax' on page 62 undefined on input line 1
30.


LaTeX Warning: Reference `thm:poly-inference' on page 62 undefined on input lin
e 135.


LaTeX Warning: Reference `eq:poly-confidence' on page 62 undefined on input lin
e 161.

[62]

LaTeX Warning: Reference `thm:joint' on page 63 undefined on input line 172.


LaTeX Warning: Reference `thm:poly-inference' on page 63 undefined on input lin
e 174.


LaTeX Warning: Reference `eq:local-minimax' on page 63 undefined on input line 
200.

) (./article/v93/fibres_and_admissibility.tex

LaTeX Warning: Reference `eq:model' on page 63 undefined on input line 6.

[63]

LaTeX Warning: Reference `thm:binary-collapse' on page 64 undefined on input li
ne 18.


LaTeX Warning: Reference `thm:binary-collapse' on page 64 undefined on input li
ne 97.

[64]

LaTeX Warning: Reference `prop:certificate-modulus' on page 65 undefined on inp
ut line 150.

) (./article/v92/singular_normal_forms.tex

LaTeX Warning: Reference `prop:coefficient-recovery' on page 65 undefined on in
put line 13.

[65]

LaTeX Warning: Reference `prop:coefficient-recovery' on page 66 undefined on in
put line 31.


LaTeX Warning: Reference `eq:profiled-split-information' on page 66 undefined o
n input line 58.


LaTeX Warning: Reference `eq:quartic-cone-section' on page 66 undefined on inpu
t line 83.


LaTeX Warning: Reference `eq:quartic-modulus' on page 66 undefined on input lin
e 86.


LaTeX Warning: Reference `prop:coefficient-recovery' on page 66 undefined on in
put line 86.


LaTeX Warning: Reference `lem:anchored-real-roots' on page 66 undefined on inpu
t line 89.


LaTeX Warning: Reference `thm:regular-modulus-bridge' on page 66 undefined on i
nput line 108.


LaTeX Warning: Reference `eq:split-normal-form' on page 66 undefined on input l
ine 109.

[66]

LaTeX Warning: Reference `eq:split-normal-form' on page 67 undefined on input l
ine 123.


LaTeX Warning: Reference `eq:quartic-modulus' on page 67 undefined on input lin
e 133.


LaTeX Warning: Reference `eq:double-root-constant' on page 67 undefined on inpu
t line 142.


LaTeX Warning: Reference `prop:coefficient-recovery' on page 67 undefined on in
put line 149.


LaTeX Warning: Reference `eq:double-root-constant' on page 67 undefined on inpu
t line 162.

[67]

LaTeX Warning: Reference `thm:regular-modulus-bridge' on page 68 undefined on i
nput line 253.


LaTeX Warning: Reference `eq:binary-normal-form' on page 68 undefined on input 
line 259.


LaTeX Warning: Reference `eq:binary-defect-ideal' on page 68 undefined on input
 line 266.


LaTeX Warning: Reference `eq:collapse-modulus' on page 68 undefined on input li
ne 285.

[68]

LaTeX Warning: Reference `thm:exact-condition' on page 69 undefined on input li
ne 304.


LaTeX Warning: Reference `eq:binary-condition' on page 69 undefined on input li
ne 305.


LaTeX Warning: Reference `eq:binary-condition' on page 69 undefined on input li
ne 326.


LaTeX Warning: Reference `eq:binary-phase' on page 69 undefined on input line 3
27.


LaTeX Warning: Reference `eq:regular-modulus-constant' on page 69 undefined on 
input line 329.


LaTeX Warning: Reference `eq:binary-phase' on page 69 undefined on input line 3
38.


LaTeX Warning: Reference `eq:collapse-modulus' on page 69 undefined on input li
ne 340.

) (./article/v92/sharp_flag.tex

LaTeX Warning: Citation `MBO97' on page 69 undefined on input line 8.


LaTeX Warning: Citation `KPM09' on page 69 undefined on input line 8.


LaTeX Warning: Citation `TH' on page 69 undefined on input line 8.


LaTeX Warning: Reference `sec:flag-gauge' on page 69 undefined on input line 13
.

[69]

LaTeX Warning: Reference `eq:flag-triangularization' on page 70 undefined on in
put line 62.


LaTeX Warning: Reference `eq:path-laurent-test' on page 70 undefined on input l
ine 66.


LaTeX Warning: Reference `eq:path-laurent-test' on page 70 undefined on input l
ine 72.

[70]

LaTeX Warning: Reference `thm:flag-gauge' on page 71 undefined on input line 11
5.


LaTeX Warning: Reference `eq:flag-exposure' on page 71 undefined on input line 
138.


LaTeX Warning: Reference `eq:flag-sharp-root' on page 71 undefined on input lin
e 150.


LaTeX Warning: Reference `eq:full-flag-modulus' on page 71 undefined on input l
ine 166.


LaTeX Warning: Reference `thm:flag-gauge' on page 71 undefined on input line 17
5.

[71]

LaTeX Warning: Reference `thm:sharp-flag-modulus' on page 72 undefined on input
 line 211.

) (./article/v93/constrained_newton.tex

LaTeX Warning: Reference `eq:model' on page 72 undefined on input line 20.

[72]

LaTeX Warning: Reference `eq:newton-observation' on page 73 undefined on input 
line 48.

[73]

LaTeX Warning: Reference `eq:det-homogeneous' on page 74 undefined on input lin
e 146.


LaTeX Warning: Reference `eq:newton-edge-polynomial' on page 74 undefined on in
put line 159.


LaTeX Warning: Reference `lem:rational-chart-v93' on page 74 undefined on input
 line 169.


LaTeX Warning: Reference `eq:exact-constrained-modulus' on page 74 undefined on
 input line 174.

[74]

LaTeX Warning: Reference `lem:rational-chart-v93' on page 75 undefined on input
 line 230.


LaTeX Warning: Reference `thm:constrained-newton' on page 75 undefined on input
 line 253.


LaTeX Warning: Reference `thm:flag-gauge' on page 75 undefined on input line 26
0.


LaTeX Warning: Reference `thm:constrained-newton' on page 75 undefined on input
 line 296.

[75]

LaTeX Warning: Reference `eq:bigraded-gauge-exponent' on page 76 undefined on i
nput line 322.


LaTeX Warning: Reference `thm:constrained-newton' on page 76 undefined on input
 line 340.


LaTeX Warning: Reference `eq:flag-error-split' on page 76 undefined on input li
ne 344.


LaTeX Warning: Reference `eq:newton-leading-constant' on page 76 undefined on i
nput line 363.

[76]

LaTeX Warning: Reference `cor:free-normalizer-v93' on page 77 undefined on inpu
t line 408.


LaTeX Warning: Reference `sec:sharp-flag' on page 77 undefined on input line 41
4.


LaTeX Warning: Citation `GLR82' on page 77 undefined on input line 423.


LaTeX Warning: Citation `MBO97' on page 77 undefined on input line 423.


LaTeX Warning: Citation `TH' on page 77 undefined on input line 423.


LaTeX Warning: Citation `KPM09' on page 77 undefined on input line 423.

) (./article/v89/relations.tex

LaTeX Warning: Reference `eq:model' on page 77 undefined on input line 5.


LaTeX Warning: Reference `prop:factors' on page 77 undefined on input line 21.

[77]

LaTeX Warning: Reference `thm:main' on page 78 undefined on input line 37.


LaTeX Warning: Reference `eq:kernel' on page 78 undefined on input line 41.

) (./article/v91/literature.tex

LaTeX Warning: Citation `Tisseur00' on page 78 undefined on input line 13.


LaTeX Warning: Citation `ABD19' on page 78 undefined on input line 15.


LaTeX Warning: Citation `GLR82' on page 78 undefined on input line 25.


LaTeX Warning: Citation `MBO97' on page 78 undefined on input line 25.


LaTeX Warning: Citation `KPM09' on page 78 undefined on input line 25.


LaTeX Warning: Reference `prop:general-bound' on page 78 undefined on input lin
e 29.


LaTeX Warning: Reference `eq:normal-tangent' on page 78 undefined on input line
 35.


LaTeX Warning: Reference `thm:joint' on page 78 undefined on input line 45.


LaTeX Warning: Reference `thm:flag-gauge' on page 78 undefined on input line 47
.

[78]

LaTeX Warning: Reference `thm:exact-condition' on page 79 undefined on input li
ne 55.


LaTeX Warning: Reference `thm:local-minimax' on page 79 undefined on input line
 58.


LaTeX Warning: Citation `Hajek72' on page 79 undefined on input line 60.


LaTeX Warning: Citation `vdV98' on page 79 undefined on input line 60.


LaTeX Warning: Reference `thm:modulus-minimax' on page 79 undefined on input li
ne 66.


LaTeX Warning: Reference `cor:arc-order' on page 79 undefined on input line 66.



LaTeX Warning: Citation `BCR98' on page 79 undefined on input line 67.


LaTeX Warning: Citation `BPR06' on page 79 undefined on input line 67.


LaTeX Warning: Reference `lem:anchored-real-roots' on page 79 undefined on inpu
t line 70.


LaTeX Warning: Reference `thm:multiplicity' on page 79 undefined on input line 
72.

) (./article/v91/references.tex (./article/v95/references_extra.tex) [79]
Underfull \hbox (badness 3919) in paragraph at lines 90--93
[]\T1/lmr/m/n/9 (+20) A. W. van der Vaart, \T1/lmr/m/it/9 (+20) As-ymp-totic St
a-tis-tics\T1/lmr/m/n/9 (+20) , Cam-bridge Uni-ver-sity Press, Cam-bridge, 1998
.
) [80] (./rigidity_v97_archive.aux)

LaTeX Warning: There were undefined references.


LaTeX Warning: Label(s) may have changed. Rerun to get cross-references right.


Package rerunfilecheck Warning: File `rigidity_v97_archive.out' has changed.
(rerunfilecheck)                Rerun to get outlines right
(rerunfilecheck)                or use package `bookmark'.

 ) ) )
(see the transcript file for additional information)</usr/share/texlive/texmf-d
ist/fonts/type1/public/amsfonts/euler/eufm10.pfb></usr/share/texmf/fonts/type1/
public/lm/lmbx10.pfb></usr/share/texmf/fonts/type1/public/lm/lmbx9.pfb></usr/sh
are/texmf/fonts/type1/public/lm/lmcsc10.pfb></usr/share/texmf/fonts/type1/publi
c/lm/lmex10.pfb></usr/share/texmf/fonts/type1/public/lm/lmmi10.pfb></usr/share/
texmf/fonts/type1/public/lm/lmmi6.pfb></usr/share/texmf/fonts/type1/public/lm/l
mmi8.pfb></usr/share/texmf/fonts/type1/public/lm/lmmi9.pfb></usr/share/texmf/fo
nts/type1/public/lm/lmr10.pfb></usr/share/texmf/fonts/type1/public/lm/lmr6.pfb>
</usr/share/texmf/fonts/type1/public/lm/lmr8.pfb></usr/share/texmf/fonts/type1/
public/lm/lmr9.pfb></usr/share/texmf/fonts/type1/public/lm/lmri10.pfb></usr/sha
re/texmf/fonts/type1/public/lm/lmri8.pfb></usr/share/texmf/fonts/type1/public/l
m/lmri9.pfb></usr/share/texmf/fonts/type1/public/lm/lmss10.pfb></usr/share/texm
f/fonts/type1/public/lm/lmss8.pfb></usr/share/texmf/fonts/type1/public/lm/lmsy1
0.pfb></usr/share/texmf/fonts/type1/public/lm/lmsy6.pfb></usr/share/texmf/fonts
/type1/public/lm/lmsy8.pfb></usr/share/texmf/fonts/type1/public/lm/lmsy9.pfb></
usr/share/texlive/texmf-dist/fonts/type1/public/amsfonts/symbols/msam10.pfb></u
sr/share/texlive/texmf-dist/fonts/type1/public/amsfonts/symbols/msbm10.pfb></us
r/share/texlive/texmf-dist/fonts/type1/public/rsfs/rsfs10.pfb>
Output written on rigidity_v97_archive.pdf (80 pages, 888020 bytes).
Transcript written on rigidity_v97_archive.log.
Latexmk: Getting log file 'rigidity_v97_archive.log'
Latexmk: Examining 'rigidity_v97_archive.fls'
Latexmk: Examining 'rigidity_v97_archive.log'
Latexmk: References changed.
Latexmk: References changed.
Latexmk: Log file says output to 'rigidity_v97_archive.pdf'
Latexmk: applying rule 'pdflatex'...
Rule 'pdflatex':  Reasons for rerun
Changed files or newly in use/created:
  rigidity_v97_archive.aux
  rigidity_v97_archive.out

------------
Run number 2 of rule 'pdflatex'
------------
------------
Running 'pdflatex  -interaction=nonstopmode -halt-on-error -file-line-error -recorder  "rigidity_v97_archive.tex"'
------------
This is pdfTeX, Version 3.141592653-2.6-1.40.25 (TeX Live 2023/Debian) (preloaded format=pdflatex)
 restricted \write18 enabled.
entering extended mode
(./rigidity_v97_archive.tex
LaTeX2e <2023-11-01> patch level 1
L3 programming layer <2024-01-22>
(./rigidity_v96.tex (./article/v96/paper.tex (./article/v96/preamble.tex
(/usr/share/texlive/texmf-dist/tex/latex/amscls/amsart.cls
Document Class: amsart 2020/05/29 v2.20.6
(/usr/share/texlive/texmf-dist/tex/latex/amsmath/amsmath.sty
For additional information on amsmath, use the `?' option.
(/usr/share/texlive/texmf-dist/tex/latex/amsmath/amstext.sty
(/usr/share/texlive/texmf-dist/tex/latex/amsmath/amsgen.sty))
(/usr/share/texlive/texmf-dist/tex/latex/amsmath/amsbsy.sty)
(/usr/share/texlive/texmf-dist/tex/latex/amsmath/amsopn.sty))
(/usr/share/texlive/texmf-dist/tex/latex/amsfonts/umsa.fd)
(/usr/share/texlive/texmf-dist/tex/latex/amsfonts/amsfonts.sty))
(/usr/share/texlive/texmf-dist/tex/latex/base/fontenc.sty)
(/usr/share/texmf/tex/latex/lm/lmodern.sty)
(/usr/share/texlive/texmf-dist/tex/latex/amsfonts/amssymb.sty)
(/usr/share/texlive/texmf-dist/tex/latex/mathtools/mathtools.sty
(/usr/share/texlive/texmf-dist/tex/latex/graphics/keyval.sty)
(/usr/share/texlive/texmf-dist/tex/latex/tools/calc.sty)
(/usr/share/texlive/texmf-dist/tex/latex/mathtools/mhsetup.sty))
(/usr/share/texlive/texmf-dist/tex/latex/microtype/microtype.sty
(/usr/share/texlive/texmf-dist/tex/latex/etoolbox/etoolbox.sty)
(/usr/share/texlive/texmf-dist/tex/latex/microtype/microtype-pdftex.def)
(/usr/share/texlive/texmf-dist/tex/latex/microtype/microtype.cfg))
(/usr/share/texlive/texmf-dist/tex/latex/jknapltx/mathrsfs.sty)
(/usr/share/texlive/texmf-dist/tex/latex/geometry/geometry.sty
(/usr/share/texlive/texmf-dist/tex/generic/iftex/ifvtex.sty
(/usr/share/texlive/texmf-dist/tex/generic/iftex/iftex.sty)))
(/usr/share/texlive/texmf-dist/tex/latex/hyperref/hyperref.sty
(/usr/share/texlive/texmf-dist/tex/latex/kvsetkeys/kvsetkeys.sty)
(/usr/share/texlive/texmf-dist/tex/generic/kvdefinekeys/kvdefinekeys.sty)
(/usr/share/texlive/texmf-dist/tex/generic/pdfescape/pdfescape.sty
(/usr/share/texlive/texmf-dist/tex/generic/ltxcmds/ltxcmds.sty)
(/usr/share/texlive/texmf-dist/tex/generic/pdftexcmds/pdftexcmds.sty
(/usr/share/texlive/texmf-dist/tex/generic/infwarerr/infwarerr.sty)))
(/usr/share/texlive/texmf-dist/tex/latex/hycolor/hycolor.sty)
(/usr/share/texlive/texmf-dist/tex/latex/auxhook/auxhook.sty)
(/usr/share/texlive/texmf-dist/tex/latex/hyperref/nameref.sty
(/usr/share/texlive/texmf-dist/tex/latex/refcount/refcount.sty)
(/usr/share/texlive/texmf-dist/tex/generic/gettitlestring/gettitlestring.sty
(/usr/share/texlive/texmf-dist/tex/latex/kvoptions/kvoptions.sty)))
(/usr/share/texlive/texmf-dist/tex/latex/hyperref/pd1enc.def)
(/usr/share/texlive/texmf-dist/tex/generic/intcalc/intcalc.sty)
(/usr/share/texlive/texmf-dist/tex/latex/hyperref/puenc.def)
(/usr/share/texlive/texmf-dist/tex/latex/url/url.sty)
(/usr/share/texlive/texmf-dist/tex/generic/bitset/bitset.sty
(/usr/share/texlive/texmf-dist/tex/generic/bigintcalc/bigintcalc.sty))
(/usr/share/texlive/texmf-dist/tex/latex/base/atbegshi-ltx.sty))
(/usr/share/texlive/texmf-dist/tex/latex/hyperref/hpdftex.def
(/usr/share/texlive/texmf-dist/tex/latex/base/atveryend-ltx.sty)
(/usr/share/texlive/texmf-dist/tex/latex/rerunfilecheck/rerunfilecheck.sty
(/usr/share/texlive/texmf-dist/tex/generic/uniquecounter/uniquecounter.sty))))
(/usr/share/texmf/tex/latex/lm/t1lmr.fd)
(/usr/share/texlive/texmf-dist/tex/latex/l3backend/l3backend-pdftex.def)
(./rigidity_v97_archive.aux) (/usr/share/texmf/tex/latex/lm/ot1lmr.fd)
(/usr/share/texmf/tex/latex/lm/omllmm.fd)
(/usr/share/texmf/tex/latex/lm/omslmsy.fd)
(/usr/share/texmf/tex/latex/lm/omxlmex.fd)
(/usr/share/texlive/texmf-dist/tex/latex/amsfonts/umsa.fd)
(/usr/share/texlive/texmf-dist/tex/latex/amsfonts/umsb.fd)
(/usr/share/texlive/texmf-dist/tex/latex/jknapltx/ursfs.fd)
(/usr/share/texlive/texmf-dist/tex/latex/graphics/graphicx.sty
(/usr/share/texlive/texmf-dist/tex/latex/graphics/graphics.sty
(/usr/share/texlive/texmf-dist/tex/latex/graphics/trig.sty)
(/usr/share/texlive/texmf-dist/tex/latex/graphics-cfg/graphics.cfg)
(/usr/share/texlive/texmf-dist/tex/latex/graphics-def/pdftex.def
(/usr/share/texlive/texmf-dist/tex/context/base/mkii/supp-pdf.mkii
[Loading MPS to PDF converter (version 2006.09.02).]
))) (/usr/share/texlive/texmf-dist/tex/latex/epstopdf-pkg/epstopdf-base.sty
(/usr/share/texlive/texmf-dist/tex/latex/latexconfig/epstopdf-sys.cfg)))
(/usr/share/texlive/texmf-dist/tex/latex/microtype/mt-cmr.cfg)
*geometry* driver: auto-detecting
*geometry* detected driver: pdftex
(./rigidity_v97_archive.out) (./rigidity_v97_archive.out)
(/usr/share/texlive/texmf-dist/tex/latex/microtype/mt-msa.cfg)
(/usr/share/texlive/texmf-dist/tex/latex/microtype/mt-msb.cfg)
(/usr/share/texlive/texmf-dist/tex/latex/amsfonts/ueuf.fd)
(/usr/share/texlive/texmf-dist/tex/latex/microtype/mt-euf.cfg) [1{/var/lib/texm
f/fonts/map/pdftex/updmap/pdftex.map}{/usr/share/texmf/fonts/enc/dvips/lm/lm-ec
.enc}{/usr/share/texmf/fonts/enc/dvips/lm/lm-mathit.enc}{/usr/share/texmf/fonts
/enc/dvips/lm/lm-rm.enc}{/usr/share/texmf/fonts/enc/dvips/lm/lm-mathsy.enc}]
(./article/v95/model.tex [2] (/usr/share/texmf/tex/latex/lm/ot1lmss.fd))
(./article/v95/finite_newton.tex [3{/usr/share/texmf/fonts/enc/dvips/lm/lm-math
ex.enc}] [4] [5]) (./article/v96/family.tex [6]

Package amsmath Warning: Foreign command \over;
(amsmath)                \frac or \genfrac should be used instead
(amsmath)                 on input line 55.

[7] [8]) (./article/v96/uniform_normal_form.tex [9] [10] [11])
(./article/v96/active_sets.tex [12] [13]) (./article/v95/cubic_geometry.tex
[14] [15]) (./article/v95/cubic_leading.tex [16] [17] [18])
(./article/v95/global_statements.tex [19]) (./article/v89/polynomial.tex
[20] [21] [22]) (./article/v89/clock_complexity.tex [23])
(./article/v89/observable.tex [24] [25])
(./article/v90/global_proof_details.tex [26] [27])
(./article/v92/intrinsic_modulus.tex [28] [29] [30])
(./article/v92/modulus_bridge.tex [31] [32]) (./article/v94/germ_newton.tex
[33] [34] [35] [36] [37]) (./article/v94/stochastic_intersection.tex [38]
[39] [40]) (./article/v94/metric_transport.tex) [41]
(./article/v90/local_condition.tex [42] [43])
(./article/v92/coefficient_recovery.tex [44]) (./article/v90/local_minimax.tex
[45] [46] [47]) (./article/v89/general_quotient.tex [48] [49])
(./article/v90/flag_gauge.tex [50] [51]) (./article/v89/residues.tex [52]
[53] [54] [55]) (./article/v89/algorithm.tex [56])
(./article/v89/statistics.tex [57] [58] [59] [60])
(./article/v89/polynomial_statistics.tex [61] [62])
(./article/v93/fibres_and_admissibility.tex [63] [64])
(./article/v92/singular_normal_forms.tex [65] [66] [67] [68])
(./article/v92/sharp_flag.tex [69] [70] [71])
(./article/v93/constrained_newton.tex [72] [73] [74] [75] [76])
(./article/v89/relations.tex [77]) (./article/v91/literature.tex [78])
(./article/v91/references.tex (./article/v95/references_extra.tex) [79]
Underfull \hbox (badness 3919) in paragraph at lines 90--93
[]\T1/lmr/m/n/9 (+20) A. W. van der Vaart, \T1/lmr/m/it/9 (+20) As-ymp-totic St
a-tis-tics\T1/lmr/m/n/9 (+20) , Cam-bridge Uni-ver-sity Press, Cam-bridge, 1998
.
) [80] (./rigidity_v97_archive.aux)

LaTeX Warning: Label(s) may have changed. Rerun to get cross-references right.

 ) ) )
(see the transcript file for additional information)</usr/share/texlive/texmf-d
ist/fonts/type1/public/amsfonts/euler/eufm10.pfb></usr/share/texmf/fonts/type1/
public/lm/lmbx10.pfb></usr/share/texmf/fonts/type1/public/lm/lmbx9.pfb></usr/sh
are/texmf/fonts/type1/public/lm/lmcsc10.pfb></usr/share/texmf/fonts/type1/publi
c/lm/lmex10.pfb></usr/share/texmf/fonts/type1/public/lm/lmmi10.pfb></usr/share/
texmf/fonts/type1/public/lm/lmmi6.pfb></usr/share/texmf/fonts/type1/public/lm/l
mmi8.pfb></usr/share/texmf/fonts/type1/public/lm/lmmi9.pfb></usr/share/texmf/fo
nts/type1/public/lm/lmr10.pfb></usr/share/texmf/fonts/type1/public/lm/lmr6.pfb>
</usr/share/texmf/fonts/type1/public/lm/lmr8.pfb></usr/share/texmf/fonts/type1/
public/lm/lmr9.pfb></usr/share/texmf/fonts/type1/public/lm/lmri10.pfb></usr/sha
re/texmf/fonts/type1/public/lm/lmri8.pfb></usr/share/texmf/fonts/type1/public/l
m/lmri9.pfb></usr/share/texmf/fonts/type1/public/lm/lmss10.pfb></usr/share/texm
f/fonts/type1/public/lm/lmss8.pfb></usr/share/texmf/fonts/type1/public/lm/lmsy1
0.pfb></usr/share/texmf/fonts/type1/public/lm/lmsy6.pfb></usr/share/texmf/fonts
/type1/public/lm/lmsy8.pfb></usr/share/texmf/fonts/type1/public/lm/lmsy9.pfb></
usr/share/texlive/texmf-dist/fonts/type1/public/amsfonts/symbols/msam10.pfb></u
sr/share/texlive/texmf-dist/fonts/type1/public/amsfonts/symbols/msbm10.pfb></us
r/share/texlive/texmf-dist/fonts/type1/public/rsfs/rsfs10.pfb>
Output written on rigidity_v97_archive.pdf (80 pages, 906334 bytes).
Transcript written on rigidity_v97_archive.log.
Latexmk: Getting log file 'rigidity_v97_archive.log'
Latexmk: Examining 'rigidity_v97_archive.fls'
Latexmk: Examining 'rigidity_v97_archive.log'
Latexmk: References changed.
Latexmk: Log file says output to 'rigidity_v97_archive.pdf'
Latexmk: applying rule 'pdflatex'...
Rule 'pdflatex':  Reasons for rerun
Changed files or newly in use/created:
  rigidity_v97_archive.aux

------------
Run number 3 of rule 'pdflatex'
------------
------------
Running 'pdflatex  -interaction=nonstopmode -halt-on-error -file-line-error -recorder  "rigidity_v97_archive.tex"'
------------
This is pdfTeX, Version 3.141592653-2.6-1.40.25 (TeX Live 2023/Debian) (preloaded format=pdflatex)
 restricted \write18 enabled.
entering extended mode
(./rigidity_v97_archive.tex
LaTeX2e <2023-11-01> patch level 1
L3 programming layer <2024-01-22>
(./rigidity_v96.tex (./article/v96/paper.tex (./article/v96/preamble.tex
(/usr/share/texlive/texmf-dist/tex/latex/amscls/amsart.cls
Document Class: amsart 2020/05/29 v2.20.6
(/usr/share/texlive/texmf-dist/tex/latex/amsmath/amsmath.sty
For additional information on amsmath, use the `?' option.
(/usr/share/texlive/texmf-dist/tex/latex/amsmath/amstext.sty
(/usr/share/texlive/texmf-dist/tex/latex/amsmath/amsgen.sty))
(/usr/share/texlive/texmf-dist/tex/latex/amsmath/amsbsy.sty)
(/usr/share/texlive/texmf-dist/tex/latex/amsmath/amsopn.sty))
(/usr/share/texlive/texmf-dist/tex/latex/amsfonts/umsa.fd)
(/usr/share/texlive/texmf-dist/tex/latex/amsfonts/amsfonts.sty))
(/usr/share/texlive/texmf-dist/tex/latex/base/fontenc.sty)
(/usr/share/texmf/tex/latex/lm/lmodern.sty)
(/usr/share/texlive/texmf-dist/tex/latex/amsfonts/amssymb.sty)
(/usr/share/texlive/texmf-dist/tex/latex/mathtools/mathtools.sty
(/usr/share/texlive/texmf-dist/tex/latex/graphics/keyval.sty)
(/usr/share/texlive/texmf-dist/tex/latex/tools/calc.sty)
(/usr/share/texlive/texmf-dist/tex/latex/mathtools/mhsetup.sty))
(/usr/share/texlive/texmf-dist/tex/latex/microtype/microtype.sty
(/usr/share/texlive/texmf-dist/tex/latex/etoolbox/etoolbox.sty)
(/usr/share/texlive/texmf-dist/tex/latex/microtype/microtype-pdftex.def)
(/usr/share/texlive/texmf-dist/tex/latex/microtype/microtype.cfg))
(/usr/share/texlive/texmf-dist/tex/latex/jknapltx/mathrsfs.sty)
(/usr/share/texlive/texmf-dist/tex/latex/geometry/geometry.sty
(/usr/share/texlive/texmf-dist/tex/generic/iftex/ifvtex.sty
(/usr/share/texlive/texmf-dist/tex/generic/iftex/iftex.sty)))
(/usr/share/texlive/texmf-dist/tex/latex/hyperref/hyperref.sty
(/usr/share/texlive/texmf-dist/tex/latex/kvsetkeys/kvsetkeys.sty)
(/usr/share/texlive/texmf-dist/tex/generic/kvdefinekeys/kvdefinekeys.sty)
(/usr/share/texlive/texmf-dist/tex/generic/pdfescape/pdfescape.sty
(/usr/share/texlive/texmf-dist/tex/generic/ltxcmds/ltxcmds.sty)
(/usr/share/texlive/texmf-dist/tex/generic/pdftexcmds/pdftexcmds.sty
(/usr/share/texlive/texmf-dist/tex/generic/infwarerr/infwarerr.sty)))
(/usr/share/texlive/texmf-dist/tex/latex/hycolor/hycolor.sty)
(/usr/share/texlive/texmf-dist/tex/latex/auxhook/auxhook.sty)
(/usr/share/texlive/texmf-dist/tex/latex/hyperref/nameref.sty
(/usr/share/texlive/texmf-dist/tex/latex/refcount/refcount.sty)
(/usr/share/texlive/texmf-dist/tex/generic/gettitlestring/gettitlestring.sty
(/usr/share/texlive/texmf-dist/tex/latex/kvoptions/kvoptions.sty)))
(/usr/share/texlive/texmf-dist/tex/latex/hyperref/pd1enc.def)
(/usr/share/texlive/texmf-dist/tex/generic/intcalc/intcalc.sty)
(/usr/share/texlive/texmf-dist/tex/latex/hyperref/puenc.def)
(/usr/share/texlive/texmf-dist/tex/latex/url/url.sty)
(/usr/share/texlive/texmf-dist/tex/generic/bitset/bitset.sty
(/usr/share/texlive/texmf-dist/tex/generic/bigintcalc/bigintcalc.sty))
(/usr/share/texlive/texmf-dist/tex/latex/base/atbegshi-ltx.sty))
(/usr/share/texlive/texmf-dist/tex/latex/hyperref/hpdftex.def
(/usr/share/texlive/texmf-dist/tex/latex/base/atveryend-ltx.sty)
(/usr/share/texlive/texmf-dist/tex/latex/rerunfilecheck/rerunfilecheck.sty
(/usr/share/texlive/texmf-dist/tex/generic/uniquecounter/uniquecounter.sty))))
(/usr/share/texmf/tex/latex/lm/t1lmr.fd)
(/usr/share/texlive/texmf-dist/tex/latex/l3backend/l3backend-pdftex.def)
(./rigidity_v97_archive.aux) (/usr/share/texmf/tex/latex/lm/ot1lmr.fd)
(/usr/share/texmf/tex/latex/lm/omllmm.fd)
(/usr/share/texmf/tex/latex/lm/omslmsy.fd)
(/usr/share/texmf/tex/latex/lm/omxlmex.fd)
(/usr/share/texlive/texmf-dist/tex/latex/amsfonts/umsa.fd)
(/usr/share/texlive/texmf-dist/tex/latex/amsfonts/umsb.fd)
(/usr/share/texlive/texmf-dist/tex/latex/jknapltx/ursfs.fd)
(/usr/share/texlive/texmf-dist/tex/latex/graphics/graphicx.sty
(/usr/share/texlive/texmf-dist/tex/latex/graphics/graphics.sty
(/usr/share/texlive/texmf-dist/tex/latex/graphics/trig.sty)
(/usr/share/texlive/texmf-dist/tex/latex/graphics-cfg/graphics.cfg)
(/usr/share/texlive/texmf-dist/tex/latex/graphics-def/pdftex.def
(/usr/share/texlive/texmf-dist/tex/context/base/mkii/supp-pdf.mkii
[Loading MPS to PDF converter (version 2006.09.02).]
))) (/usr/share/texlive/texmf-dist/tex/latex/epstopdf-pkg/epstopdf-base.sty
(/usr/share/texlive/texmf-dist/tex/latex/latexconfig/epstopdf-sys.cfg)))
(/usr/share/texlive/texmf-dist/tex/latex/microtype/mt-cmr.cfg)
*geometry* driver: auto-detecting
*geometry* detected driver: pdftex
(./rigidity_v97_archive.out) (./rigidity_v97_archive.out)
(/usr/share/texlive/texmf-dist/tex/latex/microtype/mt-msa.cfg)
(/usr/share/texlive/texmf-dist/tex/latex/microtype/mt-msb.cfg)
(/usr/share/texlive/texmf-dist/tex/latex/amsfonts/ueuf.fd)
(/usr/share/texlive/texmf-dist/tex/latex/microtype/mt-euf.cfg) [1{/var/lib/texm
f/fonts/map/pdftex/updmap/pdftex.map}{/usr/share/texmf/fonts/enc/dvips/lm/lm-ec
.enc}{/usr/share/texmf/fonts/enc/dvips/lm/lm-mathit.enc}{/usr/share/texmf/fonts
/enc/dvips/lm/lm-rm.enc}{/usr/share/texmf/fonts/enc/dvips/lm/lm-mathsy.enc}]
(./article/v95/model.tex [2] (/usr/share/texmf/tex/latex/lm/ot1lmss.fd))
(./article/v95/finite_newton.tex [3{/usr/share/texmf/fonts/enc/dvips/lm/lm-math
ex.enc}] [4] [5]) (./article/v96/family.tex [6]

Package amsmath Warning: Foreign command \over;
(amsmath)                \frac or \genfrac should be used instead
(amsmath)                 on input line 55.

[7] [8]) (./article/v96/uniform_normal_form.tex [9] [10] [11])
(./article/v96/active_sets.tex [12] [13]) (./article/v95/cubic_geometry.tex
[14] [15]) (./article/v95/cubic_leading.tex [16] [17] [18])
(./article/v95/global_statements.tex [19]) (./article/v89/polynomial.tex
[20] [21] [22]) (./article/v89/clock_complexity.tex [23])
(./article/v89/observable.tex [24] [25])
(./article/v90/global_proof_details.tex [26] [27])
(./article/v92/intrinsic_modulus.tex [28] [29] [30])
(./article/v92/modulus_bridge.tex [31] [32]) (./article/v94/germ_newton.tex
[33] [34] [35] [36] [37]) (./article/v94/stochastic_intersection.tex [38]
[39] [40]) (./article/v94/metric_transport.tex) [41]
(./article/v90/local_condition.tex [42] [43])
(./article/v92/coefficient_recovery.tex [44]) (./article/v90/local_minimax.tex
[45] [46] [47]) (./article/v89/general_quotient.tex [48] [49])
(./article/v90/flag_gauge.tex [50] [51]) (./article/v89/residues.tex [52]
[53] [54] [55]) (./article/v89/algorithm.tex [56])
(./article/v89/statistics.tex [57] [58] [59] [60])
(./article/v89/polynomial_statistics.tex [61] [62])
(./article/v93/fibres_and_admissibility.tex [63] [64])
(./article/v92/singular_normal_forms.tex [65] [66] [67] [68])
(./article/v92/sharp_flag.tex [69] [70] [71])
(./article/v93/constrained_newton.tex [72] [73] [74] [75] [76])
(./article/v89/relations.tex [77]) (./article/v91/literature.tex [78])
(./article/v91/references.tex (./article/v95/references_extra.tex) [79]
Underfull \hbox (badness 3919) in paragraph at lines 90--93
[]\T1/lmr/m/n/9 (+20) A. W. van der Vaart, \T1/lmr/m/it/9 (+20) As-ymp-totic St
a-tis-tics\T1/lmr/m/n/9 (+20) , Cam-bridge Uni-ver-sity Press, Cam-bridge, 1998
.
) [80] (./rigidity_v97_archive.aux) ) ) )
(see the transcript file for additional information)</usr/share/texlive/texmf-d
ist/fonts/type1/public/amsfonts/euler/eufm10.pfb></usr/share/texmf/fonts/type1/
public/lm/lmbx10.pfb></usr/share/texmf/fonts/type1/public/lm/lmbx9.pfb></usr/sh
are/texmf/fonts/type1/public/lm/lmcsc10.pfb></usr/share/texmf/fonts/type1/publi
c/lm/lmex10.pfb></usr/share/texmf/fonts/type1/public/lm/lmmi10.pfb></usr/share/
texmf/fonts/type1/public/lm/lmmi6.pfb></usr/share/texmf/fonts/type1/public/lm/l
mmi8.pfb></usr/share/texmf/fonts/type1/public/lm/lmmi9.pfb></usr/share/texmf/fo
nts/type1/public/lm/lmr10.pfb></usr/share/texmf/fonts/type1/public/lm/lmr6.pfb>
</usr/share/texmf/fonts/type1/public/lm/lmr8.pfb></usr/share/texmf/fonts/type1/
public/lm/lmr9.pfb></usr/share/texmf/fonts/type1/public/lm/lmri10.pfb></usr/sha
re/texmf/fonts/type1/public/lm/lmri8.pfb></usr/share/texmf/fonts/type1/public/l
m/lmri9.pfb></usr/share/texmf/fonts/type1/public/lm/lmss10.pfb></usr/share/texm
f/fonts/type1/public/lm/lmss8.pfb></usr/share/texmf/fonts/type1/public/lm/lmsy1
0.pfb></usr/share/texmf/fonts/type1/public/lm/lmsy6.pfb></usr/share/texmf/fonts
/type1/public/lm/lmsy8.pfb></usr/share/texmf/fonts/type1/public/lm/lmsy9.pfb></
usr/share/texlive/texmf-dist/fonts/type1/public/amsfonts/symbols/msam10.pfb></u
sr/share/texlive/texmf-dist/fonts/type1/public/amsfonts/symbols/msbm10.pfb></us
r/share/texlive/texmf-dist/fonts/type1/public/rsfs/rsfs10.pfb>
Output written on rigidity_v97_archive.pdf (80 pages, 906334 bytes).
Transcript written on rigidity_v97_archive.log.
Latexmk: Getting log file 'rigidity_v97_archive.log'
Latexmk: Examining 'rigidity_v97_archive.fls'
Latexmk: Examining 'rigidity_v97_archive.log'
Latexmk: Log file says output to 'rigidity_v97_archive.pdf'
Latexmk: All targets (rigidity_v97_archive.pdf) are up-to-date

Rc files read:
  /etc/LatexMk
Latexmk: This is Latexmk, John Collins, 31 Jan. 2024. Version 4.83.
No existing .aux file, so I'll make a simple one, and require run of *latex.
Force everything to be remade.
Latexmk: applying rule 'pdflatex'...
Rule 'pdflatex':  Reasons for rerun
Category 'other':
  Rerun of 'pdflatex' forced or previously required:
    Reason or flag: 'go_mode'

------------
Run number 1 of rule 'pdflatex'
------------
------------
Running 'pdflatex  -interaction=nonstopmode -halt-on-error -file-line-error -recorder  "rigidity_v98_archive.tex"'
------------
This is pdfTeX, Version 3.141592653-2.6-1.40.25 (TeX Live 2023/Debian) (preloaded format=pdflatex)
 restricted \write18 enabled.
entering extended mode
(./rigidity_v98_archive.tex
LaTeX2e <2023-11-01> patch level 1
L3 programming layer <2024-01-22>
(./rigidity_v97_complete.tex
(/usr/share/texlive/texmf-dist/tex/latex/base/article.cls
Document Class: article 2023/05/17 v1.4n Standard LaTeX document class
(/usr/share/texlive/texmf-dist/tex/latex/base/size10.clo))
(/usr/share/texlive/texmf-dist/tex/latex/pdfpages/pdfpages.sty
(/usr/share/texlive/texmf-dist/tex/latex/base/ifthen.sty)
(/usr/share/texlive/texmf-dist/tex/latex/tools/calc.sty)
(/usr/share/texlive/texmf-dist/tex/latex/eso-pic/eso-pic.sty
(/usr/share/texlive/texmf-dist/tex/latex/graphics/keyval.sty)
(/usr/share/texlive/texmf-dist/tex/latex/xcolor/xcolor.sty
(/usr/share/texlive/texmf-dist/tex/latex/graphics-cfg/color.cfg)
(/usr/share/texlive/texmf-dist/tex/latex/graphics-def/pdftex.def)
(/usr/share/texlive/texmf-dist/tex/latex/graphics/mathcolor.ltx)))
(/usr/share/texlive/texmf-dist/tex/latex/graphics/graphicx.sty
(/usr/share/texlive/texmf-dist/tex/latex/graphics/graphics.sty
(/usr/share/texlive/texmf-dist/tex/latex/graphics/trig.sty)
(/usr/share/texlive/texmf-dist/tex/latex/graphics-cfg/graphics.cfg)))
(/usr/share/texlive/texmf-dist/tex/latex/pdfpages/pppdftex.def))
(/usr/share/texlive/texmf-dist/tex/latex/hyperref/hyperref.sty
(/usr/share/texlive/texmf-dist/tex/generic/iftex/iftex.sty)
(/usr/share/texlive/texmf-dist/tex/latex/kvsetkeys/kvsetkeys.sty)
(/usr/share/texlive/texmf-dist/tex/generic/kvdefinekeys/kvdefinekeys.sty)
(/usr/share/texlive/texmf-dist/tex/generic/pdfescape/pdfescape.sty
(/usr/share/texlive/texmf-dist/tex/generic/ltxcmds/ltxcmds.sty)
(/usr/share/texlive/texmf-dist/tex/generic/pdftexcmds/pdftexcmds.sty
(/usr/share/texlive/texmf-dist/tex/generic/infwarerr/infwarerr.sty)))
(/usr/share/texlive/texmf-dist/tex/latex/hycolor/hycolor.sty)
(/usr/share/texlive/texmf-dist/tex/latex/auxhook/auxhook.sty)
(/usr/share/texlive/texmf-dist/tex/latex/hyperref/nameref.sty
(/usr/share/texlive/texmf-dist/tex/latex/refcount/refcount.sty)
(/usr/share/texlive/texmf-dist/tex/generic/gettitlestring/gettitlestring.sty
(/usr/share/texlive/texmf-dist/tex/latex/kvoptions/kvoptions.sty)))
(/usr/share/texlive/texmf-dist/tex/latex/etoolbox/etoolbox.sty)
(/usr/share/texlive/texmf-dist/tex/latex/hyperref/pd1enc.def)
(/usr/share/texlive/texmf-dist/tex/generic/intcalc/intcalc.sty)
(/usr/share/texlive/texmf-dist/tex/latex/hyperref/puenc.def)
(/usr/share/texlive/texmf-dist/tex/latex/url/url.sty)
(/usr/share/texlive/texmf-dist/tex/generic/bitset/bitset.sty
(/usr/share/texlive/texmf-dist/tex/generic/bigintcalc/bigintcalc.sty))
(/usr/share/texlive/texmf-dist/tex/latex/base/atbegshi-ltx.sty))
(/usr/share/texlive/texmf-dist/tex/latex/hyperref/hpdftex.def
(/usr/share/texlive/texmf-dist/tex/latex/base/atveryend-ltx.sty)
(/usr/share/texlive/texmf-dist/tex/latex/rerunfilecheck/rerunfilecheck.sty
(/usr/share/texlive/texmf-dist/tex/generic/uniquecounter/uniquecounter.sty)))
(/usr/share/texlive/texmf-dist/tex/latex/l3backend/l3backend-pdftex.def)
(./rigidity_v98_archive.aux)
(/usr/share/texlive/texmf-dist/tex/context/base/mkii/supp-pdf.mkii
[Loading MPS to PDF converter (version 2006.09.02).]
) (/usr/share/texlive/texmf-dist/tex/latex/epstopdf-pkg/epstopdf-base.sty
(/usr/share/texlive/texmf-dist/tex/latex/latexconfig/epstopdf-sys.cfg))
(/usr/share/texlive/texmf-dist/tex/latex/pdflscape/pdflscape.sty
(/usr/share/texlive/texmf-dist/tex/latex/pdflscape/pdflscape-nometadata.sty
(/usr/share/texlive/texmf-dist/tex/latex/graphics/lscape.sty))) [1 <./rigidity_
v97.pdf{/var/lib/texmf/fonts/map/pdftex/updmap/pdftex.map}>] [2 <./rigidity_v97
.pdf>] [3 <./rigidity_v97.pdf>] [4 <./rigidity_v97.pdf>] [5 <./rigidity_v97.pdf
>] [6 <./rigidity_v97.pdf>] [7 <./rigidity_v97.pdf>] [8 <./rigidity_v97.pdf>]
[9 <./rigidity_v97.pdf>] [10 <./rigidity_v97.pdf>] [11 <./rigidity_v97.pdf>]
[12 <./rigidity_v97.pdf>] [13 <./rigidity_v97.pdf>] [14 <./rigidity_v97.pdf>]
[15 <./rigidity_v97.pdf>] [16 <./rigidity_v97.pdf>] [17 <./rigidity_v97.pdf>]
[18 <./rigidity_v97.pdf>] [19 <./rigidity_v97.pdf>] [20 <./rigidity_v97.pdf>]
[21 <./rigidity_v97.pdf>] [22 <./rigidity_v97_archive.pdf>] [23 <./rigidity_v97
_archive.pdf>] [24 <./rigidity_v97_archive.pdf>] [25 <./rigidity_v97_archive.pd
f>] [26 <./rigidity_v97_archive.pdf>] [27 <./rigidity_v97_archive.pdf>]
[28 <./rigidity_v97_archive.pdf>] [29 <./rigidity_v97_archive.pdf>] [30 <./rigi
dity_v97_archive.pdf>] [31 <./rigidity_v97_archive.pdf>] [32 <./rigidity_v97_ar
chive.pdf>] [33 <./rigidity_v97_archive.pdf>] [34 <./rigidity_v97_archive.pdf>]
[35 <./rigidity_v97_archive.pdf>] [36 <./rigidity_v97_archive.pdf>] [37 <./rigi
dity_v97_archive.pdf>] [38 <./rigidity_v97_archive.pdf>] [39 <./rigidity_v97_ar
chive.pdf>] [40 <./rigidity_v97_archive.pdf>] [41 <./rigidity_v97_archive.pdf>]
[42 <./rigidity_v97_archive.pdf>] [43 <./rigidity_v97_archive.pdf>] [44 <./rigi
dity_v97_archive.pdf>] [45 <./rigidity_v97_archive.pdf>] [46 <./rigidity_v97_ar
chive.pdf>] [47 <./rigidity_v97_archive.pdf>] [48 <./rigidity_v97_archive.pdf>]
[49 <./rigidity_v97_archive.pdf>] [50 <./rigidity_v97_archive.pdf>] [51 <./rigi
dity_v97_archive.pdf>] [52 <./rigidity_v97_archive.pdf>] [53 <./rigidity_v97_ar
chive.pdf>] [54 <./rigidity_v97_archive.pdf>] [55 <./rigidity_v97_archive.pdf>]
[56 <./rigidity_v97_archive.pdf>] [57 <./rigidity_v97_archive.pdf>] [58 <./rigi
dity_v97_archive.pdf>] [59 <./rigidity_v97_archive.pdf>] [60 <./rigidity_v97_ar
chive.pdf>] [61 <./rigidity_v97_archive.pdf>] [62 <./rigidity_v97_archive.pdf>]
[63 <./rigidity_v97_archive.pdf>] [64 <./rigidity_v97_archive.pdf>] [65 <./rigi
dity_v97_archive.pdf>] [66 <./rigidity_v97_archive.pdf>] [67 <./rigidity_v97_ar
chive.pdf>] [68 <./rigidity_v97_archive.pdf>] [69 <./rigidity_v97_archive.pdf>]
[70 <./rigidity_v97_archive.pdf>] [71 <./rigidity_v97_archive.pdf>] [72 <./rigi
dity_v97_archive.pdf>] [73 <./rigidity_v97_archive.pdf>] [74 <./rigidity_v97_ar
chive.pdf>] [75 <./rigidity_v97_archive.pdf>] [76 <./rigidity_v97_archive.pdf>]
[77 <./rigidity_v97_archive.pdf>] [78 <./rigidity_v97_archive.pdf>] [79 <./rigi
dity_v97_archive.pdf>] [80 <./rigidity_v97_archive.pdf>] [81 <./rigidity_v97_ar
chive.pdf>] [82 <./rigidity_v97_archive.pdf>] [83 <./rigidity_v97_archive.pdf>]
[84 <./rigidity_v97_archive.pdf>] [85 <./rigidity_v97_archive.pdf>] [86 <./rigi
dity_v97_archive.pdf>] [87 <./rigidity_v97_archive.pdf>] [88 <./rigidity_v97_ar
chive.pdf>] [89 <./rigidity_v97_archive.pdf>] [90 <./rigidity_v97_archive.pdf>]
[91 <./rigidity_v97_archive.pdf>] [92 <./rigidity_v97_archive.pdf>] [93 <./rigi
dity_v97_archive.pdf>] [94 <./rigidity_v97_archive.pdf>] [95 <./rigidity_v97_ar
chive.pdf>] [96 <./rigidity_v97_archive.pdf>] [97 <./rigidity_v97_archive.pdf>]
[98 <./rigidity_v97_archive.pdf>] [99 <./rigidity_v97_archive.pdf>] [100 <./rig
idity_v97_archive.pdf>] [101 <./rigidity_v97_archive.pdf>]
(./rigidity_v98_archive.aux)

Package rerunfilecheck Warning: File `rigidity_v98_archive.out' has changed.
(rerunfilecheck)                Rerun to get outlines right
(rerunfilecheck)                or use package `bookmark'.

 ) )</usr/share/texlive/texmf-dist/fonts/type1/public/amsfonts/euler/eufm10.pfb
></usr/share/texmf/fonts/type1/public/lm/lmbx10.pfb></usr/share/texmf/fonts/typ
e1/public/lm/lmbx9.pfb></usr/share/texmf/fonts/type1/public/lm/lmcsc10.pfb></us
r/share/texmf/fonts/type1/public/lm/lmex10.pfb></usr/share/texmf/fonts/type1/pu
blic/lm/lmmi10.pfb></usr/share/texmf/fonts/type1/public/lm/lmmi6.pfb></usr/shar
e/texmf/fonts/type1/public/lm/lmmi8.pfb></usr/share/texmf/fonts/type1/public/lm
/lmmi9.pfb></usr/share/texmf/fonts/type1/public/lm/lmr10.pfb></usr/share/texmf/
fonts/type1/public/lm/lmr6.pfb></usr/share/texmf/fonts/type1/public/lm/lmr8.pfb
></usr/share/texmf/fonts/type1/public/lm/lmr9.pfb></usr/share/texmf/fonts/type1
/public/lm/lmri10.pfb></usr/share/texmf/fonts/type1/public/lm/lmri8.pfb></usr/s
hare/texmf/fonts/type1/public/lm/lmri9.pfb></usr/share/texmf/fonts/type1/public
/lm/lmss10.pfb></usr/share/texmf/fonts/type1/public/lm/lmss8.pfb></usr/share/te
xmf/fonts/type1/public/lm/lmsy10.pfb></usr/share/texmf/fonts/type1/public/lm/lm
sy6.pfb></usr/share/texmf/fonts/type1/public/lm/lmsy8.pfb></usr/share/texmf/fon
ts/type1/public/lm/lmsy9.pfb></usr/share/texlive/texmf-dist/fonts/type1/public/
amsfonts/symbols/msam10.pfb></usr/share/texlive/texmf-dist/fonts/type1/public/a
msfonts/symbols/msbm10.pfb></usr/share/texlive/texmf-dist/fonts/type1/public/rs
fs/rsfs10.pfb>
Output written on rigidity_v98_archive.pdf (101 pages, 1089246 bytes).
Transcript written on rigidity_v98_archive.log.
Latexmk: Getting log file 'rigidity_v98_archive.log'
Latexmk: Examining 'rigidity_v98_archive.fls'
Latexmk: Examining 'rigidity_v98_archive.log'
Latexmk: References changed.
Latexmk: Log file says output to 'rigidity_v98_archive.pdf'
Latexmk: applying rule 'pdflatex'...
Rule 'pdflatex':  Reasons for rerun
Changed files or newly in use/created:
  rigidity_v98_archive.aux
  rigidity_v98_archive.out

------------
Run number 2 of rule 'pdflatex'
------------
------------
Running 'pdflatex  -interaction=nonstopmode -halt-on-error -file-line-error -recorder  "rigidity_v98_archive.tex"'
------------
This is pdfTeX, Version 3.141592653-2.6-1.40.25 (TeX Live 2023/Debian) (preloaded format=pdflatex)
 restricted \write18 enabled.
entering extended mode
(./rigidity_v98_archive.tex
LaTeX2e <2023-11-01> patch level 1
L3 programming layer <2024-01-22>
(./rigidity_v97_complete.tex
(/usr/share/texlive/texmf-dist/tex/latex/base/article.cls
Document Class: article 2023/05/17 v1.4n Standard LaTeX document class
(/usr/share/texlive/texmf-dist/tex/latex/base/size10.clo))
(/usr/share/texlive/texmf-dist/tex/latex/pdfpages/pdfpages.sty
(/usr/share/texlive/texmf-dist/tex/latex/base/ifthen.sty)
(/usr/share/texlive/texmf-dist/tex/latex/tools/calc.sty)
(/usr/share/texlive/texmf-dist/tex/latex/eso-pic/eso-pic.sty
(/usr/share/texlive/texmf-dist/tex/latex/graphics/keyval.sty)
(/usr/share/texlive/texmf-dist/tex/latex/xcolor/xcolor.sty
(/usr/share/texlive/texmf-dist/tex/latex/graphics-cfg/color.cfg)
(/usr/share/texlive/texmf-dist/tex/latex/graphics-def/pdftex.def)
(/usr/share/texlive/texmf-dist/tex/latex/graphics/mathcolor.ltx)))
(/usr/share/texlive/texmf-dist/tex/latex/graphics/graphicx.sty
(/usr/share/texlive/texmf-dist/tex/latex/graphics/graphics.sty
(/usr/share/texlive/texmf-dist/tex/latex/graphics/trig.sty)
(/usr/share/texlive/texmf-dist/tex/latex/graphics-cfg/graphics.cfg)))
(/usr/share/texlive/texmf-dist/tex/latex/pdfpages/pppdftex.def))
(/usr/share/texlive/texmf-dist/tex/latex/hyperref/hyperref.sty
(/usr/share/texlive/texmf-dist/tex/generic/iftex/iftex.sty)
(/usr/share/texlive/texmf-dist/tex/latex/kvsetkeys/kvsetkeys.sty)
(/usr/share/texlive/texmf-dist/tex/generic/kvdefinekeys/kvdefinekeys.sty)
(/usr/share/texlive/texmf-dist/tex/generic/pdfescape/pdfescape.sty
(/usr/share/texlive/texmf-dist/tex/generic/ltxcmds/ltxcmds.sty)
(/usr/share/texlive/texmf-dist/tex/generic/pdftexcmds/pdftexcmds.sty
(/usr/share/texlive/texmf-dist/tex/generic/infwarerr/infwarerr.sty)))
(/usr/share/texlive/texmf-dist/tex/latex/hycolor/hycolor.sty)
(/usr/share/texlive/texmf-dist/tex/latex/auxhook/auxhook.sty)
(/usr/share/texlive/texmf-dist/tex/latex/hyperref/nameref.sty
(/usr/share/texlive/texmf-dist/tex/latex/refcount/refcount.sty)
(/usr/share/texlive/texmf-dist/tex/generic/gettitlestring/gettitlestring.sty
(/usr/share/texlive/texmf-dist/tex/latex/kvoptions/kvoptions.sty)))
(/usr/share/texlive/texmf-dist/tex/latex/etoolbox/etoolbox.sty)
(/usr/share/texlive/texmf-dist/tex/latex/hyperref/pd1enc.def)
(/usr/share/texlive/texmf-dist/tex/generic/intcalc/intcalc.sty)
(/usr/share/texlive/texmf-dist/tex/latex/hyperref/puenc.def)
(/usr/share/texlive/texmf-dist/tex/latex/url/url.sty)
(/usr/share/texlive/texmf-dist/tex/generic/bitset/bitset.sty
(/usr/share/texlive/texmf-dist/tex/generic/bigintcalc/bigintcalc.sty))
(/usr/share/texlive/texmf-dist/tex/latex/base/atbegshi-ltx.sty))
(/usr/share/texlive/texmf-dist/tex/latex/hyperref/hpdftex.def
(/usr/share/texlive/texmf-dist/tex/latex/base/atveryend-ltx.sty)
(/usr/share/texlive/texmf-dist/tex/latex/rerunfilecheck/rerunfilecheck.sty
(/usr/share/texlive/texmf-dist/tex/generic/uniquecounter/uniquecounter.sty)))
(/usr/share/texlive/texmf-dist/tex/latex/l3backend/l3backend-pdftex.def)
(./rigidity_v98_archive.aux)
(/usr/share/texlive/texmf-dist/tex/context/base/mkii/supp-pdf.mkii
[Loading MPS to PDF converter (version 2006.09.02).]
) (/usr/share/texlive/texmf-dist/tex/latex/epstopdf-pkg/epstopdf-base.sty
(/usr/share/texlive/texmf-dist/tex/latex/latexconfig/epstopdf-sys.cfg))
(/usr/share/texlive/texmf-dist/tex/latex/pdflscape/pdflscape.sty
(/usr/share/texlive/texmf-dist/tex/latex/pdflscape/pdflscape-nometadata.sty
(/usr/share/texlive/texmf-dist/tex/latex/graphics/lscape.sty)))
(./rigidity_v98_archive.out) (./rigidity_v98_archive.out) [1 <./rigidity_v97.pd
f{/var/lib/texmf/fonts/map/pdftex/updmap/pdftex.map}>] [2 <./rigidity_v97.pdf>]
[3 <./rigidity_v97.pdf>] [4 <./rigidity_v97.pdf>] [5 <./rigidity_v97.pdf>]
[6 <./rigidity_v97.pdf>] [7 <./rigidity_v97.pdf>] [8 <./rigidity_v97.pdf>]
[9 <./rigidity_v97.pdf>] [10 <./rigidity_v97.pdf>] [11 <./rigidity_v97.pdf>]
[12 <./rigidity_v97.pdf>] [13 <./rigidity_v97.pdf>] [14 <./rigidity_v97.pdf>]
[15 <./rigidity_v97.pdf>] [16 <./rigidity_v97.pdf>] [17 <./rigidity_v97.pdf>]
[18 <./rigidity_v97.pdf>] [19 <./rigidity_v97.pdf>] [20 <./rigidity_v97.pdf>]
[21 <./rigidity_v97.pdf>] [22 <./rigidity_v97_archive.pdf>] [23 <./rigidity_v97
_archive.pdf>] [24 <./rigidity_v97_archive.pdf>] [25 <./rigidity_v97_archive.pd
f>] [26 <./rigidity_v97_archive.pdf>] [27 <./rigidity_v97_archive.pdf>]
[28 <./rigidity_v97_archive.pdf>] [29 <./rigidity_v97_archive.pdf>] [30 <./rigi
dity_v97_archive.pdf>] [31 <./rigidity_v97_archive.pdf>] [32 <./rigidity_v97_ar
chive.pdf>] [33 <./rigidity_v97_archive.pdf>] [34 <./rigidity_v97_archive.pdf>]
[35 <./rigidity_v97_archive.pdf>] [36 <./rigidity_v97_archive.pdf>] [37 <./rigi
dity_v97_archive.pdf>] [38 <./rigidity_v97_archive.pdf>] [39 <./rigidity_v97_ar
chive.pdf>] [40 <./rigidity_v97_archive.pdf>] [41 <./rigidity_v97_archive.pdf>]
[42 <./rigidity_v97_archive.pdf>] [43 <./rigidity_v97_archive.pdf>] [44 <./rigi
dity_v97_archive.pdf>] [45 <./rigidity_v97_archive.pdf>] [46 <./rigidity_v97_ar
chive.pdf>] [47 <./rigidity_v97_archive.pdf>] [48 <./rigidity_v97_archive.pdf>]
[49 <./rigidity_v97_archive.pdf>] [50 <./rigidity_v97_archive.pdf>] [51 <./rigi
dity_v97_archive.pdf>] [52 <./rigidity_v97_archive.pdf>] [53 <./rigidity_v97_ar
chive.pdf>] [54 <./rigidity_v97_archive.pdf>] [55 <./rigidity_v97_archive.pdf>]
[56 <./rigidity_v97_archive.pdf>] [57 <./rigidity_v97_archive.pdf>] [58 <./rigi
dity_v97_archive.pdf>] [59 <./rigidity_v97_archive.pdf>] [60 <./rigidity_v97_ar
chive.pdf>] [61 <./rigidity_v97_archive.pdf>] [62 <./rigidity_v97_archive.pdf>]
[63 <./rigidity_v97_archive.pdf>] [64 <./rigidity_v97_archive.pdf>] [65 <./rigi
dity_v97_archive.pdf>] [66 <./rigidity_v97_archive.pdf>] [67 <./rigidity_v97_ar
chive.pdf>] [68 <./rigidity_v97_archive.pdf>] [69 <./rigidity_v97_archive.pdf>]
[70 <./rigidity_v97_archive.pdf>] [71 <./rigidity_v97_archive.pdf>] [72 <./rigi
dity_v97_archive.pdf>] [73 <./rigidity_v97_archive.pdf>] [74 <./rigidity_v97_ar
chive.pdf>] [75 <./rigidity_v97_archive.pdf>] [76 <./rigidity_v97_archive.pdf>]
[77 <./rigidity_v97_archive.pdf>] [78 <./rigidity_v97_archive.pdf>] [79 <./rigi
dity_v97_archive.pdf>] [80 <./rigidity_v97_archive.pdf>] [81 <./rigidity_v97_ar
chive.pdf>] [82 <./rigidity_v97_archive.pdf>] [83 <./rigidity_v97_archive.pdf>]
[84 <./rigidity_v97_archive.pdf>] [85 <./rigidity_v97_archive.pdf>] [86 <./rigi
dity_v97_archive.pdf>] [87 <./rigidity_v97_archive.pdf>] [88 <./rigidity_v97_ar
chive.pdf>] [89 <./rigidity_v97_archive.pdf>] [90 <./rigidity_v97_archive.pdf>]
[91 <./rigidity_v97_archive.pdf>] [92 <./rigidity_v97_archive.pdf>] [93 <./rigi
dity_v97_archive.pdf>] [94 <./rigidity_v97_archive.pdf>] [95 <./rigidity_v97_ar
chive.pdf>] [96 <./rigidity_v97_archive.pdf>] [97 <./rigidity_v97_archive.pdf>]
[98 <./rigidity_v97_archive.pdf>] [99 <./rigidity_v97_archive.pdf>] [100 <./rig
idity_v97_archive.pdf>] [101 <./rigidity_v97_archive.pdf>]
(./rigidity_v98_archive.aux) ) )</usr/share/texlive/texmf-dist/fonts/type1/publ
ic/amsfonts/euler/eufm10.pfb></usr/share/texmf/fonts/type1/public/lm/lmbx10.pfb
></usr/share/texmf/fonts/type1/public/lm/lmbx9.pfb></usr/share/texmf/fonts/type
1/public/lm/lmcsc10.pfb></usr/share/texmf/fonts/type1/public/lm/lmex10.pfb></us
r/share/texmf/fonts/type1/public/lm/lmmi10.pfb></usr/share/texmf/fonts/type1/pu
blic/lm/lmmi6.pfb></usr/share/texmf/fonts/type1/public/lm/lmmi8.pfb></usr/share
/texmf/fonts/type1/public/lm/lmmi9.pfb></usr/share/texmf/fonts/type1/public/lm/
lmr10.pfb></usr/share/texmf/fonts/type1/public/lm/lmr6.pfb></usr/share/texmf/fo
nts/type1/public/lm/lmr8.pfb></usr/share/texmf/fonts/type1/public/lm/lmr9.pfb><
/usr/share/texmf/fonts/type1/public/lm/lmri10.pfb></usr/share/texmf/fonts/type1
/public/lm/lmri8.pfb></usr/share/texmf/fonts/type1/public/lm/lmri9.pfb></usr/sh
are/texmf/fonts/type1/public/lm/lmss10.pfb></usr/share/texmf/fonts/type1/public
/lm/lmss8.pfb></usr/share/texmf/fonts/type1/public/lm/lmsy10.pfb></usr/share/te
xmf/fonts/type1/public/lm/lmsy6.pfb></usr/share/texmf/fonts/type1/public/lm/lms
y8.pfb></usr/share/texmf/fonts/type1/public/lm/lmsy9.pfb></usr/share/texlive/te
xmf-dist/fonts/type1/public/amsfonts/symbols/msam10.pfb></usr/share/texlive/tex
mf-dist/fonts/type1/public/amsfonts/symbols/msbm10.pfb></usr/share/texlive/texm
f-dist/fonts/type1/public/rsfs/rsfs10.pfb>
Output written on rigidity_v98_archive.pdf (101 pages, 1089246 bytes).
Transcript written on rigidity_v98_archive.log.
Latexmk: Getting log file 'rigidity_v98_archive.log'
Latexmk: Examining 'rigidity_v98_archive.fls'
Latexmk: Examining 'rigidity_v98_archive.log'
Latexmk: Log file says output to 'rigidity_v98_archive.pdf'
Latexmk: All targets (rigidity_v98_archive.pdf) are up-to-date

Rc files read:
  /etc/LatexMk
Latexmk: This is Latexmk, John Collins, 31 Jan. 2024. Version 4.83.
No existing .aux file, so I'll make a simple one, and require run of *latex.
Force everything to be remade.
Latexmk: applying rule 'pdflatex'...
Rule 'pdflatex':  Reasons for rerun
Category 'other':
  Rerun of 'pdflatex' forced or previously required:
    Reason or flag: 'go_mode'

------------
Run number 1 of rule 'pdflatex'
------------
------------
Running 'pdflatex  -interaction=nonstopmode -halt-on-error -file-line-error -recorder  "rigidity_v99_archive.tex"'
------------
This is pdfTeX, Version 3.141592653-2.6-1.40.25 (TeX Live 2023/Debian) (preloaded format=pdflatex)
 restricted \write18 enabled.
entering extended mode
(./rigidity_v99_archive.tex
LaTeX2e <2023-11-01> patch level 1
L3 programming layer <2024-01-22>
(./rigidity_v98_complete.tex
(/usr/share/texlive/texmf-dist/tex/latex/base/article.cls
Document Class: article 2023/05/17 v1.4n Standard LaTeX document class
(/usr/share/texlive/texmf-dist/tex/latex/base/size10.clo))
(/usr/share/texlive/texmf-dist/tex/latex/pdfpages/pdfpages.sty
(/usr/share/texlive/texmf-dist/tex/latex/base/ifthen.sty)
(/usr/share/texlive/texmf-dist/tex/latex/tools/calc.sty)
(/usr/share/texlive/texmf-dist/tex/latex/eso-pic/eso-pic.sty
(/usr/share/texlive/texmf-dist/tex/latex/graphics/keyval.sty)
(/usr/share/texlive/texmf-dist/tex/latex/xcolor/xcolor.sty
(/usr/share/texlive/texmf-dist/tex/latex/graphics-cfg/color.cfg)
(/usr/share/texlive/texmf-dist/tex/latex/graphics-def/pdftex.def)
(/usr/share/texlive/texmf-dist/tex/latex/graphics/mathcolor.ltx)))
(/usr/share/texlive/texmf-dist/tex/latex/graphics/graphicx.sty
(/usr/share/texlive/texmf-dist/tex/latex/graphics/graphics.sty
(/usr/share/texlive/texmf-dist/tex/latex/graphics/trig.sty)
(/usr/share/texlive/texmf-dist/tex/latex/graphics-cfg/graphics.cfg)))
(/usr/share/texlive/texmf-dist/tex/latex/pdfpages/pppdftex.def))
(/usr/share/texlive/texmf-dist/tex/latex/hyperref/hyperref.sty
(/usr/share/texlive/texmf-dist/tex/generic/iftex/iftex.sty)
(/usr/share/texlive/texmf-dist/tex/latex/kvsetkeys/kvsetkeys.sty)
(/usr/share/texlive/texmf-dist/tex/generic/kvdefinekeys/kvdefinekeys.sty)
(/usr/share/texlive/texmf-dist/tex/generic/pdfescape/pdfescape.sty
(/usr/share/texlive/texmf-dist/tex/generic/ltxcmds/ltxcmds.sty)
(/usr/share/texlive/texmf-dist/tex/generic/pdftexcmds/pdftexcmds.sty
(/usr/share/texlive/texmf-dist/tex/generic/infwarerr/infwarerr.sty)))
(/usr/share/texlive/texmf-dist/tex/latex/hycolor/hycolor.sty)
(/usr/share/texlive/texmf-dist/tex/latex/auxhook/auxhook.sty)
(/usr/share/texlive/texmf-dist/tex/latex/hyperref/nameref.sty
(/usr/share/texlive/texmf-dist/tex/latex/refcount/refcount.sty)
(/usr/share/texlive/texmf-dist/tex/generic/gettitlestring/gettitlestring.sty
(/usr/share/texlive/texmf-dist/tex/latex/kvoptions/kvoptions.sty)))
(/usr/share/texlive/texmf-dist/tex/latex/etoolbox/etoolbox.sty)
(/usr/share/texlive/texmf-dist/tex/latex/hyperref/pd1enc.def)
(/usr/share/texlive/texmf-dist/tex/generic/intcalc/intcalc.sty)
(/usr/share/texlive/texmf-dist/tex/latex/hyperref/puenc.def)
(/usr/share/texlive/texmf-dist/tex/latex/url/url.sty)
(/usr/share/texlive/texmf-dist/tex/generic/bitset/bitset.sty
(/usr/share/texlive/texmf-dist/tex/generic/bigintcalc/bigintcalc.sty))
(/usr/share/texlive/texmf-dist/tex/latex/base/atbegshi-ltx.sty))
(/usr/share/texlive/texmf-dist/tex/latex/hyperref/hpdftex.def
(/usr/share/texlive/texmf-dist/tex/latex/base/atveryend-ltx.sty)
(/usr/share/texlive/texmf-dist/tex/latex/rerunfilecheck/rerunfilecheck.sty
(/usr/share/texlive/texmf-dist/tex/generic/uniquecounter/uniquecounter.sty)))
(/usr/share/texlive/texmf-dist/tex/latex/l3backend/l3backend-pdftex.def)
(./rigidity_v99_archive.aux)
(/usr/share/texlive/texmf-dist/tex/context/base/mkii/supp-pdf.mkii
[Loading MPS to PDF converter (version 2006.09.02).]
) (/usr/share/texlive/texmf-dist/tex/latex/epstopdf-pkg/epstopdf-base.sty
(/usr/share/texlive/texmf-dist/tex/latex/latexconfig/epstopdf-sys.cfg))
(/usr/share/texlive/texmf-dist/tex/latex/pdflscape/pdflscape.sty
(/usr/share/texlive/texmf-dist/tex/latex/pdflscape/pdflscape-nometadata.sty
(/usr/share/texlive/texmf-dist/tex/latex/graphics/lscape.sty))) [1 <./rigidity_
v98.pdf{/var/lib/texmf/fonts/map/pdftex/updmap/pdftex.map}>] [2 <./rigidity_v98
.pdf>] [3 <./rigidity_v98.pdf>] [4 <./rigidity_v98.pdf>] [5 <./rigidity_v98.pdf
>] [6 <./rigidity_v98.pdf>] [7 <./rigidity_v98.pdf>] [8 <./rigidity_v98.pdf>]
[9 <./rigidity_v98.pdf>] [10 <./rigidity_v98.pdf>] [11 <./rigidity_v98.pdf>]
[12 <./rigidity_v98.pdf>] [13 <./rigidity_v98.pdf>] [14 <./rigidity_v98.pdf>]
[15 <./rigidity_v98.pdf>] [16 <./rigidity_v98.pdf>] [17 <./rigidity_v98.pdf>]
[18 <./rigidity_v98.pdf>] [19 <./rigidity_v98.pdf>] [20 <./rigidity_v98.pdf>]
[21 <./rigidity_v98.pdf>] [22 <./rigidity_v98.pdf>] [23 <./rigidity_v98.pdf>]
[24 <./rigidity_v98.pdf>] [25 <./rigidity_v98.pdf>] [26 <./rigidity_v98.pdf>]
[27 <./rigidity_v98_archive.pdf>] [28 <./rigidity_v98_archive.pdf>] [29 <./rigi
dity_v98_archive.pdf>] [30 <./rigidity_v98_archive.pdf>] [31 <./rigidity_v98_ar
chive.pdf>] [32 <./rigidity_v98_archive.pdf>] [33 <./rigidity_v98_archive.pdf>]
[34 <./rigidity_v98_archive.pdf>] [35 <./rigidity_v98_archive.pdf>] [36 <./rigi
dity_v98_archive.pdf>] [37 <./rigidity_v98_archive.pdf>] [38 <./rigidity_v98_ar
chive.pdf>] [39 <./rigidity_v98_archive.pdf>] [40 <./rigidity_v98_archive.pdf>]
[41 <./rigidity_v98_archive.pdf>] [42 <./rigidity_v98_archive.pdf>] [43 <./rigi
dity_v98_archive.pdf>] [44 <./rigidity_v98_archive.pdf>] [45 <./rigidity_v98_ar
chive.pdf>] [46 <./rigidity_v98_archive.pdf>] [47 <./rigidity_v98_archive.pdf>]
[48 <./rigidity_v98_archive.pdf>] [49 <./rigidity_v98_archive.pdf>] [50 <./rigi
dity_v98_archive.pdf>] [51 <./rigidity_v98_archive.pdf>] [52 <./rigidity_v98_ar
chive.pdf>] [53 <./rigidity_v98_archive.pdf>] [54 <./rigidity_v98_archive.pdf>]
[55 <./rigidity_v98_archive.pdf>] [56 <./rigidity_v98_archive.pdf>] [57 <./rigi
dity_v98_archive.pdf>] [58 <./rigidity_v98_archive.pdf>] [59 <./rigidity_v98_ar
chive.pdf>] [60 <./rigidity_v98_archive.pdf>] [61 <./rigidity_v98_archive.pdf>]
[62 <./rigidity_v98_archive.pdf>] [63 <./rigidity_v98_archive.pdf>] [64 <./rigi
dity_v98_archive.pdf>] [65 <./rigidity_v98_archive.pdf>] [66 <./rigidity_v98_ar
chive.pdf>] [67 <./rigidity_v98_archive.pdf>] [68 <./rigidity_v98_archive.pdf>]
[69 <./rigidity_v98_archive.pdf>] [70 <./rigidity_v98_archive.pdf>] [71 <./rigi
dity_v98_archive.pdf>] [72 <./rigidity_v98_archive.pdf>] [73 <./rigidity_v98_ar
chive.pdf>] [74 <./rigidity_v98_archive.pdf>] [75 <./rigidity_v98_archive.pdf>]
[76 <./rigidity_v98_archive.pdf>] [77 <./rigidity_v98_archive.pdf>] [78 <./rigi
dity_v98_archive.pdf>] [79 <./rigidity_v98_archive.pdf>] [80 <./rigidity_v98_ar
chive.pdf>] [81 <./rigidity_v98_archive.pdf>] [82 <./rigidity_v98_archive.pdf>]
[83 <./rigidity_v98_archive.pdf>] [84 <./rigidity_v98_archive.pdf>] [85 <./rigi
dity_v98_archive.pdf>] [86 <./rigidity_v98_archive.pdf>] [87 <./rigidity_v98_ar
chive.pdf>] [88 <./rigidity_v98_archive.pdf>] [89 <./rigidity_v98_archive.pdf>]
[90 <./rigidity_v98_archive.pdf>] [91 <./rigidity_v98_archive.pdf>] [92 <./rigi
dity_v98_archive.pdf>] [93 <./rigidity_v98_archive.pdf>] [94 <./rigidity_v98_ar
chive.pdf>] [95 <./rigidity_v98_archive.pdf>] [96 <./rigidity_v98_archive.pdf>]
[97 <./rigidity_v98_archive.pdf>] [98 <./rigidity_v98_archive.pdf>] [99 <./rigi
dity_v98_archive.pdf>] [100 <./rigidity_v98_archive.pdf>] [101 <./rigidity_v98_
archive.pdf>] [102 <./rigidity_v98_archive.pdf>] [103 <./rigidity_v98_archive.p
df>] [104 <./rigidity_v98_archive.pdf>] [105 <./rigidity_v98_archive.pdf>]
[106 <./rigidity_v98_archive.pdf>] [107 <./rigidity_v98_archive.pdf>] [108 <./r
igidity_v98_archive.pdf>] [109 <./rigidity_v98_archive.pdf>] [110 <./rigidity_v
98_archive.pdf>] [111 <./rigidity_v98_archive.pdf>] [112 <./rigidity_v98_archiv
e.pdf>] [113 <./rigidity_v98_archive.pdf>] [114 <./rigidity_v98_archive.pdf>]
[115 <./rigidity_v98_archive.pdf>] [116 <./rigidity_v98_archive.pdf>] [117 <./r
igidity_v98_archive.pdf>] [118 <./rigidity_v98_archive.pdf>] [119 <./rigidity_v
98_archive.pdf>] [120 <./rigidity_v98_archive.pdf>] [121 <./rigidity_v98_archiv
e.pdf>] [122 <./rigidity_v98_archive.pdf>] [123 <./rigidity_v98_archive.pdf>]
[124 <./rigidity_v98_archive.pdf>] [125 <./rigidity_v98_archive.pdf>] [126 <./r
igidity_v98_archive.pdf>] [127 <./rigidity_v98_archive.pdf>]
(./rigidity_v99_archive.aux)

Package rerunfilecheck Warning: File `rigidity_v99_archive.out' has changed.
(rerunfilecheck)                Rerun to get outlines right
(rerunfilecheck)                or use package `bookmark'.

 ) )</usr/share/texlive/texmf-dist/fonts/type1/public/amsfonts/euler/eufm10.pfb
></usr/share/texmf/fonts/type1/public/lm/lmbx10.pfb></usr/share/texmf/fonts/typ
e1/public/lm/lmbx9.pfb></usr/share/texmf/fonts/type1/public/lm/lmcsc10.pfb></us
r/share/texmf/fonts/type1/public/lm/lmex10.pfb></usr/share/texmf/fonts/type1/pu
blic/lm/lmmi10.pfb></usr/share/texmf/fonts/type1/public/lm/lmmi6.pfb></usr/shar
e/texmf/fonts/type1/public/lm/lmmi8.pfb></usr/share/texmf/fonts/type1/public/lm
/lmmi9.pfb></usr/share/texmf/fonts/type1/public/lm/lmr10.pfb></usr/share/texmf/
fonts/type1/public/lm/lmr6.pfb></usr/share/texmf/fonts/type1/public/lm/lmr8.pfb
></usr/share/texmf/fonts/type1/public/lm/lmr9.pfb></usr/share/texmf/fonts/type1
/public/lm/lmri10.pfb></usr/share/texmf/fonts/type1/public/lm/lmri8.pfb></usr/s
hare/texmf/fonts/type1/public/lm/lmri9.pfb></usr/share/texmf/fonts/type1/public
/lm/lmss10.pfb></usr/share/texmf/fonts/type1/public/lm/lmss8.pfb></usr/share/te
xmf/fonts/type1/public/lm/lmsy10.pfb></usr/share/texmf/fonts/type1/public/lm/lm
sy6.pfb></usr/share/texmf/fonts/type1/public/lm/lmsy8.pfb></usr/share/texlive/t
exmf-dist/fonts/type1/public/amsfonts/symbols/msam10.pfb></usr/share/texlive/te
xmf-dist/fonts/type1/public/amsfonts/symbols/msbm10.pfb></usr/share/texlive/tex
mf-dist/fonts/type1/public/rsfs/rsfs10.pfb>
Output written on rigidity_v99_archive.pdf (127 pages, 1678711 bytes).
Transcript written on rigidity_v99_archive.log.
Latexmk: Getting log file 'rigidity_v99_archive.log'
Latexmk: Examining 'rigidity_v99_archive.fls'
Latexmk: Examining 'rigidity_v99_archive.log'
Latexmk: References changed.
Latexmk: Log file says output to 'rigidity_v99_archive.pdf'
Latexmk: applying rule 'pdflatex'...
Rule 'pdflatex':  Reasons for rerun
Changed files or newly in use/created:
  rigidity_v99_archive.aux
  rigidity_v99_archive.out

------------
Run number 2 of rule 'pdflatex'
------------
------------
Running 'pdflatex  -interaction=nonstopmode -halt-on-error -file-line-error -recorder  "rigidity_v99_archive.tex"'
------------
This is pdfTeX, Version 3.141592653-2.6-1.40.25 (TeX Live 2023/Debian) (preloaded format=pdflatex)
 restricted \write18 enabled.
entering extended mode
(./rigidity_v99_archive.tex
LaTeX2e <2023-11-01> patch level 1
L3 programming layer <2024-01-22>
(./rigidity_v98_complete.tex
(/usr/share/texlive/texmf-dist/tex/latex/base/article.cls
Document Class: article 2023/05/17 v1.4n Standard LaTeX document class
(/usr/share/texlive/texmf-dist/tex/latex/base/size10.clo))
(/usr/share/texlive/texmf-dist/tex/latex/pdfpages/pdfpages.sty
(/usr/share/texlive/texmf-dist/tex/latex/base/ifthen.sty)
(/usr/share/texlive/texmf-dist/tex/latex/tools/calc.sty)
(/usr/share/texlive/texmf-dist/tex/latex/eso-pic/eso-pic.sty
(/usr/share/texlive/texmf-dist/tex/latex/graphics/keyval.sty)
(/usr/share/texlive/texmf-dist/tex/latex/xcolor/xcolor.sty
(/usr/share/texlive/texmf-dist/tex/latex/graphics-cfg/color.cfg)
(/usr/share/texlive/texmf-dist/tex/latex/graphics-def/pdftex.def)
(/usr/share/texlive/texmf-dist/tex/latex/graphics/mathcolor.ltx)))
(/usr/share/texlive/texmf-dist/tex/latex/graphics/graphicx.sty
(/usr/share/texlive/texmf-dist/tex/latex/graphics/graphics.sty
(/usr/share/texlive/texmf-dist/tex/latex/graphics/trig.sty)
(/usr/share/texlive/texmf-dist/tex/latex/graphics-cfg/graphics.cfg)))
(/usr/share/texlive/texmf-dist/tex/latex/pdfpages/pppdftex.def))
(/usr/share/texlive/texmf-dist/tex/latex/hyperref/hyperref.sty
(/usr/share/texlive/texmf-dist/tex/generic/iftex/iftex.sty)
(/usr/share/texlive/texmf-dist/tex/latex/kvsetkeys/kvsetkeys.sty)
(/usr/share/texlive/texmf-dist/tex/generic/kvdefinekeys/kvdefinekeys.sty)
(/usr/share/texlive/texmf-dist/tex/generic/pdfescape/pdfescape.sty
(/usr/share/texlive/texmf-dist/tex/generic/ltxcmds/ltxcmds.sty)
(/usr/share/texlive/texmf-dist/tex/generic/pdftexcmds/pdftexcmds.sty
(/usr/share/texlive/texmf-dist/tex/generic/infwarerr/infwarerr.sty)))
(/usr/share/texlive/texmf-dist/tex/latex/hycolor/hycolor.sty)
(/usr/share/texlive/texmf-dist/tex/latex/auxhook/auxhook.sty)
(/usr/share/texlive/texmf-dist/tex/latex/hyperref/nameref.sty
(/usr/share/texlive/texmf-dist/tex/latex/refcount/refcount.sty)
(/usr/share/texlive/texmf-dist/tex/generic/gettitlestring/gettitlestring.sty
(/usr/share/texlive/texmf-dist/tex/latex/kvoptions/kvoptions.sty)))
(/usr/share/texlive/texmf-dist/tex/latex/etoolbox/etoolbox.sty)
(/usr/share/texlive/texmf-dist/tex/latex/hyperref/pd1enc.def)
(/usr/share/texlive/texmf-dist/tex/generic/intcalc/intcalc.sty)
(/usr/share/texlive/texmf-dist/tex/latex/hyperref/puenc.def)
(/usr/share/texlive/texmf-dist/tex/latex/url/url.sty)
(/usr/share/texlive/texmf-dist/tex/generic/bitset/bitset.sty
(/usr/share/texlive/texmf-dist/tex/generic/bigintcalc/bigintcalc.sty))
(/usr/share/texlive/texmf-dist/tex/latex/base/atbegshi-ltx.sty))
(/usr/share/texlive/texmf-dist/tex/latex/hyperref/hpdftex.def
(/usr/share/texlive/texmf-dist/tex/latex/base/atveryend-ltx.sty)
(/usr/share/texlive/texmf-dist/tex/latex/rerunfilecheck/rerunfilecheck.sty
(/usr/share/texlive/texmf-dist/tex/generic/uniquecounter/uniquecounter.sty)))
(/usr/share/texlive/texmf-dist/tex/latex/l3backend/l3backend-pdftex.def)
(./rigidity_v99_archive.aux)
(/usr/share/texlive/texmf-dist/tex/context/base/mkii/supp-pdf.mkii
[Loading MPS to PDF converter (version 2006.09.02).]
) (/usr/share/texlive/texmf-dist/tex/latex/epstopdf-pkg/epstopdf-base.sty
(/usr/share/texlive/texmf-dist/tex/latex/latexconfig/epstopdf-sys.cfg))
(/usr/share/texlive/texmf-dist/tex/latex/pdflscape/pdflscape.sty
(/usr/share/texlive/texmf-dist/tex/latex/pdflscape/pdflscape-nometadata.sty
(/usr/share/texlive/texmf-dist/tex/latex/graphics/lscape.sty)))
(./rigidity_v99_archive.out) (./rigidity_v99_archive.out) [1 <./rigidity_v98.pd
f{/var/lib/texmf/fonts/map/pdftex/updmap/pdftex.map}>] [2 <./rigidity_v98.pdf>]
[3 <./rigidity_v98.pdf>] [4 <./rigidity_v98.pdf>] [5 <./rigidity_v98.pdf>]
[6 <./rigidity_v98.pdf>] [7 <./rigidity_v98.pdf>] [8 <./rigidity_v98.pdf>]
[9 <./rigidity_v98.pdf>] [10 <./rigidity_v98.pdf>] [11 <./rigidity_v98.pdf>]
[12 <./rigidity_v98.pdf>] [13 <./rigidity_v98.pdf>] [14 <./rigidity_v98.pdf>]
[15 <./rigidity_v98.pdf>] [16 <./rigidity_v98.pdf>] [17 <./rigidity_v98.pdf>]
[18 <./rigidity_v98.pdf>] [19 <./rigidity_v98.pdf>] [20 <./rigidity_v98.pdf>]
[21 <./rigidity_v98.pdf>] [22 <./rigidity_v98.pdf>] [23 <./rigidity_v98.pdf>]
[24 <./rigidity_v98.pdf>] [25 <./rigidity_v98.pdf>] [26 <./rigidity_v98.pdf>]
[27 <./rigidity_v98_archive.pdf>] [28 <./rigidity_v98_archive.pdf>] [29 <./rigi
dity_v98_archive.pdf>] [30 <./rigidity_v98_archive.pdf>] [31 <./rigidity_v98_ar
chive.pdf>] [32 <./rigidity_v98_archive.pdf>] [33 <./rigidity_v98_archive.pdf>]
[34 <./rigidity_v98_archive.pdf>] [35 <./rigidity_v98_archive.pdf>] [36 <./rigi
dity_v98_archive.pdf>] [37 <./rigidity_v98_archive.pdf>] [38 <./rigidity_v98_ar
chive.pdf>] [39 <./rigidity_v98_archive.pdf>] [40 <./rigidity_v98_archive.pdf>]
[41 <./rigidity_v98_archive.pdf>] [42 <./rigidity_v98_archive.pdf>] [43 <./rigi
dity_v98_archive.pdf>] [44 <./rigidity_v98_archive.pdf>] [45 <./rigidity_v98_ar
chive.pdf>] [46 <./rigidity_v98_archive.pdf>] [47 <./rigidity_v98_archive.pdf>]
[48 <./rigidity_v98_archive.pdf>] [49 <./rigidity_v98_archive.pdf>] [50 <./rigi
dity_v98_archive.pdf>] [51 <./rigidity_v98_archive.pdf>] [52 <./rigidity_v98_ar
chive.pdf>] [53 <./rigidity_v98_archive.pdf>] [54 <./rigidity_v98_archive.pdf>]
[55 <./rigidity_v98_archive.pdf>] [56 <./rigidity_v98_archive.pdf>] [57 <./rigi
dity_v98_archive.pdf>] [58 <./rigidity_v98_archive.pdf>] [59 <./rigidity_v98_ar
chive.pdf>] [60 <./rigidity_v98_archive.pdf>] [61 <./rigidity_v98_archive.pdf>]
[62 <./rigidity_v98_archive.pdf>] [63 <./rigidity_v98_archive.pdf>] [64 <./rigi
dity_v98_archive.pdf>] [65 <./rigidity_v98_archive.pdf>] [66 <./rigidity_v98_ar
chive.pdf>] [67 <./rigidity_v98_archive.pdf>] [68 <./rigidity_v98_archive.pdf>]
[69 <./rigidity_v98_archive.pdf>] [70 <./rigidity_v98_archive.pdf>] [71 <./rigi
dity_v98_archive.pdf>] [72 <./rigidity_v98_archive.pdf>] [73 <./rigidity_v98_ar
chive.pdf>] [74 <./rigidity_v98_archive.pdf>] [75 <./rigidity_v98_archive.pdf>]
[76 <./rigidity_v98_archive.pdf>] [77 <./rigidity_v98_archive.pdf>] [78 <./rigi
dity_v98_archive.pdf>] [79 <./rigidity_v98_archive.pdf>] [80 <./rigidity_v98_ar
chive.pdf>] [81 <./rigidity_v98_archive.pdf>] [82 <./rigidity_v98_archive.pdf>]
[83 <./rigidity_v98_archive.pdf>] [84 <./rigidity_v98_archive.pdf>] [85 <./rigi
dity_v98_archive.pdf>] [86 <./rigidity_v98_archive.pdf>] [87 <./rigidity_v98_ar
chive.pdf>] [88 <./rigidity_v98_archive.pdf>] [89 <./rigidity_v98_archive.pdf>]
[90 <./rigidity_v98_archive.pdf>] [91 <./rigidity_v98_archive.pdf>] [92 <./rigi
dity_v98_archive.pdf>] [93 <./rigidity_v98_archive.pdf>] [94 <./rigidity_v98_ar
chive.pdf>] [95 <./rigidity_v98_archive.pdf>] [96 <./rigidity_v98_archive.pdf>]
[97 <./rigidity_v98_archive.pdf>] [98 <./rigidity_v98_archive.pdf>] [99 <./rigi
dity_v98_archive.pdf>] [100 <./rigidity_v98_archive.pdf>] [101 <./rigidity_v98_
archive.pdf>] [102 <./rigidity_v98_archive.pdf>] [103 <./rigidity_v98_archive.p
df>] [104 <./rigidity_v98_archive.pdf>] [105 <./rigidity_v98_archive.pdf>]
[106 <./rigidity_v98_archive.pdf>] [107 <./rigidity_v98_archive.pdf>] [108 <./r
igidity_v98_archive.pdf>] [109 <./rigidity_v98_archive.pdf>] [110 <./rigidity_v
98_archive.pdf>] [111 <./rigidity_v98_archive.pdf>] [112 <./rigidity_v98_archiv
e.pdf>] [113 <./rigidity_v98_archive.pdf>] [114 <./rigidity_v98_archive.pdf>]
[115 <./rigidity_v98_archive.pdf>] [116 <./rigidity_v98_archive.pdf>] [117 <./r
igidity_v98_archive.pdf>] [118 <./rigidity_v98_archive.pdf>] [119 <./rigidity_v
98_archive.pdf>] [120 <./rigidity_v98_archive.pdf>] [121 <./rigidity_v98_archiv
e.pdf>] [122 <./rigidity_v98_archive.pdf>] [123 <./rigidity_v98_archive.pdf>]
[124 <./rigidity_v98_archive.pdf>] [125 <./rigidity_v98_archive.pdf>] [126 <./r
igidity_v98_archive.pdf>] [127 <./rigidity_v98_archive.pdf>]
(./rigidity_v99_archive.aux) ) )</usr/share/texlive/texmf-dist/fonts/type1/publ
ic/amsfonts/euler/eufm10.pfb></usr/share/texmf/fonts/type1/public/lm/lmbx10.pfb
></usr/share/texmf/fonts/type1/public/lm/lmbx9.pfb></usr/share/texmf/fonts/type
1/public/lm/lmcsc10.pfb></usr/share/texmf/fonts/type1/public/lm/lmex10.pfb></us
r/share/texmf/fonts/type1/public/lm/lmmi10.pfb></usr/share/texmf/fonts/type1/pu
blic/lm/lmmi6.pfb></usr/share/texmf/fonts/type1/public/lm/lmmi8.pfb></usr/share
/texmf/fonts/type1/public/lm/lmmi9.pfb></usr/share/texmf/fonts/type1/public/lm/
lmr10.pfb></usr/share/texmf/fonts/type1/public/lm/lmr6.pfb></usr/share/texmf/fo
nts/type1/public/lm/lmr8.pfb></usr/share/texmf/fonts/type1/public/lm/lmr9.pfb><
/usr/share/texmf/fonts/type1/public/lm/lmri10.pfb></usr/share/texmf/fonts/type1
/public/lm/lmri8.pfb></usr/share/texmf/fonts/type1/public/lm/lmri9.pfb></usr/sh
are/texmf/fonts/type1/public/lm/lmss10.pfb></usr/share/texmf/fonts/type1/public
/lm/lmss8.pfb></usr/share/texmf/fonts/type1/public/lm/lmsy10.pfb></usr/share/te
xmf/fonts/type1/public/lm/lmsy6.pfb></usr/share/texmf/fonts/type1/public/lm/lms
y8.pfb></usr/share/texlive/texmf-dist/fonts/type1/public/amsfonts/symbols/msam1
0.pfb></usr/share/texlive/texmf-dist/fonts/type1/public/amsfonts/symbols/msbm10
.pfb></usr/share/texlive/texmf-dist/fonts/type1/public/rsfs/rsfs10.pfb>
Output written on rigidity_v99_archive.pdf (127 pages, 1678711 bytes).
Transcript written on rigidity_v99_archive.log.
Latexmk: Getting log file 'rigidity_v99_archive.log'
Latexmk: Examining 'rigidity_v99_archive.fls'
Latexmk: Examining 'rigidity_v99_archive.log'
Latexmk: Log file says output to 'rigidity_v99_archive.pdf'
Latexmk: All targets (rigidity_v99_archive.pdf) are up-to-date

Rc files read:
  /etc/LatexMk
Latexmk: This is Latexmk, John Collins, 31 Jan. 2024. Version 4.83.
No existing .aux file, so I'll make a simple one, and require run of *latex.
Force everything to be remade.
Latexmk: applying rule 'pdflatex'...
Rule 'pdflatex':  Reasons for rerun
Category 'other':
  Rerun of 'pdflatex' forced or previously required:
    Reason or flag: 'go_mode'

------------
Run number 1 of rule 'pdflatex'
------------
------------
Running 'pdflatex  -interaction=nonstopmode -halt-on-error -file-line-error -recorder  "rigidity_v100_archive.tex"'
------------
This is pdfTeX, Version 3.141592653-2.6-1.40.25 (TeX Live 2023/Debian) (preloaded format=pdflatex)
 restricted \write18 enabled.
entering extended mode
(./rigidity_v100_archive.tex
LaTeX2e <2023-11-01> patch level 1
L3 programming layer <2024-01-22>
(./rigidity_v99_complete.tex
(/usr/share/texlive/texmf-dist/tex/latex/base/article.cls
Document Class: article 2023/05/17 v1.4n Standard LaTeX document class
(/usr/share/texlive/texmf-dist/tex/latex/base/size10.clo))
(/usr/share/texlive/texmf-dist/tex/latex/pdfpages/pdfpages.sty
(/usr/share/texlive/texmf-dist/tex/latex/base/ifthen.sty)
(/usr/share/texlive/texmf-dist/tex/latex/tools/calc.sty)
(/usr/share/texlive/texmf-dist/tex/latex/eso-pic/eso-pic.sty
(/usr/share/texlive/texmf-dist/tex/latex/graphics/keyval.sty)
(/usr/share/texlive/texmf-dist/tex/latex/xcolor/xcolor.sty
(/usr/share/texlive/texmf-dist/tex/latex/graphics-cfg/color.cfg)
(/usr/share/texlive/texmf-dist/tex/latex/graphics-def/pdftex.def)
(/usr/share/texlive/texmf-dist/tex/latex/graphics/mathcolor.ltx)))
(/usr/share/texlive/texmf-dist/tex/latex/graphics/graphicx.sty
(/usr/share/texlive/texmf-dist/tex/latex/graphics/graphics.sty
(/usr/share/texlive/texmf-dist/tex/latex/graphics/trig.sty)
(/usr/share/texlive/texmf-dist/tex/latex/graphics-cfg/graphics.cfg)))
(/usr/share/texlive/texmf-dist/tex/latex/pdfpages/pppdftex.def))
(/usr/share/texlive/texmf-dist/tex/latex/hyperref/hyperref.sty
(/usr/share/texlive/texmf-dist/tex/generic/iftex/iftex.sty)
(/usr/share/texlive/texmf-dist/tex/latex/kvsetkeys/kvsetkeys.sty)
(/usr/share/texlive/texmf-dist/tex/generic/kvdefinekeys/kvdefinekeys.sty)
(/usr/share/texlive/texmf-dist/tex/generic/pdfescape/pdfescape.sty
(/usr/share/texlive/texmf-dist/tex/generic/ltxcmds/ltxcmds.sty)
(/usr/share/texlive/texmf-dist/tex/generic/pdftexcmds/pdftexcmds.sty
(/usr/share/texlive/texmf-dist/tex/generic/infwarerr/infwarerr.sty)))
(/usr/share/texlive/texmf-dist/tex/latex/hycolor/hycolor.sty)
(/usr/share/texlive/texmf-dist/tex/latex/auxhook/auxhook.sty)
(/usr/share/texlive/texmf-dist/tex/latex/hyperref/nameref.sty
(/usr/share/texlive/texmf-dist/tex/latex/refcount/refcount.sty)
(/usr/share/texlive/texmf-dist/tex/generic/gettitlestring/gettitlestring.sty
(/usr/share/texlive/texmf-dist/tex/latex/kvoptions/kvoptions.sty)))
(/usr/share/texlive/texmf-dist/tex/latex/etoolbox/etoolbox.sty)
(/usr/share/texlive/texmf-dist/tex/latex/hyperref/pd1enc.def)
(/usr/share/texlive/texmf-dist/tex/generic/intcalc/intcalc.sty)
(/usr/share/texlive/texmf-dist/tex/latex/hyperref/puenc.def)
(/usr/share/texlive/texmf-dist/tex/latex/url/url.sty)
(/usr/share/texlive/texmf-dist/tex/generic/bitset/bitset.sty
(/usr/share/texlive/texmf-dist/tex/generic/bigintcalc/bigintcalc.sty))
(/usr/share/texlive/texmf-dist/tex/latex/base/atbegshi-ltx.sty))
(/usr/share/texlive/texmf-dist/tex/latex/hyperref/hpdftex.def
(/usr/share/texlive/texmf-dist/tex/latex/base/atveryend-ltx.sty)
(/usr/share/texlive/texmf-dist/tex/latex/rerunfilecheck/rerunfilecheck.sty
(/usr/share/texlive/texmf-dist/tex/generic/uniquecounter/uniquecounter.sty)))
(/usr/share/texlive/texmf-dist/tex/latex/l3backend/l3backend-pdftex.def)
(./rigidity_v100_archive.aux)
(/usr/share/texlive/texmf-dist/tex/context/base/mkii/supp-pdf.mkii
[Loading MPS to PDF converter (version 2006.09.02).]
) (/usr/share/texlive/texmf-dist/tex/latex/epstopdf-pkg/epstopdf-base.sty
(/usr/share/texlive/texmf-dist/tex/latex/latexconfig/epstopdf-sys.cfg))
(/usr/share/texlive/texmf-dist/tex/latex/pdflscape/pdflscape.sty
(/usr/share/texlive/texmf-dist/tex/latex/pdflscape/pdflscape-nometadata.sty
(/usr/share/texlive/texmf-dist/tex/latex/graphics/lscape.sty))) [1 <./rigidity_
v99.pdf{/var/lib/texmf/fonts/map/pdftex/updmap/pdftex.map}>] [2 <./rigidity_v99
.pdf>] [3 <./rigidity_v99.pdf>] [4 <./rigidity_v99.pdf>] [5 <./rigidity_v99.pdf
>] [6 <./rigidity_v99.pdf>] [7 <./rigidity_v99.pdf>] [8 <./rigidity_v99.pdf>]
[9 <./rigidity_v99.pdf>] [10 <./rigidity_v99.pdf>] [11 <./rigidity_v99.pdf>]
[12 <./rigidity_v99.pdf>] [13 <./rigidity_v99.pdf>] [14 <./rigidity_v99.pdf>]
[15 <./rigidity_v99.pdf>] [16 <./rigidity_v99.pdf>] [17 <./rigidity_v99.pdf>]
[18 <./rigidity_v99.pdf>] [19 <./rigidity_v99.pdf>] [20 <./rigidity_v99.pdf>]
[21 <./rigidity_v99.pdf>] [22 <./rigidity_v99.pdf>] [23 <./rigidity_v99.pdf>]
[24 <./rigidity_v99.pdf>] [25 <./rigidity_v99.pdf>] [26 <./rigidity_v99.pdf>]
[27 <./rigidity_v99.pdf>] [28 <./rigidity_v99.pdf>] [29 <./rigidity_v99.pdf>]
[30 <./rigidity_v99.pdf>] [31 <./rigidity_v99.pdf>] [32 <./rigidity_v99.pdf>]
[33 <./rigidity_v99.pdf>] [34 <./rigidity_v99.pdf>] [35 <./rigidity_v99.pdf>]
[36 <./rigidity_v99.pdf>] [37 <./rigidity_v99.pdf>] [38 <./rigidity_v99.pdf>]
[39 <./rigidity_v99.pdf>] [40 <./rigidity_v99_archive.pdf>] [41 <./rigidity_v99
_archive.pdf>] [42 <./rigidity_v99_archive.pdf>] [43 <./rigidity_v99_archive.pd
f>] [44 <./rigidity_v99_archive.pdf>] [45 <./rigidity_v99_archive.pdf>]
[46 <./rigidity_v99_archive.pdf>] [47 <./rigidity_v99_archive.pdf>] [48 <./rigi
dity_v99_archive.pdf>] [49 <./rigidity_v99_archive.pdf>] [50 <./rigidity_v99_ar
chive.pdf>] [51 <./rigidity_v99_archive.pdf>] [52 <./rigidity_v99_archive.pdf>]
[53 <./rigidity_v99_archive.pdf>] [54 <./rigidity_v99_archive.pdf>] [55 <./rigi
dity_v99_archive.pdf>] [56 <./rigidity_v99_archive.pdf>] [57 <./rigidity_v99_ar
chive.pdf>] [58 <./rigidity_v99_archive.pdf>] [59 <./rigidity_v99_archive.pdf>]
[60 <./rigidity_v99_archive.pdf>] [61 <./rigidity_v99_archive.pdf>] [62 <./rigi
dity_v99_archive.pdf>] [63 <./rigidity_v99_archive.pdf>] [64 <./rigidity_v99_ar
chive.pdf>] [65 <./rigidity_v99_archive.pdf>] [66 <./rigidity_v99_archive.pdf>]
[67 <./rigidity_v99_archive.pdf>] [68 <./rigidity_v99_archive.pdf>] [69 <./rigi
dity_v99_archive.pdf>] [70 <./rigidity_v99_archive.pdf>] [71 <./rigidity_v99_ar
chive.pdf>] [72 <./rigidity_v99_archive.pdf>] [73 <./rigidity_v99_archive.pdf>]
[74 <./rigidity_v99_archive.pdf>] [75 <./rigidity_v99_archive.pdf>] [76 <./rigi
dity_v99_archive.pdf>] [77 <./rigidity_v99_archive.pdf>] [78 <./rigidity_v99_ar
chive.pdf>] [79 <./rigidity_v99_archive.pdf>] [80 <./rigidity_v99_archive.pdf>]
[81 <./rigidity_v99_archive.pdf>] [82 <./rigidity_v99_archive.pdf>] [83 <./rigi
dity_v99_archive.pdf>] [84 <./rigidity_v99_archive.pdf>] [85 <./rigidity_v99_ar
chive.pdf>] [86 <./rigidity_v99_archive.pdf>] [87 <./rigidity_v99_archive.pdf>]
[88 <./rigidity_v99_archive.pdf>] [89 <./rigidity_v99_archive.pdf>] [90 <./rigi
dity_v99_archive.pdf>] [91 <./rigidity_v99_archive.pdf>] [92 <./rigidity_v99_ar
chive.pdf>] [93 <./rigidity_v99_archive.pdf>] [94 <./rigidity_v99_archive.pdf>]
[95 <./rigidity_v99_archive.pdf>] [96 <./rigidity_v99_archive.pdf>] [97 <./rigi
dity_v99_archive.pdf>] [98 <./rigidity_v99_archive.pdf>] [99 <./rigidity_v99_ar
chive.pdf>] [100 <./rigidity_v99_archive.pdf>] [101 <./rigidity_v99_archive.pdf
>] [102 <./rigidity_v99_archive.pdf>] [103 <./rigidity_v99_archive.pdf>]
[104 <./rigidity_v99_archive.pdf>] [105 <./rigidity_v99_archive.pdf>] [106 <./r
igidity_v99_archive.pdf>] [107 <./rigidity_v99_archive.pdf>] [108 <./rigidity_v
99_archive.pdf>] [109 <./rigidity_v99_archive.pdf>] [110 <./rigidity_v99_archiv
e.pdf>] [111 <./rigidity_v99_archive.pdf>] [112 <./rigidity_v99_archive.pdf>]
[113 <./rigidity_v99_archive.pdf>] [114 <./rigidity_v99_archive.pdf>] [115 <./r
igidity_v99_archive.pdf>] [116 <./rigidity_v99_archive.pdf>] [117 <./rigidity_v
99_archive.pdf>] [118 <./rigidity_v99_archive.pdf>] [119 <./rigidity_v99_archiv
e.pdf>] [120 <./rigidity_v99_archive.pdf>] [121 <./rigidity_v99_archive.pdf>]
[122 <./rigidity_v99_archive.pdf>] [123 <./rigidity_v99_archive.pdf>] [124 <./r
igidity_v99_archive.pdf>] [125 <./rigidity_v99_archive.pdf>] [126 <./rigidity_v
99_archive.pdf>] [127 <./rigidity_v99_archive.pdf>] [128 <./rigidity_v99_archiv
e.pdf>] [129 <./rigidity_v99_archive.pdf>] [130 <./rigidity_v99_archive.pdf>]
[131 <./rigidity_v99_archive.pdf>] [132 <./rigidity_v99_archive.pdf>] [133 <./r
igidity_v99_archive.pdf>] [134 <./rigidity_v99_archive.pdf>] [135 <./rigidity_v
99_archive.pdf>] [136 <./rigidity_v99_archive.pdf>] [137 <./rigidity_v99_archiv
e.pdf>] [138 <./rigidity_v99_archive.pdf>] [139 <./rigidity_v99_archive.pdf>]
[140 <./rigidity_v99_archive.pdf>] [141 <./rigidity_v99_archive.pdf>] [142 <./r
igidity_v99_archive.pdf>] [143 <./rigidity_v99_archive.pdf>] [144 <./rigidity_v
99_archive.pdf>] [145 <./rigidity_v99_archive.pdf>] [146 <./rigidity_v99_archiv
e.pdf>] [147 <./rigidity_v99_archive.pdf>] [148 <./rigidity_v99_archive.pdf>]
[149 <./rigidity_v99_archive.pdf>] [150 <./rigidity_v99_archive.pdf>] [151 <./r
igidity_v99_archive.pdf>] [152 <./rigidity_v99_archive.pdf>] [153 <./rigidity_v
99_archive.pdf>] [154 <./rigidity_v99_archive.pdf>] [155 <./rigidity_v99_archiv
e.pdf>] [156 <./rigidity_v99_archive.pdf>] [157 <./rigidity_v99_archive.pdf>]
[158 <./rigidity_v99_archive.pdf>] [159 <./rigidity_v99_archive.pdf>] [160 <./r
igidity_v99_archive.pdf>] [161 <./rigidity_v99_archive.pdf>] [162 <./rigidity_v
99_archive.pdf>] [163 <./rigidity_v99_archive.pdf>] [164 <./rigidity_v99_archiv
e.pdf>] [165 <./rigidity_v99_archive.pdf>] [166 <./rigidity_v99_archive.pdf>]
(./rigidity_v100_archive.aux)

Package rerunfilecheck Warning: File `rigidity_v100_archive.out' has changed.
(rerunfilecheck)                Rerun to get outlines right
(rerunfilecheck)                or use package `bookmark'.

 ) )</usr/share/texlive/texmf-dist/fonts/type1/public/amsfonts/euler/eufm10.pfb
></usr/share/texmf/fonts/type1/public/lm/lmbx10.pfb></usr/share/texmf/fonts/typ
e1/public/lm/lmbx9.pfb></usr/share/texmf/fonts/type1/public/lm/lmcsc10.pfb></us
r/share/texmf/fonts/type1/public/lm/lmex10.pfb></usr/share/texmf/fonts/type1/pu
blic/lm/lmmi10.pfb></usr/share/texmf/fonts/type1/public/lm/lmmi6.pfb></usr/shar
e/texmf/fonts/type1/public/lm/lmmi8.pfb></usr/share/texmf/fonts/type1/public/lm
/lmr10.pfb></usr/share/texmf/fonts/type1/public/lm/lmr6.pfb></usr/share/texmf/f
onts/type1/public/lm/lmr8.pfb></usr/share/texmf/fonts/type1/public/lm/lmr9.pfb>
</usr/share/texmf/fonts/type1/public/lm/lmri10.pfb></usr/share/texmf/fonts/type
1/public/lm/lmri8.pfb></usr/share/texmf/fonts/type1/public/lm/lmri9.pfb></usr/s
hare/texmf/fonts/type1/public/lm/lmss10.pfb></usr/share/texmf/fonts/type1/publi
c/lm/lmss8.pfb></usr/share/texmf/fonts/type1/public/lm/lmsy10.pfb></usr/share/t
exmf/fonts/type1/public/lm/lmsy6.pfb></usr/share/texmf/fonts/type1/public/lm/lm
sy8.pfb></usr/share/texlive/texmf-dist/fonts/type1/public/amsfonts/symbols/msam
10.pfb></usr/share/texlive/texmf-dist/fonts/type1/public/amsfonts/symbols/msbm1
0.pfb></usr/share/texlive/texmf-dist/fonts/type1/public/rsfs/rsfs10.pfb>
Output written on rigidity_v100_archive.pdf (166 pages, 2358221 bytes).
Transcript written on rigidity_v100_archive.log.
Latexmk: Getting log file 'rigidity_v100_archive.log'
Latexmk: Examining 'rigidity_v100_archive.fls'
Latexmk: Examining 'rigidity_v100_archive.log'
Latexmk: References changed.
Latexmk: Log file says output to 'rigidity_v100_archive.pdf'
Latexmk: applying rule 'pdflatex'...
Rule 'pdflatex':  Reasons for rerun
Changed files or newly in use/created:
  rigidity_v100_archive.aux
  rigidity_v100_archive.out

------------
Run number 2 of rule 'pdflatex'
------------
------------
Running 'pdflatex  -interaction=nonstopmode -halt-on-error -file-line-error -recorder  "rigidity_v100_archive.tex"'
------------
This is pdfTeX, Version 3.141592653-2.6-1.40.25 (TeX Live 2023/Debian) (preloaded format=pdflatex)
 restricted \write18 enabled.
entering extended mode
(./rigidity_v100_archive.tex
LaTeX2e <2023-11-01> patch level 1
L3 programming layer <2024-01-22>
(./rigidity_v99_complete.tex
(/usr/share/texlive/texmf-dist/tex/latex/base/article.cls
Document Class: article 2023/05/17 v1.4n Standard LaTeX document class
(/usr/share/texlive/texmf-dist/tex/latex/base/size10.clo))
(/usr/share/texlive/texmf-dist/tex/latex/pdfpages/pdfpages.sty
(/usr/share/texlive/texmf-dist/tex/latex/base/ifthen.sty)
(/usr/share/texlive/texmf-dist/tex/latex/tools/calc.sty)
(/usr/share/texlive/texmf-dist/tex/latex/eso-pic/eso-pic.sty
(/usr/share/texlive/texmf-dist/tex/latex/graphics/keyval.sty)
(/usr/share/texlive/texmf-dist/tex/latex/xcolor/xcolor.sty
(/usr/share/texlive/texmf-dist/tex/latex/graphics-cfg/color.cfg)
(/usr/share/texlive/texmf-dist/tex/latex/graphics-def/pdftex.def)
(/usr/share/texlive/texmf-dist/tex/latex/graphics/mathcolor.ltx)))
(/usr/share/texlive/texmf-dist/tex/latex/graphics/graphicx.sty
(/usr/share/texlive/texmf-dist/tex/latex/graphics/graphics.sty
(/usr/share/texlive/texmf-dist/tex/latex/graphics/trig.sty)
(/usr/share/texlive/texmf-dist/tex/latex/graphics-cfg/graphics.cfg)))
(/usr/share/texlive/texmf-dist/tex/latex/pdfpages/pppdftex.def))
(/usr/share/texlive/texmf-dist/tex/latex/hyperref/hyperref.sty
(/usr/share/texlive/texmf-dist/tex/generic/iftex/iftex.sty)
(/usr/share/texlive/texmf-dist/tex/latex/kvsetkeys/kvsetkeys.sty)
(/usr/share/texlive/texmf-dist/tex/generic/kvdefinekeys/kvdefinekeys.sty)
(/usr/share/texlive/texmf-dist/tex/generic/pdfescape/pdfescape.sty
(/usr/share/texlive/texmf-dist/tex/generic/ltxcmds/ltxcmds.sty)
(/usr/share/texlive/texmf-dist/tex/generic/pdftexcmds/pdftexcmds.sty
(/usr/share/texlive/texmf-dist/tex/generic/infwarerr/infwarerr.sty)))
(/usr/share/texlive/texmf-dist/tex/latex/hycolor/hycolor.sty)
(/usr/share/texlive/texmf-dist/tex/latex/auxhook/auxhook.sty)
(/usr/share/texlive/texmf-dist/tex/latex/hyperref/nameref.sty
(/usr/share/texlive/texmf-dist/tex/latex/refcount/refcount.sty)
(/usr/share/texlive/texmf-dist/tex/generic/gettitlestring/gettitlestring.sty
(/usr/share/texlive/texmf-dist/tex/latex/kvoptions/kvoptions.sty)))
(/usr/share/texlive/texmf-dist/tex/latex/etoolbox/etoolbox.sty)
(/usr/share/texlive/texmf-dist/tex/latex/hyperref/pd1enc.def)
(/usr/share/texlive/texmf-dist/tex/generic/intcalc/intcalc.sty)
(/usr/share/texlive/texmf-dist/tex/latex/hyperref/puenc.def)
(/usr/share/texlive/texmf-dist/tex/latex/url/url.sty)
(/usr/share/texlive/texmf-dist/tex/generic/bitset/bitset.sty
(/usr/share/texlive/texmf-dist/tex/generic/bigintcalc/bigintcalc.sty))
(/usr/share/texlive/texmf-dist/tex/latex/base/atbegshi-ltx.sty))
(/usr/share/texlive/texmf-dist/tex/latex/hyperref/hpdftex.def
(/usr/share/texlive/texmf-dist/tex/latex/base/atveryend-ltx.sty)
(/usr/share/texlive/texmf-dist/tex/latex/rerunfilecheck/rerunfilecheck.sty
(/usr/share/texlive/texmf-dist/tex/generic/uniquecounter/uniquecounter.sty)))
(/usr/share/texlive/texmf-dist/tex/latex/l3backend/l3backend-pdftex.def)
(./rigidity_v100_archive.aux)
(/usr/share/texlive/texmf-dist/tex/context/base/mkii/supp-pdf.mkii
[Loading MPS to PDF converter (version 2006.09.02).]
) (/usr/share/texlive/texmf-dist/tex/latex/epstopdf-pkg/epstopdf-base.sty
(/usr/share/texlive/texmf-dist/tex/latex/latexconfig/epstopdf-sys.cfg))
(/usr/share/texlive/texmf-dist/tex/latex/pdflscape/pdflscape.sty
(/usr/share/texlive/texmf-dist/tex/latex/pdflscape/pdflscape-nometadata.sty
(/usr/share/texlive/texmf-dist/tex/latex/graphics/lscape.sty)))
(./rigidity_v100_archive.out) (./rigidity_v100_archive.out) [1 <./rigidity_v99.
pdf{/var/lib/texmf/fonts/map/pdftex/updmap/pdftex.map}>] [2 <./rigidity_v99.pdf
>] [3 <./rigidity_v99.pdf>] [4 <./rigidity_v99.pdf>] [5 <./rigidity_v99.pdf>]
[6 <./rigidity_v99.pdf>] [7 <./rigidity_v99.pdf>] [8 <./rigidity_v99.pdf>]
[9 <./rigidity_v99.pdf>] [10 <./rigidity_v99.pdf>] [11 <./rigidity_v99.pdf>]
[12 <./rigidity_v99.pdf>] [13 <./rigidity_v99.pdf>] [14 <./rigidity_v99.pdf>]
[15 <./rigidity_v99.pdf>] [16 <./rigidity_v99.pdf>] [17 <./rigidity_v99.pdf>]
[18 <./rigidity_v99.pdf>] [19 <./rigidity_v99.pdf>] [20 <./rigidity_v99.pdf>]
[21 <./rigidity_v99.pdf>] [22 <./rigidity_v99.pdf>] [23 <./rigidity_v99.pdf>]
[24 <./rigidity_v99.pdf>] [25 <./rigidity_v99.pdf>] [26 <./rigidity_v99.pdf>]
[27 <./rigidity_v99.pdf>] [28 <./rigidity_v99.pdf>] [29 <./rigidity_v99.pdf>]
[30 <./rigidity_v99.pdf>] [31 <./rigidity_v99.pdf>] [32 <./rigidity_v99.pdf>]
[33 <./rigidity_v99.pdf>] [34 <./rigidity_v99.pdf>] [35 <./rigidity_v99.pdf>]
[36 <./rigidity_v99.pdf>] [37 <./rigidity_v99.pdf>] [38 <./rigidity_v99.pdf>]
[39 <./rigidity_v99.pdf>] [40 <./rigidity_v99_archive.pdf>] [41 <./rigidity_v99
_archive.pdf>] [42 <./rigidity_v99_archive.pdf>] [43 <./rigidity_v99_archive.pd
f>] [44 <./rigidity_v99_archive.pdf>] [45 <./rigidity_v99_archive.pdf>]
[46 <./rigidity_v99_archive.pdf>] [47 <./rigidity_v99_archive.pdf>] [48 <./rigi
dity_v99_archive.pdf>] [49 <./rigidity_v99_archive.pdf>] [50 <./rigidity_v99_ar
chive.pdf>] [51 <./rigidity_v99_archive.pdf>] [52 <./rigidity_v99_archive.pdf>]
[53 <./rigidity_v99_archive.pdf>] [54 <./rigidity_v99_archive.pdf>] [55 <./rigi
dity_v99_archive.pdf>] [56 <./rigidity_v99_archive.pdf>] [57 <./rigidity_v99_ar
chive.pdf>] [58 <./rigidity_v99_archive.pdf>] [59 <./rigidity_v99_archive.pdf>]
[60 <./rigidity_v99_archive.pdf>] [61 <./rigidity_v99_archive.pdf>] [62 <./rigi
dity_v99_archive.pdf>] [63 <./rigidity_v99_archive.pdf>] [64 <./rigidity_v99_ar
chive.pdf>] [65 <./rigidity_v99_archive.pdf>] [66 <./rigidity_v99_archive.pdf>]
[67 <./rigidity_v99_archive.pdf>] [68 <./rigidity_v99_archive.pdf>] [69 <./rigi
dity_v99_archive.pdf>] [70 <./rigidity_v99_archive.pdf>] [71 <./rigidity_v99_ar
chive.pdf>] [72 <./rigidity_v99_archive.pdf>] [73 <./rigidity_v99_archive.pdf>]
[74 <./rigidity_v99_archive.pdf>] [75 <./rigidity_v99_archive.pdf>] [76 <./rigi
dity_v99_archive.pdf>] [77 <./rigidity_v99_archive.pdf>] [78 <./rigidity_v99_ar
chive.pdf>] [79 <./rigidity_v99_archive.pdf>] [80 <./rigidity_v99_archive.pdf>]
[81 <./rigidity_v99_archive.pdf>] [82 <./rigidity_v99_archive.pdf>] [83 <./rigi
dity_v99_archive.pdf>] [84 <./rigidity_v99_archive.pdf>] [85 <./rigidity_v99_ar
chive.pdf>] [86 <./rigidity_v99_archive.pdf>] [87 <./rigidity_v99_archive.pdf>]
[88 <./rigidity_v99_archive.pdf>] [89 <./rigidity_v99_archive.pdf>] [90 <./rigi
dity_v99_archive.pdf>] [91 <./rigidity_v99_archive.pdf>] [92 <./rigidity_v99_ar
chive.pdf>] [93 <./rigidity_v99_archive.pdf>] [94 <./rigidity_v99_archive.pdf>]
[95 <./rigidity_v99_archive.pdf>] [96 <./rigidity_v99_archive.pdf>] [97 <./rigi
dity_v99_archive.pdf>] [98 <./rigidity_v99_archive.pdf>] [99 <./rigidity_v99_ar
chive.pdf>] [100 <./rigidity_v99_archive.pdf>] [101 <./rigidity_v99_archive.pdf
>] [102 <./rigidity_v99_archive.pdf>] [103 <./rigidity_v99_archive.pdf>]
[104 <./rigidity_v99_archive.pdf>] [105 <./rigidity_v99_archive.pdf>] [106 <./r
igidity_v99_archive.pdf>] [107 <./rigidity_v99_archive.pdf>] [108 <./rigidity_v
99_archive.pdf>] [109 <./rigidity_v99_archive.pdf>] [110 <./rigidity_v99_archiv
e.pdf>] [111 <./rigidity_v99_archive.pdf>] [112 <./rigidity_v99_archive.pdf>]
[113 <./rigidity_v99_archive.pdf>] [114 <./rigidity_v99_archive.pdf>] [115 <./r
igidity_v99_archive.pdf>] [116 <./rigidity_v99_archive.pdf>] [117 <./rigidity_v
99_archive.pdf>] [118 <./rigidity_v99_archive.pdf>] [119 <./rigidity_v99_archiv
e.pdf>] [120 <./rigidity_v99_archive.pdf>] [121 <./rigidity_v99_archive.pdf>]
[122 <./rigidity_v99_archive.pdf>] [123 <./rigidity_v99_archive.pdf>] [124 <./r
igidity_v99_archive.pdf>] [125 <./rigidity_v99_archive.pdf>] [126 <./rigidity_v
99_archive.pdf>] [127 <./rigidity_v99_archive.pdf>] [128 <./rigidity_v99_archiv
e.pdf>] [129 <./rigidity_v99_archive.pdf>] [130 <./rigidity_v99_archive.pdf>]
[131 <./rigidity_v99_archive.pdf>] [132 <./rigidity_v99_archive.pdf>] [133 <./r
igidity_v99_archive.pdf>] [134 <./rigidity_v99_archive.pdf>] [135 <./rigidity_v
99_archive.pdf>] [136 <./rigidity_v99_archive.pdf>] [137 <./rigidity_v99_archiv
e.pdf>] [138 <./rigidity_v99_archive.pdf>] [139 <./rigidity_v99_archive.pdf>]
[140 <./rigidity_v99_archive.pdf>] [141 <./rigidity_v99_archive.pdf>] [142 <./r
igidity_v99_archive.pdf>] [143 <./rigidity_v99_archive.pdf>] [144 <./rigidity_v
99_archive.pdf>] [145 <./rigidity_v99_archive.pdf>] [146 <./rigidity_v99_archiv
e.pdf>] [147 <./rigidity_v99_archive.pdf>] [148 <./rigidity_v99_archive.pdf>]
[149 <./rigidity_v99_archive.pdf>] [150 <./rigidity_v99_archive.pdf>] [151 <./r
igidity_v99_archive.pdf>] [152 <./rigidity_v99_archive.pdf>] [153 <./rigidity_v
99_archive.pdf>] [154 <./rigidity_v99_archive.pdf>] [155 <./rigidity_v99_archiv
e.pdf>] [156 <./rigidity_v99_archive.pdf>] [157 <./rigidity_v99_archive.pdf>]
[158 <./rigidity_v99_archive.pdf>] [159 <./rigidity_v99_archive.pdf>] [160 <./r
igidity_v99_archive.pdf>] [161 <./rigidity_v99_archive.pdf>] [162 <./rigidity_v
99_archive.pdf>] [163 <./rigidity_v99_archive.pdf>] [164 <./rigidity_v99_archiv
e.pdf>] [165 <./rigidity_v99_archive.pdf>] [166 <./rigidity_v99_archive.pdf>]
(./rigidity_v100_archive.aux) ) )</usr/share/texlive/texmf-dist/fonts/type1/pub
lic/amsfonts/euler/eufm10.pfb></usr/share/texmf/fonts/type1/public/lm/lmbx10.pf
b></usr/share/texmf/fonts/type1/public/lm/lmbx9.pfb></usr/share/texmf/fonts/typ
e1/public/lm/lmcsc10.pfb></usr/share/texmf/fonts/type1/public/lm/lmex10.pfb></u
sr/share/texmf/fonts/type1/public/lm/lmmi10.pfb></usr/share/texmf/fonts/type1/p
ublic/lm/lmmi6.pfb></usr/share/texmf/fonts/type1/public/lm/lmmi8.pfb></usr/shar
e/texmf/fonts/type1/public/lm/lmr10.pfb></usr/share/texmf/fonts/type1/public/lm
/lmr6.pfb></usr/share/texmf/fonts/type1/public/lm/lmr8.pfb></usr/share/texmf/fo
nts/type1/public/lm/lmr9.pfb></usr/share/texmf/fonts/type1/public/lm/lmri10.pfb
></usr/share/texmf/fonts/type1/public/lm/lmri8.pfb></usr/share/texmf/fonts/type
1/public/lm/lmri9.pfb></usr/share/texmf/fonts/type1/public/lm/lmss10.pfb></usr/
share/texmf/fonts/type1/public/lm/lmss8.pfb></usr/share/texmf/fonts/type1/publi
c/lm/lmsy10.pfb></usr/share/texmf/fonts/type1/public/lm/lmsy6.pfb></usr/share/t
exmf/fonts/type1/public/lm/lmsy8.pfb></usr/share/texlive/texmf-dist/fonts/type1
/public/amsfonts/symbols/msam10.pfb></usr/share/texlive/texmf-dist/fonts/type1/
public/amsfonts/symbols/msbm10.pfb></usr/share/texlive/texmf-dist/fonts/type1/p
ublic/rsfs/rsfs10.pfb>
Output written on rigidity_v100_archive.pdf (166 pages, 2358221 bytes).
Transcript written on rigidity_v100_archive.log.
Latexmk: Getting log file 'rigidity_v100_archive.log'
Latexmk: Examining 'rigidity_v100_archive.fls'
Latexmk: Examining 'rigidity_v100_archive.log'
Latexmk: Log file says output to 'rigidity_v100_archive.pdf'
Latexmk: All targets (rigidity_v100_archive.pdf) are up-to-date

Rc files read:
  /etc/LatexMk
Latexmk: This is Latexmk, John Collins, 31 Jan. 2024. Version 4.83.
No existing .aux file, so I'll make a simple one, and require run of *latex.
Force everything to be remade.
Latexmk: applying rule 'pdflatex'...
Rule 'pdflatex':  Reasons for rerun
Category 'other':
  Rerun of 'pdflatex' forced or previously required:
    Reason or flag: 'go_mode'

------------
Run number 1 of rule 'pdflatex'
------------
------------
Running 'pdflatex  -interaction=nonstopmode -halt-on-error -file-line-error -recorder  "rigidity_v101_archive.tex"'
------------
This is pdfTeX, Version 3.141592653-2.6-1.40.25 (TeX Live 2023/Debian) (preloaded format=pdflatex)
 restricted \write18 enabled.
entering extended mode
(./rigidity_v101_archive.tex
LaTeX2e <2023-11-01> patch level 1
L3 programming layer <2024-01-22>
(./rigidity_v100_complete.tex
(/usr/share/texlive/texmf-dist/tex/latex/base/article.cls
Document Class: article 2023/05/17 v1.4n Standard LaTeX document class
(/usr/share/texlive/texmf-dist/tex/latex/base/size10.clo))
(/usr/share/texlive/texmf-dist/tex/latex/pdfpages/pdfpages.sty
(/usr/share/texlive/texmf-dist/tex/latex/base/ifthen.sty)
(/usr/share/texlive/texmf-dist/tex/latex/tools/calc.sty)
(/usr/share/texlive/texmf-dist/tex/latex/eso-pic/eso-pic.sty
(/usr/share/texlive/texmf-dist/tex/latex/graphics/keyval.sty)
(/usr/share/texlive/texmf-dist/tex/latex/xcolor/xcolor.sty
(/usr/share/texlive/texmf-dist/tex/latex/graphics-cfg/color.cfg)
(/usr/share/texlive/texmf-dist/tex/latex/graphics-def/pdftex.def)
(/usr/share/texlive/texmf-dist/tex/latex/graphics/mathcolor.ltx)))
(/usr/share/texlive/texmf-dist/tex/latex/graphics/graphicx.sty
(/usr/share/texlive/texmf-dist/tex/latex/graphics/graphics.sty
(/usr/share/texlive/texmf-dist/tex/latex/graphics/trig.sty)
(/usr/share/texlive/texmf-dist/tex/latex/graphics-cfg/graphics.cfg)))
(/usr/share/texlive/texmf-dist/tex/latex/pdfpages/pppdftex.def))
(/usr/share/texlive/texmf-dist/tex/latex/hyperref/hyperref.sty
(/usr/share/texlive/texmf-dist/tex/generic/iftex/iftex.sty)
(/usr/share/texlive/texmf-dist/tex/latex/kvsetkeys/kvsetkeys.sty)
(/usr/share/texlive/texmf-dist/tex/generic/kvdefinekeys/kvdefinekeys.sty)
(/usr/share/texlive/texmf-dist/tex/generic/pdfescape/pdfescape.sty
(/usr/share/texlive/texmf-dist/tex/generic/ltxcmds/ltxcmds.sty)
(/usr/share/texlive/texmf-dist/tex/generic/pdftexcmds/pdftexcmds.sty
(/usr/share/texlive/texmf-dist/tex/generic/infwarerr/infwarerr.sty)))
(/usr/share/texlive/texmf-dist/tex/latex/hycolor/hycolor.sty)
(/usr/share/texlive/texmf-dist/tex/latex/auxhook/auxhook.sty)
(/usr/share/texlive/texmf-dist/tex/latex/hyperref/nameref.sty
(/usr/share/texlive/texmf-dist/tex/latex/refcount/refcount.sty)
(/usr/share/texlive/texmf-dist/tex/generic/gettitlestring/gettitlestring.sty
(/usr/share/texlive/texmf-dist/tex/latex/kvoptions/kvoptions.sty)))
(/usr/share/texlive/texmf-dist/tex/latex/etoolbox/etoolbox.sty)
(/usr/share/texlive/texmf-dist/tex/latex/hyperref/pd1enc.def)
(/usr/share/texlive/texmf-dist/tex/generic/intcalc/intcalc.sty)
(/usr/share/texlive/texmf-dist/tex/latex/hyperref/puenc.def)
(/usr/share/texlive/texmf-dist/tex/latex/url/url.sty)
(/usr/share/texlive/texmf-dist/tex/generic/bitset/bitset.sty
(/usr/share/texlive/texmf-dist/tex/generic/bigintcalc/bigintcalc.sty))
(/usr/share/texlive/texmf-dist/tex/latex/base/atbegshi-ltx.sty))
(/usr/share/texlive/texmf-dist/tex/latex/hyperref/hpdftex.def
(/usr/share/texlive/texmf-dist/tex/latex/base/atveryend-ltx.sty)
(/usr/share/texlive/texmf-dist/tex/latex/rerunfilecheck/rerunfilecheck.sty
(/usr/share/texlive/texmf-dist/tex/generic/uniquecounter/uniquecounter.sty)))
(/usr/share/texlive/texmf-dist/tex/latex/l3backend/l3backend-pdftex.def)
(./rigidity_v101_archive.aux)
(/usr/share/texlive/texmf-dist/tex/context/base/mkii/supp-pdf.mkii
[Loading MPS to PDF converter (version 2006.09.02).]
) (/usr/share/texlive/texmf-dist/tex/latex/epstopdf-pkg/epstopdf-base.sty
(/usr/share/texlive/texmf-dist/tex/latex/latexconfig/epstopdf-sys.cfg))
(/usr/share/texlive/texmf-dist/tex/latex/pdflscape/pdflscape.sty
(/usr/share/texlive/texmf-dist/tex/latex/pdflscape/pdflscape-nometadata.sty
(/usr/share/texlive/texmf-dist/tex/latex/graphics/lscape.sty))) [1 <./rigidity_
v100.pdf{/var/lib/texmf/fonts/map/pdftex/updmap/pdftex.map}>] [2 <./rigidity_v1
00.pdf>] [3 <./rigidity_v100.pdf>] [4 <./rigidity_v100.pdf>] [5 <./rigidity_v10
0.pdf>] [6 <./rigidity_v100.pdf>] [7 <./rigidity_v100.pdf>] [8 <./rigidity_v100
.pdf>] [9 <./rigidity_v100.pdf>] [10 <./rigidity_v100.pdf>] [11 <./rigidity_v10
0.pdf>] [12 <./rigidity_v100.pdf>] [13 <./rigidity_v100.pdf>] [14 <./rigidity_v
100.pdf>] [15 <./rigidity_v100.pdf>] [16 <./rigidity_v100.pdf>] [17 <./rigidity
_v100.pdf>] [18 <./rigidity_v100.pdf>] [19 <./rigidity_v100.pdf>] [20 <./rigidi
ty_v100.pdf>] [21 <./rigidity_v100.pdf>] [22 <./rigidity_v100.pdf>] [23 <./rigi
dity_v100.pdf>] [24 <./rigidity_v100.pdf>] [25 <./rigidity_v100.pdf>] [26 <./ri
gidity_v100.pdf>] [27 <./rigidity_v100.pdf>] [28 <./rigidity_v100.pdf>]
[29 <./rigidity_v100.pdf>] [30 <./rigidity_v100.pdf>] [31 <./rigidity_v100.pdf>
] [32 <./rigidity_v100.pdf>] [33 <./rigidity_v100.pdf>] [34 <./rigidity_v100.pd
f>] [35 <./rigidity_v100.pdf>] [36 <./rigidity_v100.pdf>] [37 <./rigidity_v100.
pdf>] [38 <./rigidity_v100.pdf>] [39 <./rigidity_v100.pdf>] [40 <./rigidity_v10
0.pdf>] [41 <./rigidity_v100.pdf>] [42 <./rigidity_v100.pdf>] [43 <./rigidity_v
100.pdf>] [44 <./rigidity_v100.pdf>] [45 <./rigidity_v100.pdf>] [46 <./rigidity
_v100.pdf>] [47 <./rigidity_v100.pdf>] [48 <./rigidity_v100_archive.pdf>]
[49 <./rigidity_v100_archive.pdf>] [50 <./rigidity_v100_archive.pdf>] [51 <./ri
gidity_v100_archive.pdf>] [52 <./rigidity_v100_archive.pdf>] [53 <./rigidity_v1
00_archive.pdf>] [54 <./rigidity_v100_archive.pdf>] [55 <./rigidity_v100_archiv
e.pdf>] [56 <./rigidity_v100_archive.pdf>] [57 <./rigidity_v100_archive.pdf>]
[58 <./rigidity_v100_archive.pdf>] [59 <./rigidity_v100_archive.pdf>] [60 <./ri
gidity_v100_archive.pdf>] [61 <./rigidity_v100_archive.pdf>] [62 <./rigidity_v1
00_archive.pdf>] [63 <./rigidity_v100_archive.pdf>] [64 <./rigidity_v100_archiv
e.pdf>] [65 <./rigidity_v100_archive.pdf>] [66 <./rigidity_v100_archive.pdf>]
[67 <./rigidity_v100_archive.pdf>] [68 <./rigidity_v100_archive.pdf>] [69 <./ri
gidity_v100_archive.pdf>] [70 <./rigidity_v100_archive.pdf>] [71 <./rigidity_v1
00_archive.pdf>] [72 <./rigidity_v100_archive.pdf>] [73 <./rigidity_v100_archiv
e.pdf>] [74 <./rigidity_v100_archive.pdf>] [75 <./rigidity_v100_archive.pdf>]
[76 <./rigidity_v100_archive.pdf>] [77 <./rigidity_v100_archive.pdf>] [78 <./ri
gidity_v100_archive.pdf>] [79 <./rigidity_v100_archive.pdf>] [80 <./rigidity_v1
00_archive.pdf>] [81 <./rigidity_v100_archive.pdf>] [82 <./rigidity_v100_archiv
e.pdf>] [83 <./rigidity_v100_archive.pdf>] [84 <./rigidity_v100_archive.pdf>]
[85 <./rigidity_v100_archive.pdf>] [86 <./rigidity_v100_archive.pdf>] [87 <./ri
gidity_v100_archive.pdf>] [88 <./rigidity_v100_archive.pdf>] [89 <./rigidity_v1
00_archive.pdf>] [90 <./rigidity_v100_archive.pdf>] [91 <./rigidity_v100_archiv
e.pdf>] [92 <./rigidity_v100_archive.pdf>] [93 <./rigidity_v100_archive.pdf>]
[94 <./rigidity_v100_archive.pdf>] [95 <./rigidity_v100_archive.pdf>] [96 <./ri
gidity_v100_archive.pdf>] [97 <./rigidity_v100_archive.pdf>] [98 <./rigidity_v1
00_archive.pdf>] [99 <./rigidity_v100_archive.pdf>] [100 <./rigidity_v100_archi
ve.pdf>] [101 <./rigidity_v100_archive.pdf>] [102 <./rigidity_v100_archive.pdf>
] [103 <./rigidity_v100_archive.pdf>] [104 <./rigidity_v100_archive.pdf>]
[105 <./rigidity_v100_archive.pdf>] [106 <./rigidity_v100_archive.pdf>]
[107 <./rigidity_v100_archive.pdf>] [108 <./rigidity_v100_archive.pdf>]
[109 <./rigidity_v100_archive.pdf>] [110 <./rigidity_v100_archive.pdf>]
[111 <./rigidity_v100_archive.pdf>] [112 <./rigidity_v100_archive.pdf>]
[113 <./rigidity_v100_archive.pdf>] [114 <./rigidity_v100_archive.pdf>]
[115 <./rigidity_v100_archive.pdf>] [116 <./rigidity_v100_archive.pdf>]
[117 <./rigidity_v100_archive.pdf>] [118 <./rigidity_v100_archive.pdf>]
[119 <./rigidity_v100_archive.pdf>] [120 <./rigidity_v100_archive.pdf>]
[121 <./rigidity_v100_archive.pdf>] [122 <./rigidity_v100_archive.pdf>]
[123 <./rigidity_v100_archive.pdf>] [124 <./rigidity_v100_archive.pdf>]
[125 <./rigidity_v100_archive.pdf>] [126 <./rigidity_v100_archive.pdf>]
[127 <./rigidity_v100_archive.pdf>] [128 <./rigidity_v100_archive.pdf>]
[129 <./rigidity_v100_archive.pdf>] [130 <./rigidity_v100_archive.pdf>]
[131 <./rigidity_v100_archive.pdf>] [132 <./rigidity_v100_archive.pdf>]
[133 <./rigidity_v100_archive.pdf>] [134 <./rigidity_v100_archive.pdf>]
[135 <./rigidity_v100_archive.pdf>] [136 <./rigidity_v100_archive.pdf>]
[137 <./rigidity_v100_archive.pdf>] [138 <./rigidity_v100_archive.pdf>]
[139 <./rigidity_v100_archive.pdf>] [140 <./rigidity_v100_archive.pdf>]
[141 <./rigidity_v100_archive.pdf>] [142 <./rigidity_v100_archive.pdf>]
[143 <./rigidity_v100_archive.pdf>] [144 <./rigidity_v100_archive.pdf>]
[145 <./rigidity_v100_archive.pdf>] [146 <./rigidity_v100_archive.pdf>]
[147 <./rigidity_v100_archive.pdf>] [148 <./rigidity_v100_archive.pdf>]
[149 <./rigidity_v100_archive.pdf>] [150 <./rigidity_v100_archive.pdf>]
[151 <./rigidity_v100_archive.pdf>] [152 <./rigidity_v100_archive.pdf>]
[153 <./rigidity_v100_archive.pdf>] [154 <./rigidity_v100_archive.pdf>]
[155 <./rigidity_v100_archive.pdf>] [156 <./rigidity_v100_archive.pdf>]
[157 <./rigidity_v100_archive.pdf>] [158 <./rigidity_v100_archive.pdf>]
[159 <./rigidity_v100_archive.pdf>] [160 <./rigidity_v100_archive.pdf>]
[161 <./rigidity_v100_archive.pdf>] [162 <./rigidity_v100_archive.pdf>]
[163 <./rigidity_v100_archive.pdf>] [164 <./rigidity_v100_archive.pdf>]
[165 <./rigidity_v100_archive.pdf>] [166 <./rigidity_v100_archive.pdf>]
[167 <./rigidity_v100_archive.pdf>] [168 <./rigidity_v100_archive.pdf>]
[169 <./rigidity_v100_archive.pdf>] [170 <./rigidity_v100_archive.pdf>]
[171 <./rigidity_v100_archive.pdf>] [172 <./rigidity_v100_archive.pdf>]
[173 <./rigidity_v100_archive.pdf>] [174 <./rigidity_v100_archive.pdf>]
[175 <./rigidity_v100_archive.pdf>] [176 <./rigidity_v100_archive.pdf>]
[177 <./rigidity_v100_archive.pdf>] [178 <./rigidity_v100_archive.pdf>]
[179 <./rigidity_v100_archive.pdf>] [180 <./rigidity_v100_archive.pdf>]
[181 <./rigidity_v100_archive.pdf>] [182 <./rigidity_v100_archive.pdf>]
[183 <./rigidity_v100_archive.pdf>] [184 <./rigidity_v100_archive.pdf>]
[185 <./rigidity_v100_archive.pdf>] [186 <./rigidity_v100_archive.pdf>]
[187 <./rigidity_v100_archive.pdf>] [188 <./rigidity_v100_archive.pdf>]
[189 <./rigidity_v100_archive.pdf>] [190 <./rigidity_v100_archive.pdf>]
[191 <./rigidity_v100_archive.pdf>] [192 <./rigidity_v100_archive.pdf>]
[193 <./rigidity_v100_archive.pdf>] [194 <./rigidity_v100_archive.pdf>]
[195 <./rigidity_v100_archive.pdf>] [196 <./rigidity_v100_archive.pdf>]
[197 <./rigidity_v100_archive.pdf>] [198 <./rigidity_v100_archive.pdf>]
[199 <./rigidity_v100_archive.pdf>] [200 <./rigidity_v100_archive.pdf>]
[201 <./rigidity_v100_archive.pdf>] [202 <./rigidity_v100_archive.pdf>]
[203 <./rigidity_v100_archive.pdf>] [204 <./rigidity_v100_archive.pdf>]
[205 <./rigidity_v100_archive.pdf>] [206 <./rigidity_v100_archive.pdf>]
[207 <./rigidity_v100_archive.pdf>] [208 <./rigidity_v100_archive.pdf>]
[209 <./rigidity_v100_archive.pdf>] [210 <./rigidity_v100_archive.pdf>]
[211 <./rigidity_v100_archive.pdf>] [212 <./rigidity_v100_archive.pdf>]
[213 <./rigidity_v100_archive.pdf>] (./rigidity_v101_archive.aux)

Package rerunfilecheck Warning: File `rigidity_v101_archive.out' has changed.
(rerunfilecheck)                Rerun to get outlines right
(rerunfilecheck)                or use package `bookmark'.

 ) )</usr/share/texlive/texmf-dist/fonts/type1/public/amsfonts/euler/eufm10.pfb
></usr/share/texmf/fonts/type1/public/lm/lmbx10.pfb></usr/share/texmf/fonts/typ
e1/public/lm/lmbx9.pfb></usr/share/texmf/fonts/type1/public/lm/lmcsc10.pfb></us
r/share/texmf/fonts/type1/public/lm/lmex10.pfb></usr/share/texmf/fonts/type1/pu
blic/lm/lmmi10.pfb></usr/share/texmf/fonts/type1/public/lm/lmmi6.pfb></usr/shar
e/texmf/fonts/type1/public/lm/lmmi8.pfb></usr/share/texmf/fonts/type1/public/lm
/lmr10.pfb></usr/share/texmf/fonts/type1/public/lm/lmr6.pfb></usr/share/texmf/f
onts/type1/public/lm/lmr8.pfb></usr/share/texmf/fonts/type1/public/lm/lmr9.pfb>
</usr/share/texmf/fonts/type1/public/lm/lmri10.pfb></usr/share/texmf/fonts/type
1/public/lm/lmri8.pfb></usr/share/texmf/fonts/type1/public/lm/lmri9.pfb></usr/s
hare/texmf/fonts/type1/public/lm/lmss10.pfb></usr/share/texmf/fonts/type1/publi
c/lm/lmss8.pfb></usr/share/texmf/fonts/type1/public/lm/lmsy10.pfb></usr/share/t
exmf/fonts/type1/public/lm/lmsy6.pfb></usr/share/texmf/fonts/type1/public/lm/lm
sy8.pfb></usr/share/texlive/texmf-dist/fonts/type1/public/amsfonts/symbols/msam
10.pfb></usr/share/texlive/texmf-dist/fonts/type1/public/amsfonts/symbols/msbm1
0.pfb></usr/share/texlive/texmf-dist/fonts/type1/public/rsfs/rsfs10.pfb>
Output written on rigidity_v101_archive.pdf (213 pages, 3101931 bytes).
Transcript written on rigidity_v101_archive.log.
Latexmk: Getting log file 'rigidity_v101_archive.log'
Latexmk: Examining 'rigidity_v101_archive.fls'
Latexmk: Examining 'rigidity_v101_archive.log'
Latexmk: References changed.
Latexmk: Log file says output to 'rigidity_v101_archive.pdf'
Latexmk: applying rule 'pdflatex'...
Rule 'pdflatex':  Reasons for rerun
Changed files or newly in use/created:
  rigidity_v101_archive.aux
  rigidity_v101_archive.out

------------
Run number 2 of rule 'pdflatex'
------------
------------
Running 'pdflatex  -interaction=nonstopmode -halt-on-error -file-line-error -recorder  "rigidity_v101_archive.tex"'
------------
This is pdfTeX, Version 3.141592653-2.6-1.40.25 (TeX Live 2023/Debian) (preloaded format=pdflatex)
 restricted \write18 enabled.
entering extended mode
(./rigidity_v101_archive.tex
LaTeX2e <2023-11-01> patch level 1
L3 programming layer <2024-01-22>
(./rigidity_v100_complete.tex
(/usr/share/texlive/texmf-dist/tex/latex/base/article.cls
Document Class: article 2023/05/17 v1.4n Standard LaTeX document class
(/usr/share/texlive/texmf-dist/tex/latex/base/size10.clo))
(/usr/share/texlive/texmf-dist/tex/latex/pdfpages/pdfpages.sty
(/usr/share/texlive/texmf-dist/tex/latex/base/ifthen.sty)
(/usr/share/texlive/texmf-dist/tex/latex/tools/calc.sty)
(/usr/share/texlive/texmf-dist/tex/latex/eso-pic/eso-pic.sty
(/usr/share/texlive/texmf-dist/tex/latex/graphics/keyval.sty)
(/usr/share/texlive/texmf-dist/tex/latex/xcolor/xcolor.sty
(/usr/share/texlive/texmf-dist/tex/latex/graphics-cfg/color.cfg)
(/usr/share/texlive/texmf-dist/tex/latex/graphics-def/pdftex.def)
(/usr/share/texlive/texmf-dist/tex/latex/graphics/mathcolor.ltx)))
(/usr/share/texlive/texmf-dist/tex/latex/graphics/graphicx.sty
(/usr/share/texlive/texmf-dist/tex/latex/graphics/graphics.sty
(/usr/share/texlive/texmf-dist/tex/latex/graphics/trig.sty)
(/usr/share/texlive/texmf-dist/tex/latex/graphics-cfg/graphics.cfg)))
(/usr/share/texlive/texmf-dist/tex/latex/pdfpages/pppdftex.def))
(/usr/share/texlive/texmf-dist/tex/latex/hyperref/hyperref.sty
(/usr/share/texlive/texmf-dist/tex/generic/iftex/iftex.sty)
(/usr/share/texlive/texmf-dist/tex/latex/kvsetkeys/kvsetkeys.sty)
(/usr/share/texlive/texmf-dist/tex/generic/kvdefinekeys/kvdefinekeys.sty)
(/usr/share/texlive/texmf-dist/tex/generic/pdfescape/pdfescape.sty
(/usr/share/texlive/texmf-dist/tex/generic/ltxcmds/ltxcmds.sty)
(/usr/share/texlive/texmf-dist/tex/generic/pdftexcmds/pdftexcmds.sty
(/usr/share/texlive/texmf-dist/tex/generic/infwarerr/infwarerr.sty)))
(/usr/share/texlive/texmf-dist/tex/latex/hycolor/hycolor.sty)
(/usr/share/texlive/texmf-dist/tex/latex/auxhook/auxhook.sty)
(/usr/share/texlive/texmf-dist/tex/latex/hyperref/nameref.sty
(/usr/share/texlive/texmf-dist/tex/latex/refcount/refcount.sty)
(/usr/share/texlive/texmf-dist/tex/generic/gettitlestring/gettitlestring.sty
(/usr/share/texlive/texmf-dist/tex/latex/kvoptions/kvoptions.sty)))
(/usr/share/texlive/texmf-dist/tex/latex/etoolbox/etoolbox.sty)
(/usr/share/texlive/texmf-dist/tex/latex/hyperref/pd1enc.def)
(/usr/share/texlive/texmf-dist/tex/generic/intcalc/intcalc.sty)
(/usr/share/texlive/texmf-dist/tex/latex/hyperref/puenc.def)
(/usr/share/texlive/texmf-dist/tex/latex/url/url.sty)
(/usr/share/texlive/texmf-dist/tex/generic/bitset/bitset.sty
(/usr/share/texlive/texmf-dist/tex/generic/bigintcalc/bigintcalc.sty))
(/usr/share/texlive/texmf-dist/tex/latex/base/atbegshi-ltx.sty))
(/usr/share/texlive/texmf-dist/tex/latex/hyperref/hpdftex.def
(/usr/share/texlive/texmf-dist/tex/latex/base/atveryend-ltx.sty)
(/usr/share/texlive/texmf-dist/tex/latex/rerunfilecheck/rerunfilecheck.sty
(/usr/share/texlive/texmf-dist/tex/generic/uniquecounter/uniquecounter.sty)))
(/usr/share/texlive/texmf-dist/tex/latex/l3backend/l3backend-pdftex.def)
(./rigidity_v101_archive.aux)
(/usr/share/texlive/texmf-dist/tex/context/base/mkii/supp-pdf.mkii
[Loading MPS to PDF converter (version 2006.09.02).]
) (/usr/share/texlive/texmf-dist/tex/latex/epstopdf-pkg/epstopdf-base.sty
(/usr/share/texlive/texmf-dist/tex/latex/latexconfig/epstopdf-sys.cfg))
(/usr/share/texlive/texmf-dist/tex/latex/pdflscape/pdflscape.sty
(/usr/share/texlive/texmf-dist/tex/latex/pdflscape/pdflscape-nometadata.sty
(/usr/share/texlive/texmf-dist/tex/latex/graphics/lscape.sty)))
(./rigidity_v101_archive.out) (./rigidity_v101_archive.out) [1 <./rigidity_v100
.pdf{/var/lib/texmf/fonts/map/pdftex/updmap/pdftex.map}>] [2 <./rigidity_v100.p
df>] [3 <./rigidity_v100.pdf>] [4 <./rigidity_v100.pdf>] [5 <./rigidity_v100.pd
f>] [6 <./rigidity_v100.pdf>] [7 <./rigidity_v100.pdf>] [8 <./rigidity_v100.pdf
>] [9 <./rigidity_v100.pdf>] [10 <./rigidity_v100.pdf>] [11 <./rigidity_v100.pd
f>] [12 <./rigidity_v100.pdf>] [13 <./rigidity_v100.pdf>] [14 <./rigidity_v100.
pdf>] [15 <./rigidity_v100.pdf>] [16 <./rigidity_v100.pdf>] [17 <./rigidity_v10
0.pdf>] [18 <./rigidity_v100.pdf>] [19 <./rigidity_v100.pdf>] [20 <./rigidity_v
100.pdf>] [21 <./rigidity_v100.pdf>] [22 <./rigidity_v100.pdf>] [23 <./rigidity
_v100.pdf>] [24 <./rigidity_v100.pdf>] [25 <./rigidity_v100.pdf>] [26 <./rigidi
ty_v100.pdf>] [27 <./rigidity_v100.pdf>] [28 <./rigidity_v100.pdf>] [29 <./rigi
dity_v100.pdf>] [30 <./rigidity_v100.pdf>] [31 <./rigidity_v100.pdf>] [32 <./ri
gidity_v100.pdf>] [33 <./rigidity_v100.pdf>] [34 <./rigidity_v100.pdf>]
[35 <./rigidity_v100.pdf>] [36 <./rigidity_v100.pdf>] [37 <./rigidity_v100.pdf>
] [38 <./rigidity_v100.pdf>] [39 <./rigidity_v100.pdf>] [40 <./rigidity_v100.pd
f>] [41 <./rigidity_v100.pdf>] [42 <./rigidity_v100.pdf>] [43 <./rigidity_v100.
pdf>] [44 <./rigidity_v100.pdf>] [45 <./rigidity_v100.pdf>] [46 <./rigidity_v10
0.pdf>] [47 <./rigidity_v100.pdf>] [48 <./rigidity_v100_archive.pdf>] [49 <./ri
gidity_v100_archive.pdf>] [50 <./rigidity_v100_archive.pdf>] [51 <./rigidity_v1
00_archive.pdf>] [52 <./rigidity_v100_archive.pdf>] [53 <./rigidity_v100_archiv
e.pdf>] [54 <./rigidity_v100_archive.pdf>] [55 <./rigidity_v100_archive.pdf>]
[56 <./rigidity_v100_archive.pdf>] [57 <./rigidity_v100_archive.pdf>] [58 <./ri
gidity_v100_archive.pdf>] [59 <./rigidity_v100_archive.pdf>] [60 <./rigidity_v1
00_archive.pdf>] [61 <./rigidity_v100_archive.pdf>] [62 <./rigidity_v100_archiv
e.pdf>] [63 <./rigidity_v100_archive.pdf>] [64 <./rigidity_v100_archive.pdf>]
[65 <./rigidity_v100_archive.pdf>] [66 <./rigidity_v100_archive.pdf>] [67 <./ri
gidity_v100_archive.pdf>] [68 <./rigidity_v100_archive.pdf>] [69 <./rigidity_v1
00_archive.pdf>] [70 <./rigidity_v100_archive.pdf>] [71 <./rigidity_v100_archiv
e.pdf>] [72 <./rigidity_v100_archive.pdf>] [73 <./rigidity_v100_archive.pdf>]
[74 <./rigidity_v100_archive.pdf>] [75 <./rigidity_v100_archive.pdf>] [76 <./ri
gidity_v100_archive.pdf>] [77 <./rigidity_v100_archive.pdf>] [78 <./rigidity_v1
00_archive.pdf>] [79 <./rigidity_v100_archive.pdf>] [80 <./rigidity_v100_archiv
e.pdf>] [81 <./rigidity_v100_archive.pdf>] [82 <./rigidity_v100_archive.pdf>]
[83 <./rigidity_v100_archive.pdf>] [84 <./rigidity_v100_archive.pdf>] [85 <./ri
gidity_v100_archive.pdf>] [86 <./rigidity_v100_archive.pdf>] [87 <./rigidity_v1
00_archive.pdf>] [88 <./rigidity_v100_archive.pdf>] [89 <./rigidity_v100_archiv
e.pdf>] [90 <./rigidity_v100_archive.pdf>] [91 <./rigidity_v100_archive.pdf>]
[92 <./rigidity_v100_archive.pdf>] [93 <./rigidity_v100_archive.pdf>] [94 <./ri
gidity_v100_archive.pdf>] [95 <./rigidity_v100_archive.pdf>] [96 <./rigidity_v1
00_archive.pdf>] [97 <./rigidity_v100_archive.pdf>] [98 <./rigidity_v100_archiv
e.pdf>] [99 <./rigidity_v100_archive.pdf>] [100 <./rigidity_v100_archive.pdf>]
[101 <./rigidity_v100_archive.pdf>] [102 <./rigidity_v100_archive.pdf>]
[103 <./rigidity_v100_archive.pdf>] [104 <./rigidity_v100_archive.pdf>]
[105 <./rigidity_v100_archive.pdf>] [106 <./rigidity_v100_archive.pdf>]
[107 <./rigidity_v100_archive.pdf>] [108 <./rigidity_v100_archive.pdf>]
[109 <./rigidity_v100_archive.pdf>] [110 <./rigidity_v100_archive.pdf>]
[111 <./rigidity_v100_archive.pdf>] [112 <./rigidity_v100_archive.pdf>]
[113 <./rigidity_v100_archive.pdf>] [114 <./rigidity_v100_archive.pdf>]
[115 <./rigidity_v100_archive.pdf>] [116 <./rigidity_v100_archive.pdf>]
[117 <./rigidity_v100_archive.pdf>] [118 <./rigidity_v100_archive.pdf>]
[119 <./rigidity_v100_archive.pdf>] [120 <./rigidity_v100_archive.pdf>]
[121 <./rigidity_v100_archive.pdf>] [122 <./rigidity_v100_archive.pdf>]
[123 <./rigidity_v100_archive.pdf>] [124 <./rigidity_v100_archive.pdf>]
[125 <./rigidity_v100_archive.pdf>] [126 <./rigidity_v100_archive.pdf>]
[127 <./rigidity_v100_archive.pdf>] [128 <./rigidity_v100_archive.pdf>]
[129 <./rigidity_v100_archive.pdf>] [130 <./rigidity_v100_archive.pdf>]
[131 <./rigidity_v100_archive.pdf>] [132 <./rigidity_v100_archive.pdf>]
[133 <./rigidity_v100_archive.pdf>] [134 <./rigidity_v100_archive.pdf>]
[135 <./rigidity_v100_archive.pdf>] [136 <./rigidity_v100_archive.pdf>]
[137 <./rigidity_v100_archive.pdf>] [138 <./rigidity_v100_archive.pdf>]
[139 <./rigidity_v100_archive.pdf>] [140 <./rigidity_v100_archive.pdf>]
[141 <./rigidity_v100_archive.pdf>] [142 <./rigidity_v100_archive.pdf>]
[143 <./rigidity_v100_archive.pdf>] [144 <./rigidity_v100_archive.pdf>]
[145 <./rigidity_v100_archive.pdf>] [146 <./rigidity_v100_archive.pdf>]
[147 <./rigidity_v100_archive.pdf>] [148 <./rigidity_v100_archive.pdf>]
[149 <./rigidity_v100_archive.pdf>] [150 <./rigidity_v100_archive.pdf>]
[151 <./rigidity_v100_archive.pdf>] [152 <./rigidity_v100_archive.pdf>]
[153 <./rigidity_v100_archive.pdf>] [154 <./rigidity_v100_archive.pdf>]
[155 <./rigidity_v100_archive.pdf>] [156 <./rigidity_v100_archive.pdf>]
[157 <./rigidity_v100_archive.pdf>] [158 <./rigidity_v100_archive.pdf>]
[159 <./rigidity_v100_archive.pdf>] [160 <./rigidity_v100_archive.pdf>]
[161 <./rigidity_v100_archive.pdf>] [162 <./rigidity_v100_archive.pdf>]
[163 <./rigidity_v100_archive.pdf>] [164 <./rigidity_v100_archive.pdf>]
[165 <./rigidity_v100_archive.pdf>] [166 <./rigidity_v100_archive.pdf>]
[167 <./rigidity_v100_archive.pdf>] [168 <./rigidity_v100_archive.pdf>]
[169 <./rigidity_v100_archive.pdf>] [170 <./rigidity_v100_archive.pdf>]
[171 <./rigidity_v100_archive.pdf>] [172 <./rigidity_v100_archive.pdf>]
[173 <./rigidity_v100_archive.pdf>] [174 <./rigidity_v100_archive.pdf>]
[175 <./rigidity_v100_archive.pdf>] [176 <./rigidity_v100_archive.pdf>]
[177 <./rigidity_v100_archive.pdf>] [178 <./rigidity_v100_archive.pdf>]
[179 <./rigidity_v100_archive.pdf>] [180 <./rigidity_v100_archive.pdf>]
[181 <./rigidity_v100_archive.pdf>] [182 <./rigidity_v100_archive.pdf>]
[183 <./rigidity_v100_archive.pdf>] [184 <./rigidity_v100_archive.pdf>]
[185 <./rigidity_v100_archive.pdf>] [186 <./rigidity_v100_archive.pdf>]
[187 <./rigidity_v100_archive.pdf>] [188 <./rigidity_v100_archive.pdf>]
[189 <./rigidity_v100_archive.pdf>] [190 <./rigidity_v100_archive.pdf>]
[191 <./rigidity_v100_archive.pdf>] [192 <./rigidity_v100_archive.pdf>]
[193 <./rigidity_v100_archive.pdf>] [194 <./rigidity_v100_archive.pdf>]
[195 <./rigidity_v100_archive.pdf>] [196 <./rigidity_v100_archive.pdf>]
[197 <./rigidity_v100_archive.pdf>] [198 <./rigidity_v100_archive.pdf>]
[199 <./rigidity_v100_archive.pdf>] [200 <./rigidity_v100_archive.pdf>]
[201 <./rigidity_v100_archive.pdf>] [202 <./rigidity_v100_archive.pdf>]
[203 <./rigidity_v100_archive.pdf>] [204 <./rigidity_v100_archive.pdf>]
[205 <./rigidity_v100_archive.pdf>] [206 <./rigidity_v100_archive.pdf>]
[207 <./rigidity_v100_archive.pdf>] [208 <./rigidity_v100_archive.pdf>]
[209 <./rigidity_v100_archive.pdf>] [210 <./rigidity_v100_archive.pdf>]
[211 <./rigidity_v100_archive.pdf>] [212 <./rigidity_v100_archive.pdf>]
[213 <./rigidity_v100_archive.pdf>] (./rigidity_v101_archive.aux) ) )</usr/shar
e/texlive/texmf-dist/fonts/type1/public/amsfonts/euler/eufm10.pfb></usr/share/t
exmf/fonts/type1/public/lm/lmbx10.pfb></usr/share/texmf/fonts/type1/public/lm/l
mbx9.pfb></usr/share/texmf/fonts/type1/public/lm/lmcsc10.pfb></usr/share/texmf/
fonts/type1/public/lm/lmex10.pfb></usr/share/texmf/fonts/type1/public/lm/lmmi10
.pfb></usr/share/texmf/fonts/type1/public/lm/lmmi6.pfb></usr/share/texmf/fonts/
type1/public/lm/lmmi8.pfb></usr/share/texmf/fonts/type1/public/lm/lmr10.pfb></u
sr/share/texmf/fonts/type1/public/lm/lmr6.pfb></usr/share/texmf/fonts/type1/pub
lic/lm/lmr8.pfb></usr/share/texmf/fonts/type1/public/lm/lmr9.pfb></usr/share/te
xmf/fonts/type1/public/lm/lmri10.pfb></usr/share/texmf/fonts/type1/public/lm/lm
ri8.pfb></usr/share/texmf/fonts/type1/public/lm/lmri9.pfb></usr/share/texmf/fon
ts/type1/public/lm/lmss10.pfb></usr/share/texmf/fonts/type1/public/lm/lmss8.pfb
></usr/share/texmf/fonts/type1/public/lm/lmsy10.pfb></usr/share/texmf/fonts/typ
e1/public/lm/lmsy6.pfb></usr/share/texmf/fonts/type1/public/lm/lmsy8.pfb></usr/
share/texlive/texmf-dist/fonts/type1/public/amsfonts/symbols/msam10.pfb></usr/s
hare/texlive/texmf-dist/fonts/type1/public/amsfonts/symbols/msbm10.pfb></usr/sh
are/texlive/texmf-dist/fonts/type1/public/rsfs/rsfs10.pfb>
Output written on rigidity_v101_archive.pdf (213 pages, 3101931 bytes).
Transcript written on rigidity_v101_archive.log.
Latexmk: Getting log file 'rigidity_v101_archive.log'
Latexmk: Examining 'rigidity_v101_archive.fls'
Latexmk: Examining 'rigidity_v101_archive.log'
Latexmk: Log file says output to 'rigidity_v101_archive.pdf'
Latexmk: All targets (rigidity_v101_archive.pdf) are up-to-date

Rc files read:
  /etc/LatexMk
Latexmk: This is Latexmk, John Collins, 31 Jan. 2024. Version 4.83.
No existing .aux file, so I'll make a simple one, and require run of *latex.
Force everything to be remade.
Latexmk: applying rule 'pdflatex'...
Rule 'pdflatex':  Reasons for rerun
Category 'other':
  Rerun of 'pdflatex' forced or previously required:
    Reason or flag: 'go_mode'

------------
Run number 1 of rule 'pdflatex'
------------
------------
Running 'pdflatex  -interaction=nonstopmode -halt-on-error -file-line-error -recorder  "rigidity_v102_archive.tex"'
------------
This is pdfTeX, Version 3.141592653-2.6-1.40.25 (TeX Live 2023/Debian) (preloaded format=pdflatex)
 restricted \write18 enabled.
entering extended mode
(./rigidity_v102_archive.tex
LaTeX2e <2023-11-01> patch level 1
L3 programming layer <2024-01-22>
(./rigidity_v101_complete.tex
(/usr/share/texlive/texmf-dist/tex/latex/base/article.cls
Document Class: article 2023/05/17 v1.4n Standard LaTeX document class
(/usr/share/texlive/texmf-dist/tex/latex/base/size10.clo))
(/usr/share/texlive/texmf-dist/tex/latex/pdfpages/pdfpages.sty
(/usr/share/texlive/texmf-dist/tex/latex/base/ifthen.sty)
(/usr/share/texlive/texmf-dist/tex/latex/tools/calc.sty)
(/usr/share/texlive/texmf-dist/tex/latex/eso-pic/eso-pic.sty
(/usr/share/texlive/texmf-dist/tex/latex/graphics/keyval.sty)
(/usr/share/texlive/texmf-dist/tex/latex/xcolor/xcolor.sty
(/usr/share/texlive/texmf-dist/tex/latex/graphics-cfg/color.cfg)
(/usr/share/texlive/texmf-dist/tex/latex/graphics-def/pdftex.def)
(/usr/share/texlive/texmf-dist/tex/latex/graphics/mathcolor.ltx)))
(/usr/share/texlive/texmf-dist/tex/latex/graphics/graphicx.sty
(/usr/share/texlive/texmf-dist/tex/latex/graphics/graphics.sty
(/usr/share/texlive/texmf-dist/tex/latex/graphics/trig.sty)
(/usr/share/texlive/texmf-dist/tex/latex/graphics-cfg/graphics.cfg)))
(/usr/share/texlive/texmf-dist/tex/latex/pdfpages/pppdftex.def))
(/usr/share/texlive/texmf-dist/tex/latex/l3backend/l3backend-pdftex.def)
(./rigidity_v102_archive.aux)
(/usr/share/texlive/texmf-dist/tex/context/base/mkii/supp-pdf.mkii
[Loading MPS to PDF converter (version 2006.09.02).]
) (/usr/share/texlive/texmf-dist/tex/latex/epstopdf-pkg/epstopdf-base.sty
(/usr/share/texlive/texmf-dist/tex/latex/latexconfig/epstopdf-sys.cfg))
(/usr/share/texlive/texmf-dist/tex/latex/pdflscape/pdflscape.sty
(/usr/share/texlive/texmf-dist/tex/latex/pdflscape/pdflscape-nometadata.sty
(/usr/share/texlive/texmf-dist/tex/generic/iftex/iftex.sty)
(/usr/share/texlive/texmf-dist/tex/latex/graphics/lscape.sty))) [1 <./rigidity_
v101.pdf{/var/lib/texmf/fonts/map/pdftex/updmap/pdftex.map}>] [2 <./rigidity_v1
01.pdf>] [3 <./rigidity_v101.pdf>] [4 <./rigidity_v101.pdf>] [5 <./rigidity_v10
1.pdf>] [6 <./rigidity_v101.pdf>] [7 <./rigidity_v101.pdf>] [8 <./rigidity_v101
.pdf>] [9 <./rigidity_v101.pdf>] [10 <./rigidity_v101.pdf>] [11 <./rigidity_v10
1.pdf>] [12 <./rigidity_v101.pdf>] [13 <./rigidity_v101.pdf>] [14 <./rigidity_v
101.pdf>] [15 <./rigidity_v101.pdf>] [16 <./rigidity_v101.pdf>] [17 <./rigidity
_v101.pdf>] [18 <./rigidity_v101.pdf>] [19 <./rigidity_v101.pdf>] [20 <./rigidi
ty_v101.pdf>] [21 <./rigidity_v101.pdf>] [22 <./rigidity_v101.pdf>] [23 <./rigi
dity_v101.pdf>] [24 <./rigidity_v101.pdf>] [25 <./rigidity_v101.pdf>] [26 <./ri
gidity_v101.pdf>] [27 <./rigidity_v101.pdf>] [28 <./rigidity_v101.pdf>]
[29 <./rigidity_v101.pdf>] [30 <./rigidity_v101.pdf>] [31 <./rigidity_v101.pdf>
] [32 <./rigidity_v101.pdf>] [33 <./rigidity_v101.pdf>] [34 <./rigidity_v101.pd
f>] [35 <./rigidity_v101.pdf>] [36 <./rigidity_v101.pdf>] [37 <./rigidity_v101.
pdf>] [38 <./rigidity_v101.pdf>] [39 <./rigidity_v101.pdf>] [40 <./rigidity_v10
1.pdf>] [41 <./rigidity_v101.pdf>] [42 <./rigidity_v101.pdf>] [43 <./rigidity_v
101.pdf>] [44 <./rigidity_v101.pdf>] [45 <./rigidity_v101.pdf>] [46 <./rigidity
_v101.pdf>] [47 <./rigidity_v101.pdf>] [48 <./rigidity_v101.pdf>] [49 <./rigidi
ty_v101.pdf>] [50 <./rigidity_v101.pdf>] [51 <./rigidity_v101.pdf>] [52 <./rigi
dity_v101.pdf>] [53 <./rigidity_v101.pdf>] [54 <./rigidity_v101.pdf>] [55 <./ri
gidity_v101.pdf>] [56 <./rigidity_v101.pdf>] [57 <./rigidity_v101.pdf>]
[58 <./rigidity_v101_archive.pdf>] [59 <./rigidity_v101_archive.pdf>] [60 <./ri
gidity_v101_archive.pdf>] [61 <./rigidity_v101_archive.pdf>] [62 <./rigidity_v1
01_archive.pdf>] [63 <./rigidity_v101_archive.pdf>] [64 <./rigidity_v101_archiv
e.pdf>] [65 <./rigidity_v101_archive.pdf>] [66 <./rigidity_v101_archive.pdf>]
[67 <./rigidity_v101_archive.pdf>] [68 <./rigidity_v101_archive.pdf>] [69 <./ri
gidity_v101_archive.pdf>] [70 <./rigidity_v101_archive.pdf>] [71 <./rigidity_v1
01_archive.pdf>] [72 <./rigidity_v101_archive.pdf>] [73 <./rigidity_v101_archiv
e.pdf>] [74 <./rigidity_v101_archive.pdf>] [75 <./rigidity_v101_archive.pdf>]
[76 <./rigidity_v101_archive.pdf>] [77 <./rigidity_v101_archive.pdf>] [78 <./ri
gidity_v101_archive.pdf>] [79 <./rigidity_v101_archive.pdf>] [80 <./rigidity_v1
01_archive.pdf>] [81 <./rigidity_v101_archive.pdf>] [82 <./rigidity_v101_archiv
e.pdf>] [83 <./rigidity_v101_archive.pdf>] [84 <./rigidity_v101_archive.pdf>]
[85 <./rigidity_v101_archive.pdf>] [86 <./rigidity_v101_archive.pdf>] [87 <./ri
gidity_v101_archive.pdf>] [88 <./rigidity_v101_archive.pdf>] [89 <./rigidity_v1
01_archive.pdf>] [90 <./rigidity_v101_archive.pdf>] [91 <./rigidity_v101_archiv
e.pdf>] [92 <./rigidity_v101_archive.pdf>] [93 <./rigidity_v101_archive.pdf>]
[94 <./rigidity_v101_archive.pdf>] [95 <./rigidity_v101_archive.pdf>] [96 <./ri
gidity_v101_archive.pdf>] [97 <./rigidity_v101_archive.pdf>] [98 <./rigidity_v1
01_archive.pdf>] [99 <./rigidity_v101_archive.pdf>] [100 <./rigidity_v101_archi
ve.pdf>] [101 <./rigidity_v101_archive.pdf>] [102 <./rigidity_v101_archive.pdf>
] [103 <./rigidity_v101_archive.pdf>] [104 <./rigidity_v101_archive.pdf>]
[105 <./rigidity_v101_archive.pdf>] [106 <./rigidity_v101_archive.pdf>]
[107 <./rigidity_v101_archive.pdf>] [108 <./rigidity_v101_archive.pdf>]
[109 <./rigidity_v101_archive.pdf>] [110 <./rigidity_v101_archive.pdf>]
[111 <./rigidity_v101_archive.pdf>] [112 <./rigidity_v101_archive.pdf>]
[113 <./rigidity_v101_archive.pdf>] [114 <./rigidity_v101_archive.pdf>]
[115 <./rigidity_v101_archive.pdf>] [116 <./rigidity_v101_archive.pdf>]
[117 <./rigidity_v101_archive.pdf>] [118 <./rigidity_v101_archive.pdf>]
[119 <./rigidity_v101_archive.pdf>] [120 <./rigidity_v101_archive.pdf>]
[121 <./rigidity_v101_archive.pdf>] [122 <./rigidity_v101_archive.pdf>]
[123 <./rigidity_v101_archive.pdf>] [124 <./rigidity_v101_archive.pdf>]
[125 <./rigidity_v101_archive.pdf>] [126 <./rigidity_v101_archive.pdf>]
[127 <./rigidity_v101_archive.pdf>] [128 <./rigidity_v101_archive.pdf>]
[129 <./rigidity_v101_archive.pdf>] [130 <./rigidity_v101_archive.pdf>]
[131 <./rigidity_v101_archive.pdf>] [132 <./rigidity_v101_archive.pdf>]
[133 <./rigidity_v101_archive.pdf>] [134 <./rigidity_v101_archive.pdf>]
[135 <./rigidity_v101_archive.pdf>] [136 <./rigidity_v101_archive.pdf>]
[137 <./rigidity_v101_archive.pdf>] [138 <./rigidity_v101_archive.pdf>]
[139 <./rigidity_v101_archive.pdf>] [140 <./rigidity_v101_archive.pdf>]
[141 <./rigidity_v101_archive.pdf>] [142 <./rigidity_v101_archive.pdf>]
[143 <./rigidity_v101_archive.pdf>] [144 <./rigidity_v101_archive.pdf>]
[145 <./rigidity_v101_archive.pdf>] [146 <./rigidity_v101_archive.pdf>]
[147 <./rigidity_v101_archive.pdf>] [148 <./rigidity_v101_archive.pdf>]
[149 <./rigidity_v101_archive.pdf>] [150 <./rigidity_v101_archive.pdf>]
[151 <./rigidity_v101_archive.pdf>] [152 <./rigidity_v101_archive.pdf>]
[153 <./rigidity_v101_archive.pdf>] [154 <./rigidity_v101_archive.pdf>]
[155 <./rigidity_v101_archive.pdf>] [156 <./rigidity_v101_archive.pdf>]
[157 <./rigidity_v101_archive.pdf>] [158 <./rigidity_v101_archive.pdf>]
[159 <./rigidity_v101_archive.pdf>] [160 <./rigidity_v101_archive.pdf>]
[161 <./rigidity_v101_archive.pdf>] [162 <./rigidity_v101_archive.pdf>]
[163 <./rigidity_v101_archive.pdf>] [164 <./rigidity_v101_archive.pdf>]
[165 <./rigidity_v101_archive.pdf>] [166 <./rigidity_v101_archive.pdf>]
[167 <./rigidity_v101_archive.pdf>] [168 <./rigidity_v101_archive.pdf>]
[169 <./rigidity_v101_archive.pdf>] [170 <./rigidity_v101_archive.pdf>]
[171 <./rigidity_v101_archive.pdf>] [172 <./rigidity_v101_archive.pdf>]
[173 <./rigidity_v101_archive.pdf>] [174 <./rigidity_v101_archive.pdf>]
[175 <./rigidity_v101_archive.pdf>] [176 <./rigidity_v101_archive.pdf>]
[177 <./rigidity_v101_archive.pdf>] [178 <./rigidity_v101_archive.pdf>]
[179 <./rigidity_v101_archive.pdf>] [180 <./rigidity_v101_archive.pdf>]
[181 <./rigidity_v101_archive.pdf>] [182 <./rigidity_v101_archive.pdf>]
[183 <./rigidity_v101_archive.pdf>] [184 <./rigidity_v101_archive.pdf>]
[185 <./rigidity_v101_archive.pdf>] [186 <./rigidity_v101_archive.pdf>]
[187 <./rigidity_v101_archive.pdf>] [188 <./rigidity_v101_archive.pdf>]
[189 <./rigidity_v101_archive.pdf>] [190 <./rigidity_v101_archive.pdf>]
[191 <./rigidity_v101_archive.pdf>] [192 <./rigidity_v101_archive.pdf>]
[193 <./rigidity_v101_archive.pdf>] [194 <./rigidity_v101_archive.pdf>]
[195 <./rigidity_v101_archive.pdf>] [196 <./rigidity_v101_archive.pdf>]
[197 <./rigidity_v101_archive.pdf>] [198 <./rigidity_v101_archive.pdf>]
[199 <./rigidity_v101_archive.pdf>] [200 <./rigidity_v101_archive.pdf>]
[201 <./rigidity_v101_archive.pdf>] [202 <./rigidity_v101_archive.pdf>]
[203 <./rigidity_v101_archive.pdf>] [204 <./rigidity_v101_archive.pdf>]
[205 <./rigidity_v101_archive.pdf>] [206 <./rigidity_v101_archive.pdf>]
[207 <./rigidity_v101_archive.pdf>] [208 <./rigidity_v101_archive.pdf>]
[209 <./rigidity_v101_archive.pdf>] [210 <./rigidity_v101_archive.pdf>]
[211 <./rigidity_v101_archive.pdf>] [212 <./rigidity_v101_archive.pdf>]
[213 <./rigidity_v101_archive.pdf>] [214 <./rigidity_v101_archive.pdf>]
[215 <./rigidity_v101_archive.pdf>] [216 <./rigidity_v101_archive.pdf>]
[217 <./rigidity_v101_archive.pdf>] [218 <./rigidity_v101_archive.pdf>]
[219 <./rigidity_v101_archive.pdf>] [220 <./rigidity_v101_archive.pdf>]
[221 <./rigidity_v101_archive.pdf>] [222 <./rigidity_v101_archive.pdf>]
[223 <./rigidity_v101_archive.pdf>] [224 <./rigidity_v101_archive.pdf>]
[225 <./rigidity_v101_archive.pdf>] [226 <./rigidity_v101_archive.pdf>]
[227 <./rigidity_v101_archive.pdf>] [228 <./rigidity_v101_archive.pdf>]
[229 <./rigidity_v101_archive.pdf>] [230 <./rigidity_v101_archive.pdf>]
[231 <./rigidity_v101_archive.pdf>] [232 <./rigidity_v101_archive.pdf>]
[233 <./rigidity_v101_archive.pdf>] [234 <./rigidity_v101_archive.pdf>]
[235 <./rigidity_v101_archive.pdf>] [236 <./rigidity_v101_archive.pdf>]
[237 <./rigidity_v101_archive.pdf>] [238 <./rigidity_v101_archive.pdf>]
[239 <./rigidity_v101_archive.pdf>] [240 <./rigidity_v101_archive.pdf>]
[241 <./rigidity_v101_archive.pdf>] [242 <./rigidity_v101_archive.pdf>]
[243 <./rigidity_v101_archive.pdf>] [244 <./rigidity_v101_archive.pdf>]
[245 <./rigidity_v101_archive.pdf>] [246 <./rigidity_v101_archive.pdf>]
[247 <./rigidity_v101_archive.pdf>] [248 <./rigidity_v101_archive.pdf>]
[249 <./rigidity_v101_archive.pdf>] [250 <./rigidity_v101_archive.pdf>]
[251 <./rigidity_v101_archive.pdf>] [252 <./rigidity_v101_archive.pdf>]
[253 <./rigidity_v101_archive.pdf>] [254 <./rigidity_v101_archive.pdf>]
[255 <./rigidity_v101_archive.pdf>] [256 <./rigidity_v101_archive.pdf>]
[257 <./rigidity_v101_archive.pdf>] [258 <./rigidity_v101_archive.pdf>]
[259 <./rigidity_v101_archive.pdf>] [260 <./rigidity_v101_archive.pdf>]
[261 <./rigidity_v101_archive.pdf>] [262 <./rigidity_v101_archive.pdf>]
[263 <./rigidity_v101_archive.pdf>] [264 <./rigidity_v101_archive.pdf>]
[265 <./rigidity_v101_archive.pdf>] [266 <./rigidity_v101_archive.pdf>]
[267 <./rigidity_v101_archive.pdf>] [268 <./rigidity_v101_archive.pdf>]
[269 <./rigidity_v101_archive.pdf>] [270 <./rigidity_v101_archive.pdf>]
(./rigidity_v102_archive.aux) ) )</usr/share/texlive/texmf-dist/fonts/type1/pub
lic/amsfonts/euler/eufm10.pfb></usr/share/texmf/fonts/type1/public/lm/lmbx10.pf
b></usr/share/texmf/fonts/type1/public/lm/lmbx9.pfb></usr/share/texmf/fonts/typ
e1/public/lm/lmcsc10.pfb></usr/share/texmf/fonts/type1/public/lm/lmex10.pfb></u
sr/share/texmf/fonts/type1/public/lm/lmmi10.pfb></usr/share/texmf/fonts/type1/p
ublic/lm/lmmi6.pfb></usr/share/texmf/fonts/type1/public/lm/lmmi8.pfb></usr/shar
e/texmf/fonts/type1/public/lm/lmmi9.pfb></usr/share/texmf/fonts/type1/public/lm
/lmr10.pfb></usr/share/texmf/fonts/type1/public/lm/lmr6.pfb></usr/share/texmf/f
onts/type1/public/lm/lmr8.pfb></usr/share/texmf/fonts/type1/public/lm/lmr9.pfb>
</usr/share/texmf/fonts/type1/public/lm/lmri10.pfb></usr/share/texmf/fonts/type
1/public/lm/lmri8.pfb></usr/share/texmf/fonts/type1/public/lm/lmri9.pfb></usr/s
hare/texmf/fonts/type1/public/lm/lmss10.pfb></usr/share/texmf/fonts/type1/publi
c/lm/lmss8.pfb></usr/share/texmf/fonts/type1/public/lm/lmsy10.pfb></usr/share/t
exmf/fonts/type1/public/lm/lmsy6.pfb></usr/share/texmf/fonts/type1/public/lm/lm
sy8.pfb></usr/share/texlive/texmf-dist/fonts/type1/public/amsfonts/symbols/msam
10.pfb></usr/share/texlive/texmf-dist/fonts/type1/public/amsfonts/symbols/msbm1
0.pfb></usr/share/texlive/texmf-dist/fonts/type1/public/rsfs/rsfs10.pfb>
Output written on rigidity_v102_archive.pdf (270 pages, 3924606 bytes).
Transcript written on rigidity_v102_archive.log.
Latexmk: Getting log file 'rigidity_v102_archive.log'
Latexmk: Examining 'rigidity_v102_archive.fls'
Latexmk: Examining 'rigidity_v102_archive.log'
Latexmk: Log file says output to 'rigidity_v102_archive.pdf'
Latexmk: applying rule 'pdflatex'...
Rule 'pdflatex':  Reasons for rerun
Changed files or newly in use/created:
  rigidity_v102_archive.aux

------------
Run number 2 of rule 'pdflatex'
------------
------------
Running 'pdflatex  -interaction=nonstopmode -halt-on-error -file-line-error -recorder  "rigidity_v102_archive.tex"'
------------
This is pdfTeX, Version 3.141592653-2.6-1.40.25 (TeX Live 2023/Debian) (preloaded format=pdflatex)
 restricted \write18 enabled.
entering extended mode
(./rigidity_v102_archive.tex
LaTeX2e <2023-11-01> patch level 1
L3 programming layer <2024-01-22>
(./rigidity_v101_complete.tex
(/usr/share/texlive/texmf-dist/tex/latex/base/article.cls
Document Class: article 2023/05/17 v1.4n Standard LaTeX document class
(/usr/share/texlive/texmf-dist/tex/latex/base/size10.clo))
(/usr/share/texlive/texmf-dist/tex/latex/pdfpages/pdfpages.sty
(/usr/share/texlive/texmf-dist/tex/latex/base/ifthen.sty)
(/usr/share/texlive/texmf-dist/tex/latex/tools/calc.sty)
(/usr/share/texlive/texmf-dist/tex/latex/eso-pic/eso-pic.sty
(/usr/share/texlive/texmf-dist/tex/latex/graphics/keyval.sty)
(/usr/share/texlive/texmf-dist/tex/latex/xcolor/xcolor.sty
(/usr/share/texlive/texmf-dist/tex/latex/graphics-cfg/color.cfg)
(/usr/share/texlive/texmf-dist/tex/latex/graphics-def/pdftex.def)
(/usr/share/texlive/texmf-dist/tex/latex/graphics/mathcolor.ltx)))
(/usr/share/texlive/texmf-dist/tex/latex/graphics/graphicx.sty
(/usr/share/texlive/texmf-dist/tex/latex/graphics/graphics.sty
(/usr/share/texlive/texmf-dist/tex/latex/graphics/trig.sty)
(/usr/share/texlive/texmf-dist/tex/latex/graphics-cfg/graphics.cfg)))
(/usr/share/texlive/texmf-dist/tex/latex/pdfpages/pppdftex.def))
(/usr/share/texlive/texmf-dist/tex/latex/l3backend/l3backend-pdftex.def)
(./rigidity_v102_archive.aux)
(/usr/share/texlive/texmf-dist/tex/context/base/mkii/supp-pdf.mkii
[Loading MPS to PDF converter (version 2006.09.02).]
) (/usr/share/texlive/texmf-dist/tex/latex/epstopdf-pkg/epstopdf-base.sty
(/usr/share/texlive/texmf-dist/tex/latex/latexconfig/epstopdf-sys.cfg))
(/usr/share/texlive/texmf-dist/tex/latex/pdflscape/pdflscape.sty
(/usr/share/texlive/texmf-dist/tex/latex/pdflscape/pdflscape-nometadata.sty
(/usr/share/texlive/texmf-dist/tex/generic/iftex/iftex.sty)
(/usr/share/texlive/texmf-dist/tex/latex/graphics/lscape.sty))) [1 <./rigidity_
v101.pdf{/var/lib/texmf/fonts/map/pdftex/updmap/pdftex.map}>] [2 <./rigidity_v1
01.pdf>] [3 <./rigidity_v101.pdf>] [4 <./rigidity_v101.pdf>] [5 <./rigidity_v10
1.pdf>] [6 <./rigidity_v101.pdf>] [7 <./rigidity_v101.pdf>] [8 <./rigidity_v101
.pdf>] [9 <./rigidity_v101.pdf>] [10 <./rigidity_v101.pdf>] [11 <./rigidity_v10
1.pdf>] [12 <./rigidity_v101.pdf>] [13 <./rigidity_v101.pdf>] [14 <./rigidity_v
101.pdf>] [15 <./rigidity_v101.pdf>] [16 <./rigidity_v101.pdf>] [17 <./rigidity
_v101.pdf>] [18 <./rigidity_v101.pdf>] [19 <./rigidity_v101.pdf>] [20 <./rigidi
ty_v101.pdf>] [21 <./rigidity_v101.pdf>] [22 <./rigidity_v101.pdf>] [23 <./rigi
dity_v101.pdf>] [24 <./rigidity_v101.pdf>] [25 <./rigidity_v101.pdf>] [26 <./ri
gidity_v101.pdf>] [27 <./rigidity_v101.pdf>] [28 <./rigidity_v101.pdf>]
[29 <./rigidity_v101.pdf>] [30 <./rigidity_v101.pdf>] [31 <./rigidity_v101.pdf>
] [32 <./rigidity_v101.pdf>] [33 <./rigidity_v101.pdf>] [34 <./rigidity_v101.pd
f>] [35 <./rigidity_v101.pdf>] [36 <./rigidity_v101.pdf>] [37 <./rigidity_v101.
pdf>] [38 <./rigidity_v101.pdf>] [39 <./rigidity_v101.pdf>] [40 <./rigidity_v10
1.pdf>] [41 <./rigidity_v101.pdf>] [42 <./rigidity_v101.pdf>] [43 <./rigidity_v
101.pdf>] [44 <./rigidity_v101.pdf>] [45 <./rigidity_v101.pdf>] [46 <./rigidity
_v101.pdf>] [47 <./rigidity_v101.pdf>] [48 <./rigidity_v101.pdf>] [49 <./rigidi
ty_v101.pdf>] [50 <./rigidity_v101.pdf>] [51 <./rigidity_v101.pdf>] [52 <./rigi
dity_v101.pdf>] [53 <./rigidity_v101.pdf>] [54 <./rigidity_v101.pdf>] [55 <./ri
gidity_v101.pdf>] [56 <./rigidity_v101.pdf>] [57 <./rigidity_v101.pdf>]
[58 <./rigidity_v101_archive.pdf>] [59 <./rigidity_v101_archive.pdf>] [60 <./ri
gidity_v101_archive.pdf>] [61 <./rigidity_v101_archive.pdf>] [62 <./rigidity_v1
01_archive.pdf>] [63 <./rigidity_v101_archive.pdf>] [64 <./rigidity_v101_archiv
e.pdf>] [65 <./rigidity_v101_archive.pdf>] [66 <./rigidity_v101_archive.pdf>]
[67 <./rigidity_v101_archive.pdf>] [68 <./rigidity_v101_archive.pdf>] [69 <./ri
gidity_v101_archive.pdf>] [70 <./rigidity_v101_archive.pdf>] [71 <./rigidity_v1
01_archive.pdf>] [72 <./rigidity_v101_archive.pdf>] [73 <./rigidity_v101_archiv
e.pdf>] [74 <./rigidity_v101_archive.pdf>] [75 <./rigidity_v101_archive.pdf>]
[76 <./rigidity_v101_archive.pdf>] [77 <./rigidity_v101_archive.pdf>] [78 <./ri
gidity_v101_archive.pdf>] [79 <./rigidity_v101_archive.pdf>] [80 <./rigidity_v1
01_archive.pdf>] [81 <./rigidity_v101_archive.pdf>] [82 <./rigidity_v101_archiv
e.pdf>] [83 <./rigidity_v101_archive.pdf>] [84 <./rigidity_v101_archive.pdf>]
[85 <./rigidity_v101_archive.pdf>] [86 <./rigidity_v101_archive.pdf>] [87 <./ri
gidity_v101_archive.pdf>] [88 <./rigidity_v101_archive.pdf>] [89 <./rigidity_v1
01_archive.pdf>] [90 <./rigidity_v101_archive.pdf>] [91 <./rigidity_v101_archiv
e.pdf>] [92 <./rigidity_v101_archive.pdf>] [93 <./rigidity_v101_archive.pdf>]
[94 <./rigidity_v101_archive.pdf>] [95 <./rigidity_v101_archive.pdf>] [96 <./ri
gidity_v101_archive.pdf>] [97 <./rigidity_v101_archive.pdf>] [98 <./rigidity_v1
01_archive.pdf>] [99 <./rigidity_v101_archive.pdf>] [100 <./rigidity_v101_archi
ve.pdf>] [101 <./rigidity_v101_archive.pdf>] [102 <./rigidity_v101_archive.pdf>
] [103 <./rigidity_v101_archive.pdf>] [104 <./rigidity_v101_archive.pdf>]
[105 <./rigidity_v101_archive.pdf>] [106 <./rigidity_v101_archive.pdf>]
[107 <./rigidity_v101_archive.pdf>] [108 <./rigidity_v101_archive.pdf>]
[109 <./rigidity_v101_archive.pdf>] [110 <./rigidity_v101_archive.pdf>]
[111 <./rigidity_v101_archive.pdf>] [112 <./rigidity_v101_archive.pdf>]
[113 <./rigidity_v101_archive.pdf>] [114 <./rigidity_v101_archive.pdf>]
[115 <./rigidity_v101_archive.pdf>] [116 <./rigidity_v101_archive.pdf>]
[117 <./rigidity_v101_archive.pdf>] [118 <./rigidity_v101_archive.pdf>]
[119 <./rigidity_v101_archive.pdf>] [120 <./rigidity_v101_archive.pdf>]
[121 <./rigidity_v101_archive.pdf>] [122 <./rigidity_v101_archive.pdf>]
[123 <./rigidity_v101_archive.pdf>] [124 <./rigidity_v101_archive.pdf>]
[125 <./rigidity_v101_archive.pdf>] [126 <./rigidity_v101_archive.pdf>]
[127 <./rigidity_v101_archive.pdf>] [128 <./rigidity_v101_archive.pdf>]
[129 <./rigidity_v101_archive.pdf>] [130 <./rigidity_v101_archive.pdf>]
[131 <./rigidity_v101_archive.pdf>] [132 <./rigidity_v101_archive.pdf>]
[133 <./rigidity_v101_archive.pdf>] [134 <./rigidity_v101_archive.pdf>]
[135 <./rigidity_v101_archive.pdf>] [136 <./rigidity_v101_archive.pdf>]
[137 <./rigidity_v101_archive.pdf>] [138 <./rigidity_v101_archive.pdf>]
[139 <./rigidity_v101_archive.pdf>] [140 <./rigidity_v101_archive.pdf>]
[141 <./rigidity_v101_archive.pdf>] [142 <./rigidity_v101_archive.pdf>]
[143 <./rigidity_v101_archive.pdf>] [144 <./rigidity_v101_archive.pdf>]
[145 <./rigidity_v101_archive.pdf>] [146 <./rigidity_v101_archive.pdf>]
[147 <./rigidity_v101_archive.pdf>] [148 <./rigidity_v101_archive.pdf>]
[149 <./rigidity_v101_archive.pdf>] [150 <./rigidity_v101_archive.pdf>]
[151 <./rigidity_v101_archive.pdf>] [152 <./rigidity_v101_archive.pdf>]
[153 <./rigidity_v101_archive.pdf>] [154 <./rigidity_v101_archive.pdf>]
[155 <./rigidity_v101_archive.pdf>] [156 <./rigidity_v101_archive.pdf>]
[157 <./rigidity_v101_archive.pdf>] [158 <./rigidity_v101_archive.pdf>]
[159 <./rigidity_v101_archive.pdf>] [160 <./rigidity_v101_archive.pdf>]
[161 <./rigidity_v101_archive.pdf>] [162 <./rigidity_v101_archive.pdf>]
[163 <./rigidity_v101_archive.pdf>] [164 <./rigidity_v101_archive.pdf>]
[165 <./rigidity_v101_archive.pdf>] [166 <./rigidity_v101_archive.pdf>]
[167 <./rigidity_v101_archive.pdf>] [168 <./rigidity_v101_archive.pdf>]
[169 <./rigidity_v101_archive.pdf>] [170 <./rigidity_v101_archive.pdf>]
[171 <./rigidity_v101_archive.pdf>] [172 <./rigidity_v101_archive.pdf>]
[173 <./rigidity_v101_archive.pdf>] [174 <./rigidity_v101_archive.pdf>]
[175 <./rigidity_v101_archive.pdf>] [176 <./rigidity_v101_archive.pdf>]
[177 <./rigidity_v101_archive.pdf>] [178 <./rigidity_v101_archive.pdf>]
[179 <./rigidity_v101_archive.pdf>] [180 <./rigidity_v101_archive.pdf>]
[181 <./rigidity_v101_archive.pdf>] [182 <./rigidity_v101_archive.pdf>]
[183 <./rigidity_v101_archive.pdf>] [184 <./rigidity_v101_archive.pdf>]
[185 <./rigidity_v101_archive.pdf>] [186 <./rigidity_v101_archive.pdf>]
[187 <./rigidity_v101_archive.pdf>] [188 <./rigidity_v101_archive.pdf>]
[189 <./rigidity_v101_archive.pdf>] [190 <./rigidity_v101_archive.pdf>]
[191 <./rigidity_v101_archive.pdf>] [192 <./rigidity_v101_archive.pdf>]
[193 <./rigidity_v101_archive.pdf>] [194 <./rigidity_v101_archive.pdf>]
[195 <./rigidity_v101_archive.pdf>] [196 <./rigidity_v101_archive.pdf>]
[197 <./rigidity_v101_archive.pdf>] [198 <./rigidity_v101_archive.pdf>]
[199 <./rigidity_v101_archive.pdf>] [200 <./rigidity_v101_archive.pdf>]
[201 <./rigidity_v101_archive.pdf>] [202 <./rigidity_v101_archive.pdf>]
[203 <./rigidity_v101_archive.pdf>] [204 <./rigidity_v101_archive.pdf>]
[205 <./rigidity_v101_archive.pdf>] [206 <./rigidity_v101_archive.pdf>]
[207 <./rigidity_v101_archive.pdf>] [208 <./rigidity_v101_archive.pdf>]
[209 <./rigidity_v101_archive.pdf>] [210 <./rigidity_v101_archive.pdf>]
[211 <./rigidity_v101_archive.pdf>] [212 <./rigidity_v101_archive.pdf>]
[213 <./rigidity_v101_archive.pdf>] [214 <./rigidity_v101_archive.pdf>]
[215 <./rigidity_v101_archive.pdf>] [216 <./rigidity_v101_archive.pdf>]
[217 <./rigidity_v101_archive.pdf>] [218 <./rigidity_v101_archive.pdf>]
[219 <./rigidity_v101_archive.pdf>] [220 <./rigidity_v101_archive.pdf>]
[221 <./rigidity_v101_archive.pdf>] [222 <./rigidity_v101_archive.pdf>]
[223 <./rigidity_v101_archive.pdf>] [224 <./rigidity_v101_archive.pdf>]
[225 <./rigidity_v101_archive.pdf>] [226 <./rigidity_v101_archive.pdf>]
[227 <./rigidity_v101_archive.pdf>] [228 <./rigidity_v101_archive.pdf>]
[229 <./rigidity_v101_archive.pdf>] [230 <./rigidity_v101_archive.pdf>]
[231 <./rigidity_v101_archive.pdf>] [232 <./rigidity_v101_archive.pdf>]
[233 <./rigidity_v101_archive.pdf>] [234 <./rigidity_v101_archive.pdf>]
[235 <./rigidity_v101_archive.pdf>] [236 <./rigidity_v101_archive.pdf>]
[237 <./rigidity_v101_archive.pdf>] [238 <./rigidity_v101_archive.pdf>]
[239 <./rigidity_v101_archive.pdf>] [240 <./rigidity_v101_archive.pdf>]
[241 <./rigidity_v101_archive.pdf>] [242 <./rigidity_v101_archive.pdf>]
[243 <./rigidity_v101_archive.pdf>] [244 <./rigidity_v101_archive.pdf>]
[245 <./rigidity_v101_archive.pdf>] [246 <./rigidity_v101_archive.pdf>]
[247 <./rigidity_v101_archive.pdf>] [248 <./rigidity_v101_archive.pdf>]
[249 <./rigidity_v101_archive.pdf>] [250 <./rigidity_v101_archive.pdf>]
[251 <./rigidity_v101_archive.pdf>] [252 <./rigidity_v101_archive.pdf>]
[253 <./rigidity_v101_archive.pdf>] [254 <./rigidity_v101_archive.pdf>]
[255 <./rigidity_v101_archive.pdf>] [256 <./rigidity_v101_archive.pdf>]
[257 <./rigidity_v101_archive.pdf>] [258 <./rigidity_v101_archive.pdf>]
[259 <./rigidity_v101_archive.pdf>] [260 <./rigidity_v101_archive.pdf>]
[261 <./rigidity_v101_archive.pdf>] [262 <./rigidity_v101_archive.pdf>]
[263 <./rigidity_v101_archive.pdf>] [264 <./rigidity_v101_archive.pdf>]
[265 <./rigidity_v101_archive.pdf>] [266 <./rigidity_v101_archive.pdf>]
[267 <./rigidity_v101_archive.pdf>] [268 <./rigidity_v101_archive.pdf>]
[269 <./rigidity_v101_archive.pdf>] [270 <./rigidity_v101_archive.pdf>]
(./rigidity_v102_archive.aux) ) )</usr/share/texlive/texmf-dist/fonts/type1/pub
lic/amsfonts/euler/eufm10.pfb></usr/share/texmf/fonts/type1/public/lm/lmbx10.pf
b></usr/share/texmf/fonts/type1/public/lm/lmbx9.pfb></usr/share/texmf/fonts/typ
e1/public/lm/lmcsc10.pfb></usr/share/texmf/fonts/type1/public/lm/lmex10.pfb></u
sr/share/texmf/fonts/type1/public/lm/lmmi10.pfb></usr/share/texmf/fonts/type1/p
ublic/lm/lmmi6.pfb></usr/share/texmf/fonts/type1/public/lm/lmmi8.pfb></usr/shar
e/texmf/fonts/type1/public/lm/lmmi9.pfb></usr/share/texmf/fonts/type1/public/lm
/lmr10.pfb></usr/share/texmf/fonts/type1/public/lm/lmr6.pfb></usr/share/texmf/f
onts/type1/public/lm/lmr8.pfb></usr/share/texmf/fonts/type1/public/lm/lmr9.pfb>
</usr/share/texmf/fonts/type1/public/lm/lmri10.pfb></usr/share/texmf/fonts/type
1/public/lm/lmri8.pfb></usr/share/texmf/fonts/type1/public/lm/lmri9.pfb></usr/s
hare/texmf/fonts/type1/public/lm/lmss10.pfb></usr/share/texmf/fonts/type1/publi
c/lm/lmss8.pfb></usr/share/texmf/fonts/type1/public/lm/lmsy10.pfb></usr/share/t
exmf/fonts/type1/public/lm/lmsy6.pfb></usr/share/texmf/fonts/type1/public/lm/lm
sy8.pfb></usr/share/texlive/texmf-dist/fonts/type1/public/amsfonts/symbols/msam
10.pfb></usr/share/texlive/texmf-dist/fonts/type1/public/amsfonts/symbols/msbm1
0.pfb></usr/share/texlive/texmf-dist/fonts/type1/public/rsfs/rsfs10.pfb>
Output written on rigidity_v102_archive.pdf (270 pages, 3924606 bytes).
Transcript written on rigidity_v102_archive.log.
Latexmk: Getting log file 'rigidity_v102_archive.log'
Latexmk: Examining 'rigidity_v102_archive.fls'
Latexmk: Examining 'rigidity_v102_archive.log'
Latexmk: Log file says output to 'rigidity_v102_archive.pdf'
Latexmk: All targets (rigidity_v102_archive.pdf) are up-to-date

Rc files read:
  /etc/LatexMk
Latexmk: This is Latexmk, John Collins, 31 Jan. 2024. Version 4.83.
No existing .aux file, so I'll make a simple one, and require run of *latex.
Force everything to be remade.
Latexmk: applying rule 'pdflatex'...
Rule 'pdflatex':  Reasons for rerun
Category 'other':
  Rerun of 'pdflatex' forced or previously required:
    Reason or flag: 'go_mode'

------------
Run number 1 of rule 'pdflatex'
------------
------------
Running 'pdflatex  -interaction=nonstopmode -halt-on-error -file-line-error -recorder  "rigidity_v103_archive.tex"'
------------
This is pdfTeX, Version 3.141592653-2.6-1.40.25 (TeX Live 2023/Debian) (preloaded format=pdflatex)
 restricted \write18 enabled.
entering extended mode
(./rigidity_v103_archive.tex
LaTeX2e <2023-11-01> patch level 1
L3 programming layer <2024-01-22>
(./rigidity_v102_complete.tex
(/usr/share/texlive/texmf-dist/tex/latex/base/article.cls
Document Class: article 2023/05/17 v1.4n Standard LaTeX document class
(/usr/share/texlive/texmf-dist/tex/latex/base/size11.clo))
(/usr/share/texlive/texmf-dist/tex/latex/pdfpages/pdfpages.sty
(/usr/share/texlive/texmf-dist/tex/latex/base/ifthen.sty)
(/usr/share/texlive/texmf-dist/tex/latex/tools/calc.sty)
(/usr/share/texlive/texmf-dist/tex/latex/eso-pic/eso-pic.sty
(/usr/share/texlive/texmf-dist/tex/latex/graphics/keyval.sty)
(/usr/share/texlive/texmf-dist/tex/latex/xcolor/xcolor.sty
(/usr/share/texlive/texmf-dist/tex/latex/graphics-cfg/color.cfg)
(/usr/share/texlive/texmf-dist/tex/latex/graphics-def/pdftex.def)
(/usr/share/texlive/texmf-dist/tex/latex/graphics/mathcolor.ltx)))
(/usr/share/texlive/texmf-dist/tex/latex/graphics/graphicx.sty
(/usr/share/texlive/texmf-dist/tex/latex/graphics/graphics.sty
(/usr/share/texlive/texmf-dist/tex/latex/graphics/trig.sty)
(/usr/share/texlive/texmf-dist/tex/latex/graphics-cfg/graphics.cfg)))
(/usr/share/texlive/texmf-dist/tex/latex/pdfpages/pppdftex.def))
(/usr/share/texlive/texmf-dist/tex/latex/hyperref/hyperref.sty
(/usr/share/texlive/texmf-dist/tex/generic/iftex/iftex.sty)
(/usr/share/texlive/texmf-dist/tex/latex/kvsetkeys/kvsetkeys.sty)
(/usr/share/texlive/texmf-dist/tex/generic/kvdefinekeys/kvdefinekeys.sty)
(/usr/share/texlive/texmf-dist/tex/generic/pdfescape/pdfescape.sty
(/usr/share/texlive/texmf-dist/tex/generic/ltxcmds/ltxcmds.sty)
(/usr/share/texlive/texmf-dist/tex/generic/pdftexcmds/pdftexcmds.sty
(/usr/share/texlive/texmf-dist/tex/generic/infwarerr/infwarerr.sty)))
(/usr/share/texlive/texmf-dist/tex/latex/hycolor/hycolor.sty)
(/usr/share/texlive/texmf-dist/tex/latex/auxhook/auxhook.sty)
(/usr/share/texlive/texmf-dist/tex/latex/hyperref/nameref.sty
(/usr/share/texlive/texmf-dist/tex/latex/refcount/refcount.sty)
(/usr/share/texlive/texmf-dist/tex/generic/gettitlestring/gettitlestring.sty
(/usr/share/texlive/texmf-dist/tex/latex/kvoptions/kvoptions.sty)))
(/usr/share/texlive/texmf-dist/tex/latex/etoolbox/etoolbox.sty)
(/usr/share/texlive/texmf-dist/tex/latex/hyperref/pd1enc.def)
(/usr/share/texlive/texmf-dist/tex/generic/intcalc/intcalc.sty)
(/usr/share/texlive/texmf-dist/tex/latex/hyperref/puenc.def)
(/usr/share/texlive/texmf-dist/tex/latex/url/url.sty)
(/usr/share/texlive/texmf-dist/tex/generic/bitset/bitset.sty
(/usr/share/texlive/texmf-dist/tex/generic/bigintcalc/bigintcalc.sty))
(/usr/share/texlive/texmf-dist/tex/latex/base/atbegshi-ltx.sty))
(/usr/share/texlive/texmf-dist/tex/latex/hyperref/hpdftex.def
(/usr/share/texlive/texmf-dist/tex/latex/base/atveryend-ltx.sty)
(/usr/share/texlive/texmf-dist/tex/latex/rerunfilecheck/rerunfilecheck.sty
(/usr/share/texlive/texmf-dist/tex/generic/uniquecounter/uniquecounter.sty)))
(/usr/share/texlive/texmf-dist/tex/latex/l3backend/l3backend-pdftex.def)
(./rigidity_v103_archive.aux)
(/usr/share/texlive/texmf-dist/tex/context/base/mkii/supp-pdf.mkii
[Loading MPS to PDF converter (version 2006.09.02).]
) (/usr/share/texlive/texmf-dist/tex/latex/epstopdf-pkg/epstopdf-base.sty
(/usr/share/texlive/texmf-dist/tex/latex/latexconfig/epstopdf-sys.cfg))
(/usr/share/texlive/texmf-dist/tex/latex/pdflscape/pdflscape.sty
(/usr/share/texlive/texmf-dist/tex/latex/pdflscape/pdflscape-nometadata.sty
(/usr/share/texlive/texmf-dist/tex/latex/graphics/lscape.sty))) [1 <./rigidity_
v102.pdf{/var/lib/texmf/fonts/map/pdftex/updmap/pdftex.map}>] [2 <./rigidity_v1
02.pdf>] [3 <./rigidity_v102.pdf>] [4 <./rigidity_v102.pdf>] [5 <./rigidity_v10
2.pdf>] [6 <./rigidity_v102.pdf>] [7 <./rigidity_v102.pdf>] [8 <./rigidity_v102
.pdf>] [9 <./rigidity_v102.pdf>] [10 <./rigidity_v102.pdf>] [11 <./rigidity_v10
2.pdf>] [12 <./rigidity_v102.pdf>] [13 <./rigidity_v102.pdf>] [14 <./rigidity_v
102_archive.pdf>] [15 <./rigidity_v102_archive.pdf>] [16 <./rigidity_v102_archi
ve.pdf>] [17 <./rigidity_v102_archive.pdf>] [18 <./rigidity_v102_archive.pdf>]
[19 <./rigidity_v102_archive.pdf>] [20 <./rigidity_v102_archive.pdf>] [21 <./ri
gidity_v102_archive.pdf>] [22 <./rigidity_v102_archive.pdf>] [23 <./rigidity_v1
02_archive.pdf>] [24 <./rigidity_v102_archive.pdf>] [25 <./rigidity_v102_archiv
e.pdf>] [26 <./rigidity_v102_archive.pdf>] [27 <./rigidity_v102_archive.pdf>]
[28 <./rigidity_v102_archive.pdf>] [29 <./rigidity_v102_archive.pdf>] [30 <./ri
gidity_v102_archive.pdf>] [31 <./rigidity_v102_archive.pdf>] [32 <./rigidity_v1
02_archive.pdf>] [33 <./rigidity_v102_archive.pdf>] [34 <./rigidity_v102_archiv
e.pdf>] [35 <./rigidity_v102_archive.pdf>] [36 <./rigidity_v102_archive.pdf>]
[37 <./rigidity_v102_archive.pdf>] [38 <./rigidity_v102_archive.pdf>] [39 <./ri
gidity_v102_archive.pdf>] [40 <./rigidity_v102_archive.pdf>] [41 <./rigidity_v1
02_archive.pdf>] [42 <./rigidity_v102_archive.pdf>] [43 <./rigidity_v102_archiv
e.pdf>] [44 <./rigidity_v102_archive.pdf>] [45 <./rigidity_v102_archive.pdf>]
[46 <./rigidity_v102_archive.pdf>] [47 <./rigidity_v102_archive.pdf>] [48 <./ri
gidity_v102_archive.pdf>] [49 <./rigidity_v102_archive.pdf>] [50 <./rigidity_v1
02_archive.pdf>] [51 <./rigidity_v102_archive.pdf>] [52 <./rigidity_v102_archiv
e.pdf>] [53 <./rigidity_v102_archive.pdf>] [54 <./rigidity_v102_archive.pdf>]
[55 <./rigidity_v102_archive.pdf>] [56 <./rigidity_v102_archive.pdf>] [57 <./ri
gidity_v102_archive.pdf>] [58 <./rigidity_v102_archive.pdf>] [59 <./rigidity_v1
02_archive.pdf>] [60 <./rigidity_v102_archive.pdf>] [61 <./rigidity_v102_archiv
e.pdf>] [62 <./rigidity_v102_archive.pdf>] [63 <./rigidity_v102_archive.pdf>]
[64 <./rigidity_v102_archive.pdf>] [65 <./rigidity_v102_archive.pdf>] [66 <./ri
gidity_v102_archive.pdf>] [67 <./rigidity_v102_archive.pdf>] [68 <./rigidity_v1
02_archive.pdf>] [69 <./rigidity_v102_archive.pdf>] [70 <./rigidity_v102_archiv
e.pdf>] [71 <./rigidity_v102_archive.pdf>] [72 <./rigidity_v102_archive.pdf>]
[73 <./rigidity_v102_archive.pdf>] [74 <./rigidity_v102_archive.pdf>] [75 <./ri
gidity_v102_archive.pdf>] [76 <./rigidity_v102_archive.pdf>] [77 <./rigidity_v1
02_archive.pdf>] [78 <./rigidity_v102_archive.pdf>] [79 <./rigidity_v102_archiv
e.pdf>] [80 <./rigidity_v102_archive.pdf>] [81 <./rigidity_v102_archive.pdf>]
[82 <./rigidity_v102_archive.pdf>] [83 <./rigidity_v102_archive.pdf>] [84 <./ri
gidity_v102_archive.pdf>] [85 <./rigidity_v102_archive.pdf>] [86 <./rigidity_v1
02_archive.pdf>] [87 <./rigidity_v102_archive.pdf>] [88 <./rigidity_v102_archiv
e.pdf>] [89 <./rigidity_v102_archive.pdf>] [90 <./rigidity_v102_archive.pdf>]
[91 <./rigidity_v102_archive.pdf>] [92 <./rigidity_v102_archive.pdf>] [93 <./ri
gidity_v102_archive.pdf>] [94 <./rigidity_v102_archive.pdf>] [95 <./rigidity_v1
02_archive.pdf>] [96 <./rigidity_v102_archive.pdf>] [97 <./rigidity_v102_archiv
e.pdf>] [98 <./rigidity_v102_archive.pdf>] [99 <./rigidity_v102_archive.pdf>]
[100 <./rigidity_v102_archive.pdf>] [101 <./rigidity_v102_archive.pdf>]
[102 <./rigidity_v102_archive.pdf>] [103 <./rigidity_v102_archive.pdf>]
[104 <./rigidity_v102_archive.pdf>] [105 <./rigidity_v102_archive.pdf>]
[106 <./rigidity_v102_archive.pdf>] [107 <./rigidity_v102_archive.pdf>]
[108 <./rigidity_v102_archive.pdf>] [109 <./rigidity_v102_archive.pdf>]
[110 <./rigidity_v102_archive.pdf>] [111 <./rigidity_v102_archive.pdf>]
[112 <./rigidity_v102_archive.pdf>] [113 <./rigidity_v102_archive.pdf>]
[114 <./rigidity_v102_archive.pdf>] [115 <./rigidity_v102_archive.pdf>]
[116 <./rigidity_v102_archive.pdf>] [117 <./rigidity_v102_archive.pdf>]
[118 <./rigidity_v102_archive.pdf>] [119 <./rigidity_v102_archive.pdf>]
[120 <./rigidity_v102_archive.pdf>] [121 <./rigidity_v102_archive.pdf>]
[122 <./rigidity_v102_archive.pdf>] [123 <./rigidity_v102_archive.pdf>]
[124 <./rigidity_v102_archive.pdf>] [125 <./rigidity_v102_archive.pdf>]
[126 <./rigidity_v102_archive.pdf>] [127 <./rigidity_v102_archive.pdf>]
[128 <./rigidity_v102_archive.pdf>] [129 <./rigidity_v102_archive.pdf>]
[130 <./rigidity_v102_archive.pdf>] [131 <./rigidity_v102_archive.pdf>]
[132 <./rigidity_v102_archive.pdf>] [133 <./rigidity_v102_archive.pdf>]
[134 <./rigidity_v102_archive.pdf>] [135 <./rigidity_v102_archive.pdf>]
[136 <./rigidity_v102_archive.pdf>] [137 <./rigidity_v102_archive.pdf>]
[138 <./rigidity_v102_archive.pdf>] [139 <./rigidity_v102_archive.pdf>]
[140 <./rigidity_v102_archive.pdf>] [141 <./rigidity_v102_archive.pdf>]
[142 <./rigidity_v102_archive.pdf>] [143 <./rigidity_v102_archive.pdf>]
[144 <./rigidity_v102_archive.pdf>] [145 <./rigidity_v102_archive.pdf>]
[146 <./rigidity_v102_archive.pdf>] [147 <./rigidity_v102_archive.pdf>]
[148 <./rigidity_v102_archive.pdf>] [149 <./rigidity_v102_archive.pdf>]
[150 <./rigidity_v102_archive.pdf>] [151 <./rigidity_v102_archive.pdf>]
[152 <./rigidity_v102_archive.pdf>] [153 <./rigidity_v102_archive.pdf>]
[154 <./rigidity_v102_archive.pdf>] [155 <./rigidity_v102_archive.pdf>]
[156 <./rigidity_v102_archive.pdf>] [157 <./rigidity_v102_archive.pdf>]
[158 <./rigidity_v102_archive.pdf>] [159 <./rigidity_v102_archive.pdf>]
[160 <./rigidity_v102_archive.pdf>] [161 <./rigidity_v102_archive.pdf>]
[162 <./rigidity_v102_archive.pdf>] [163 <./rigidity_v102_archive.pdf>]
[164 <./rigidity_v102_archive.pdf>] [165 <./rigidity_v102_archive.pdf>]
[166 <./rigidity_v102_archive.pdf>] [167 <./rigidity_v102_archive.pdf>]
[168 <./rigidity_v102_archive.pdf>] [169 <./rigidity_v102_archive.pdf>]
[170 <./rigidity_v102_archive.pdf>] [171 <./rigidity_v102_archive.pdf>]
[172 <./rigidity_v102_archive.pdf>] [173 <./rigidity_v102_archive.pdf>]
[174 <./rigidity_v102_archive.pdf>] [175 <./rigidity_v102_archive.pdf>]
[176 <./rigidity_v102_archive.pdf>] [177 <./rigidity_v102_archive.pdf>]
[178 <./rigidity_v102_archive.pdf>] [179 <./rigidity_v102_archive.pdf>]
[180 <./rigidity_v102_archive.pdf>] [181 <./rigidity_v102_archive.pdf>]
[182 <./rigidity_v102_archive.pdf>] [183 <./rigidity_v102_archive.pdf>]
[184 <./rigidity_v102_archive.pdf>] [185 <./rigidity_v102_archive.pdf>]
[186 <./rigidity_v102_archive.pdf>] [187 <./rigidity_v102_archive.pdf>]
[188 <./rigidity_v102_archive.pdf>] [189 <./rigidity_v102_archive.pdf>]
[190 <./rigidity_v102_archive.pdf>] [191 <./rigidity_v102_archive.pdf>]
[192 <./rigidity_v102_archive.pdf>] [193 <./rigidity_v102_archive.pdf>]
[194 <./rigidity_v102_archive.pdf>] [195 <./rigidity_v102_archive.pdf>]
[196 <./rigidity_v102_archive.pdf>] [197 <./rigidity_v102_archive.pdf>]
[198 <./rigidity_v102_archive.pdf>] [199 <./rigidity_v102_archive.pdf>]
[200 <./rigidity_v102_archive.pdf>] [201 <./rigidity_v102_archive.pdf>]
[202 <./rigidity_v102_archive.pdf>] [203 <./rigidity_v102_archive.pdf>]
[204 <./rigidity_v102_archive.pdf>] [205 <./rigidity_v102_archive.pdf>]
[206 <./rigidity_v102_archive.pdf>] [207 <./rigidity_v102_archive.pdf>]
[208 <./rigidity_v102_archive.pdf>] [209 <./rigidity_v102_archive.pdf>]
[210 <./rigidity_v102_archive.pdf>] [211 <./rigidity_v102_archive.pdf>]
[212 <./rigidity_v102_archive.pdf>] [213 <./rigidity_v102_archive.pdf>]
[214 <./rigidity_v102_archive.pdf>] [215 <./rigidity_v102_archive.pdf>]
[216 <./rigidity_v102_archive.pdf>] [217 <./rigidity_v102_archive.pdf>]
[218 <./rigidity_v102_archive.pdf>] [219 <./rigidity_v102_archive.pdf>]
[220 <./rigidity_v102_archive.pdf>] [221 <./rigidity_v102_archive.pdf>]
[222 <./rigidity_v102_archive.pdf>] [223 <./rigidity_v102_archive.pdf>]
[224 <./rigidity_v102_archive.pdf>] [225 <./rigidity_v102_archive.pdf>]
[226 <./rigidity_v102_archive.pdf>] [227 <./rigidity_v102_archive.pdf>]
[228 <./rigidity_v102_archive.pdf>] [229 <./rigidity_v102_archive.pdf>]
[230 <./rigidity_v102_archive.pdf>] [231 <./rigidity_v102_archive.pdf>]
[232 <./rigidity_v102_archive.pdf>] [233 <./rigidity_v102_archive.pdf>]
[234 <./rigidity_v102_archive.pdf>] [235 <./rigidity_v102_archive.pdf>]
[236 <./rigidity_v102_archive.pdf>] [237 <./rigidity_v102_archive.pdf>]
[238 <./rigidity_v102_archive.pdf>] [239 <./rigidity_v102_archive.pdf>]
[240 <./rigidity_v102_archive.pdf>] [241 <./rigidity_v102_archive.pdf>]
[242 <./rigidity_v102_archive.pdf>] [243 <./rigidity_v102_archive.pdf>]
[244 <./rigidity_v102_archive.pdf>] [245 <./rigidity_v102_archive.pdf>]
[246 <./rigidity_v102_archive.pdf>] [247 <./rigidity_v102_archive.pdf>]
[248 <./rigidity_v102_archive.pdf>] [249 <./rigidity_v102_archive.pdf>]
[250 <./rigidity_v102_archive.pdf>] [251 <./rigidity_v102_archive.pdf>]
[252 <./rigidity_v102_archive.pdf>] [253 <./rigidity_v102_archive.pdf>]
[254 <./rigidity_v102_archive.pdf>] [255 <./rigidity_v102_archive.pdf>]
[256 <./rigidity_v102_archive.pdf>] [257 <./rigidity_v102_archive.pdf>]
[258 <./rigidity_v102_archive.pdf>] [259 <./rigidity_v102_archive.pdf>]
[260 <./rigidity_v102_archive.pdf>] [261 <./rigidity_v102_archive.pdf>]
[262 <./rigidity_v102_archive.pdf>] [263 <./rigidity_v102_archive.pdf>]
[264 <./rigidity_v102_archive.pdf>] [265 <./rigidity_v102_archive.pdf>]
[266 <./rigidity_v102_archive.pdf>] [267 <./rigidity_v102_archive.pdf>]
[268 <./rigidity_v102_archive.pdf>] [269 <./rigidity_v102_archive.pdf>]
[270 <./rigidity_v102_archive.pdf>] [271 <./rigidity_v102_archive.pdf>]
[272 <./rigidity_v102_archive.pdf>] [273 <./rigidity_v102_archive.pdf>]
[274 <./rigidity_v102_archive.pdf>] [275 <./rigidity_v102_archive.pdf>]
[276 <./rigidity_v102_archive.pdf>] [277 <./rigidity_v102_archive.pdf>]
[278 <./rigidity_v102_archive.pdf>] [279 <./rigidity_v102_archive.pdf>]
[280 <./rigidity_v102_archive.pdf>] [281 <./rigidity_v102_archive.pdf>]
[282 <./rigidity_v102_archive.pdf>] [283 <./rigidity_v102_archive.pdf>]
(./rigidity_v103_archive.aux)

Package rerunfilecheck Warning: File `rigidity_v103_archive.out' has changed.
(rerunfilecheck)                Rerun to get outlines right
(rerunfilecheck)                or use package `bookmark'.

 ) )</usr/share/texmf/fonts/type1/public/lm/lmbx10.pfb></usr/share/texmf/fonts/
type1/public/lm/lmcsc10.pfb></usr/share/texmf/fonts/type1/public/lm/lmex10.pfb>
</usr/share/texmf/fonts/type1/public/lm/lmmi10.pfb></usr/share/texmf/fonts/type
1/public/lm/lmmi6.pfb></usr/share/texmf/fonts/type1/public/lm/lmmi8.pfb></usr/s
hare/texmf/fonts/type1/public/lm/lmr10.pfb></usr/share/texmf/fonts/type1/public
/lm/lmr6.pfb></usr/share/texmf/fonts/type1/public/lm/lmr8.pfb></usr/share/texmf
/fonts/type1/public/lm/lmr9.pfb></usr/share/texmf/fonts/type1/public/lm/lmri10.
pfb></usr/share/texmf/fonts/type1/public/lm/lmri9.pfb></usr/share/texmf/fonts/t
ype1/public/lm/lmss8.pfb></usr/share/texmf/fonts/type1/public/lm/lmsy10.pfb></u
sr/share/texmf/fonts/type1/public/lm/lmsy6.pfb></usr/share/texmf/fonts/type1/pu
blic/lm/lmsy8.pfb></usr/share/texlive/texmf-dist/fonts/type1/public/amsfonts/sy
mbols/msam10.pfb></usr/share/texlive/texmf-dist/fonts/type1/public/amsfonts/sym
bols/msbm10.pfb></usr/share/texlive/texmf-dist/fonts/type1/public/rsfs/rsfs10.p
fb>
Output written on rigidity_v103_archive.pdf (283 pages, 4417921 bytes).
Transcript written on rigidity_v103_archive.log.
Latexmk: Getting log file 'rigidity_v103_archive.log'
Latexmk: Examining 'rigidity_v103_archive.fls'
Latexmk: Examining 'rigidity_v103_archive.log'
Latexmk: References changed.
Latexmk: Log file says output to 'rigidity_v103_archive.pdf'
Latexmk: applying rule 'pdflatex'...
Rule 'pdflatex':  Reasons for rerun
Changed files or newly in use/created:
  rigidity_v103_archive.aux
  rigidity_v103_archive.out

------------
Run number 2 of rule 'pdflatex'
------------
------------
Running 'pdflatex  -interaction=nonstopmode -halt-on-error -file-line-error -recorder  "rigidity_v103_archive.tex"'
------------
This is pdfTeX, Version 3.141592653-2.6-1.40.25 (TeX Live 2023/Debian) (preloaded format=pdflatex)
 restricted \write18 enabled.
entering extended mode
(./rigidity_v103_archive.tex
LaTeX2e <2023-11-01> patch level 1
L3 programming layer <2024-01-22>
(./rigidity_v102_complete.tex
(/usr/share/texlive/texmf-dist/tex/latex/base/article.cls
Document Class: article 2023/05/17 v1.4n Standard LaTeX document class
(/usr/share/texlive/texmf-dist/tex/latex/base/size11.clo))
(/usr/share/texlive/texmf-dist/tex/latex/pdfpages/pdfpages.sty
(/usr/share/texlive/texmf-dist/tex/latex/base/ifthen.sty)
(/usr/share/texlive/texmf-dist/tex/latex/tools/calc.sty)
(/usr/share/texlive/texmf-dist/tex/latex/eso-pic/eso-pic.sty
(/usr/share/texlive/texmf-dist/tex/latex/graphics/keyval.sty)
(/usr/share/texlive/texmf-dist/tex/latex/xcolor/xcolor.sty
(/usr/share/texlive/texmf-dist/tex/latex/graphics-cfg/color.cfg)
(/usr/share/texlive/texmf-dist/tex/latex/graphics-def/pdftex.def)
(/usr/share/texlive/texmf-dist/tex/latex/graphics/mathcolor.ltx)))
(/usr/share/texlive/texmf-dist/tex/latex/graphics/graphicx.sty
(/usr/share/texlive/texmf-dist/tex/latex/graphics/graphics.sty
(/usr/share/texlive/texmf-dist/tex/latex/graphics/trig.sty)
(/usr/share/texlive/texmf-dist/tex/latex/graphics-cfg/graphics.cfg)))
(/usr/share/texlive/texmf-dist/tex/latex/pdfpages/pppdftex.def))
(/usr/share/texlive/texmf-dist/tex/latex/hyperref/hyperref.sty
(/usr/share/texlive/texmf-dist/tex/generic/iftex/iftex.sty)
(/usr/share/texlive/texmf-dist/tex/latex/kvsetkeys/kvsetkeys.sty)
(/usr/share/texlive/texmf-dist/tex/generic/kvdefinekeys/kvdefinekeys.sty)
(/usr/share/texlive/texmf-dist/tex/generic/pdfescape/pdfescape.sty
(/usr/share/texlive/texmf-dist/tex/generic/ltxcmds/ltxcmds.sty)
(/usr/share/texlive/texmf-dist/tex/generic/pdftexcmds/pdftexcmds.sty
(/usr/share/texlive/texmf-dist/tex/generic/infwarerr/infwarerr.sty)))
(/usr/share/texlive/texmf-dist/tex/latex/hycolor/hycolor.sty)
(/usr/share/texlive/texmf-dist/tex/latex/auxhook/auxhook.sty)
(/usr/share/texlive/texmf-dist/tex/latex/hyperref/nameref.sty
(/usr/share/texlive/texmf-dist/tex/latex/refcount/refcount.sty)
(/usr/share/texlive/texmf-dist/tex/generic/gettitlestring/gettitlestring.sty
(/usr/share/texlive/texmf-dist/tex/latex/kvoptions/kvoptions.sty)))
(/usr/share/texlive/texmf-dist/tex/latex/etoolbox/etoolbox.sty)
(/usr/share/texlive/texmf-dist/tex/latex/hyperref/pd1enc.def)
(/usr/share/texlive/texmf-dist/tex/generic/intcalc/intcalc.sty)
(/usr/share/texlive/texmf-dist/tex/latex/hyperref/puenc.def)
(/usr/share/texlive/texmf-dist/tex/latex/url/url.sty)
(/usr/share/texlive/texmf-dist/tex/generic/bitset/bitset.sty
(/usr/share/texlive/texmf-dist/tex/generic/bigintcalc/bigintcalc.sty))
(/usr/share/texlive/texmf-dist/tex/latex/base/atbegshi-ltx.sty))
(/usr/share/texlive/texmf-dist/tex/latex/hyperref/hpdftex.def
(/usr/share/texlive/texmf-dist/tex/latex/base/atveryend-ltx.sty)
(/usr/share/texlive/texmf-dist/tex/latex/rerunfilecheck/rerunfilecheck.sty
(/usr/share/texlive/texmf-dist/tex/generic/uniquecounter/uniquecounter.sty)))
(/usr/share/texlive/texmf-dist/tex/latex/l3backend/l3backend-pdftex.def)
(./rigidity_v103_archive.aux)
(/usr/share/texlive/texmf-dist/tex/context/base/mkii/supp-pdf.mkii
[Loading MPS to PDF converter (version 2006.09.02).]
) (/usr/share/texlive/texmf-dist/tex/latex/epstopdf-pkg/epstopdf-base.sty
(/usr/share/texlive/texmf-dist/tex/latex/latexconfig/epstopdf-sys.cfg))
(/usr/share/texlive/texmf-dist/tex/latex/pdflscape/pdflscape.sty
(/usr/share/texlive/texmf-dist/tex/latex/pdflscape/pdflscape-nometadata.sty
(/usr/share/texlive/texmf-dist/tex/latex/graphics/lscape.sty)))
(./rigidity_v103_archive.out) (./rigidity_v103_archive.out) [1 <./rigidity_v102
.pdf{/var/lib/texmf/fonts/map/pdftex/updmap/pdftex.map}>] [2 <./rigidity_v102.p
df>] [3 <./rigidity_v102.pdf>] [4 <./rigidity_v102.pdf>] [5 <./rigidity_v102.pd
f>] [6 <./rigidity_v102.pdf>] [7 <./rigidity_v102.pdf>] [8 <./rigidity_v102.pdf
>] [9 <./rigidity_v102.pdf>] [10 <./rigidity_v102.pdf>] [11 <./rigidity_v102.pd
f>] [12 <./rigidity_v102.pdf>] [13 <./rigidity_v102.pdf>] [14 <./rigidity_v102_
archive.pdf>] [15 <./rigidity_v102_archive.pdf>] [16 <./rigidity_v102_archive.p
df>] [17 <./rigidity_v102_archive.pdf>] [18 <./rigidity_v102_archive.pdf>]
[19 <./rigidity_v102_archive.pdf>] [20 <./rigidity_v102_archive.pdf>] [21 <./ri
gidity_v102_archive.pdf>] [22 <./rigidity_v102_archive.pdf>] [23 <./rigidity_v1
02_archive.pdf>] [24 <./rigidity_v102_archive.pdf>] [25 <./rigidity_v102_archiv
e.pdf>] [26 <./rigidity_v102_archive.pdf>] [27 <./rigidity_v102_archive.pdf>]
[28 <./rigidity_v102_archive.pdf>] [29 <./rigidity_v102_archive.pdf>] [30 <./ri
gidity_v102_archive.pdf>] [31 <./rigidity_v102_archive.pdf>] [32 <./rigidity_v1
02_archive.pdf>] [33 <./rigidity_v102_archive.pdf>] [34 <./rigidity_v102_archiv
e.pdf>] [35 <./rigidity_v102_archive.pdf>] [36 <./rigidity_v102_archive.pdf>]
[37 <./rigidity_v102_archive.pdf>] [38 <./rigidity_v102_archive.pdf>] [39 <./ri
gidity_v102_archive.pdf>] [40 <./rigidity_v102_archive.pdf>] [41 <./rigidity_v1
02_archive.pdf>] [42 <./rigidity_v102_archive.pdf>] [43 <./rigidity_v102_archiv
e.pdf>] [44 <./rigidity_v102_archive.pdf>] [45 <./rigidity_v102_archive.pdf>]
[46 <./rigidity_v102_archive.pdf>] [47 <./rigidity_v102_archive.pdf>] [48 <./ri
gidity_v102_archive.pdf>] [49 <./rigidity_v102_archive.pdf>] [50 <./rigidity_v1
02_archive.pdf>] [51 <./rigidity_v102_archive.pdf>] [52 <./rigidity_v102_archiv
e.pdf>] [53 <./rigidity_v102_archive.pdf>] [54 <./rigidity_v102_archive.pdf>]
[55 <./rigidity_v102_archive.pdf>] [56 <./rigidity_v102_archive.pdf>] [57 <./ri
gidity_v102_archive.pdf>] [58 <./rigidity_v102_archive.pdf>] [59 <./rigidity_v1
02_archive.pdf>] [60 <./rigidity_v102_archive.pdf>] [61 <./rigidity_v102_archiv
e.pdf>] [62 <./rigidity_v102_archive.pdf>] [63 <./rigidity_v102_archive.pdf>]
[64 <./rigidity_v102_archive.pdf>] [65 <./rigidity_v102_archive.pdf>] [66 <./ri
gidity_v102_archive.pdf>] [67 <./rigidity_v102_archive.pdf>] [68 <./rigidity_v1
02_archive.pdf>] [69 <./rigidity_v102_archive.pdf>] [70 <./rigidity_v102_archiv
e.pdf>] [71 <./rigidity_v102_archive.pdf>] [72 <./rigidity_v102_archive.pdf>]
[73 <./rigidity_v102_archive.pdf>] [74 <./rigidity_v102_archive.pdf>] [75 <./ri
gidity_v102_archive.pdf>] [76 <./rigidity_v102_archive.pdf>] [77 <./rigidity_v1
02_archive.pdf>] [78 <./rigidity_v102_archive.pdf>] [79 <./rigidity_v102_archiv
e.pdf>] [80 <./rigidity_v102_archive.pdf>] [81 <./rigidity_v102_archive.pdf>]
[82 <./rigidity_v102_archive.pdf>] [83 <./rigidity_v102_archive.pdf>] [84 <./ri
gidity_v102_archive.pdf>] [85 <./rigidity_v102_archive.pdf>] [86 <./rigidity_v1
02_archive.pdf>] [87 <./rigidity_v102_archive.pdf>] [88 <./rigidity_v102_archiv
e.pdf>] [89 <./rigidity_v102_archive.pdf>] [90 <./rigidity_v102_archive.pdf>]
[91 <./rigidity_v102_archive.pdf>] [92 <./rigidity_v102_archive.pdf>] [93 <./ri
gidity_v102_archive.pdf>] [94 <./rigidity_v102_archive.pdf>] [95 <./rigidity_v1
02_archive.pdf>] [96 <./rigidity_v102_archive.pdf>] [97 <./rigidity_v102_archiv
e.pdf>] [98 <./rigidity_v102_archive.pdf>] [99 <./rigidity_v102_archive.pdf>]
[100 <./rigidity_v102_archive.pdf>] [101 <./rigidity_v102_archive.pdf>]
[102 <./rigidity_v102_archive.pdf>] [103 <./rigidity_v102_archive.pdf>]
[104 <./rigidity_v102_archive.pdf>] [105 <./rigidity_v102_archive.pdf>]
[106 <./rigidity_v102_archive.pdf>] [107 <./rigidity_v102_archive.pdf>]
[108 <./rigidity_v102_archive.pdf>] [109 <./rigidity_v102_archive.pdf>]
[110 <./rigidity_v102_archive.pdf>] [111 <./rigidity_v102_archive.pdf>]
[112 <./rigidity_v102_archive.pdf>] [113 <./rigidity_v102_archive.pdf>]
[114 <./rigidity_v102_archive.pdf>] [115 <./rigidity_v102_archive.pdf>]
[116 <./rigidity_v102_archive.pdf>] [117 <./rigidity_v102_archive.pdf>]
[118 <./rigidity_v102_archive.pdf>] [119 <./rigidity_v102_archive.pdf>]
[120 <./rigidity_v102_archive.pdf>] [121 <./rigidity_v102_archive.pdf>]
[122 <./rigidity_v102_archive.pdf>] [123 <./rigidity_v102_archive.pdf>]
[124 <./rigidity_v102_archive.pdf>] [125 <./rigidity_v102_archive.pdf>]
[126 <./rigidity_v102_archive.pdf>] [127 <./rigidity_v102_archive.pdf>]
[128 <./rigidity_v102_archive.pdf>] [129 <./rigidity_v102_archive.pdf>]
[130 <./rigidity_v102_archive.pdf>] [131 <./rigidity_v102_archive.pdf>]
[132 <./rigidity_v102_archive.pdf>] [133 <./rigidity_v102_archive.pdf>]
[134 <./rigidity_v102_archive.pdf>] [135 <./rigidity_v102_archive.pdf>]
[136 <./rigidity_v102_archive.pdf>] [137 <./rigidity_v102_archive.pdf>]
[138 <./rigidity_v102_archive.pdf>] [139 <./rigidity_v102_archive.pdf>]
[140 <./rigidity_v102_archive.pdf>] [141 <./rigidity_v102_archive.pdf>]
[142 <./rigidity_v102_archive.pdf>] [143 <./rigidity_v102_archive.pdf>]
[144 <./rigidity_v102_archive.pdf>] [145 <./rigidity_v102_archive.pdf>]
[146 <./rigidity_v102_archive.pdf>] [147 <./rigidity_v102_archive.pdf>]
[148 <./rigidity_v102_archive.pdf>] [149 <./rigidity_v102_archive.pdf>]
[150 <./rigidity_v102_archive.pdf>] [151 <./rigidity_v102_archive.pdf>]
[152 <./rigidity_v102_archive.pdf>] [153 <./rigidity_v102_archive.pdf>]
[154 <./rigidity_v102_archive.pdf>] [155 <./rigidity_v102_archive.pdf>]
[156 <./rigidity_v102_archive.pdf>] [157 <./rigidity_v102_archive.pdf>]
[158 <./rigidity_v102_archive.pdf>] [159 <./rigidity_v102_archive.pdf>]
[160 <./rigidity_v102_archive.pdf>] [161 <./rigidity_v102_archive.pdf>]
[162 <./rigidity_v102_archive.pdf>] [163 <./rigidity_v102_archive.pdf>]
[164 <./rigidity_v102_archive.pdf>] [165 <./rigidity_v102_archive.pdf>]
[166 <./rigidity_v102_archive.pdf>] [167 <./rigidity_v102_archive.pdf>]
[168 <./rigidity_v102_archive.pdf>] [169 <./rigidity_v102_archive.pdf>]
[170 <./rigidity_v102_archive.pdf>] [171 <./rigidity_v102_archive.pdf>]
[172 <./rigidity_v102_archive.pdf>] [173 <./rigidity_v102_archive.pdf>]
[174 <./rigidity_v102_archive.pdf>] [175 <./rigidity_v102_archive.pdf>]
[176 <./rigidity_v102_archive.pdf>] [177 <./rigidity_v102_archive.pdf>]
[178 <./rigidity_v102_archive.pdf>] [179 <./rigidity_v102_archive.pdf>]
[180 <./rigidity_v102_archive.pdf>] [181 <./rigidity_v102_archive.pdf>]
[182 <./rigidity_v102_archive.pdf>] [183 <./rigidity_v102_archive.pdf>]
[184 <./rigidity_v102_archive.pdf>] [185 <./rigidity_v102_archive.pdf>]
[186 <./rigidity_v102_archive.pdf>] [187 <./rigidity_v102_archive.pdf>]
[188 <./rigidity_v102_archive.pdf>] [189 <./rigidity_v102_archive.pdf>]
[190 <./rigidity_v102_archive.pdf>] [191 <./rigidity_v102_archive.pdf>]
[192 <./rigidity_v102_archive.pdf>] [193 <./rigidity_v102_archive.pdf>]
[194 <./rigidity_v102_archive.pdf>] [195 <./rigidity_v102_archive.pdf>]
[196 <./rigidity_v102_archive.pdf>] [197 <./rigidity_v102_archive.pdf>]
[198 <./rigidity_v102_archive.pdf>] [199 <./rigidity_v102_archive.pdf>]
[200 <./rigidity_v102_archive.pdf>] [201 <./rigidity_v102_archive.pdf>]
[202 <./rigidity_v102_archive.pdf>] [203 <./rigidity_v102_archive.pdf>]
[204 <./rigidity_v102_archive.pdf>] [205 <./rigidity_v102_archive.pdf>]
[206 <./rigidity_v102_archive.pdf>] [207 <./rigidity_v102_archive.pdf>]
[208 <./rigidity_v102_archive.pdf>] [209 <./rigidity_v102_archive.pdf>]
[210 <./rigidity_v102_archive.pdf>] [211 <./rigidity_v102_archive.pdf>]
[212 <./rigidity_v102_archive.pdf>] [213 <./rigidity_v102_archive.pdf>]
[214 <./rigidity_v102_archive.pdf>] [215 <./rigidity_v102_archive.pdf>]
[216 <./rigidity_v102_archive.pdf>] [217 <./rigidity_v102_archive.pdf>]
[218 <./rigidity_v102_archive.pdf>] [219 <./rigidity_v102_archive.pdf>]
[220 <./rigidity_v102_archive.pdf>] [221 <./rigidity_v102_archive.pdf>]
[222 <./rigidity_v102_archive.pdf>] [223 <./rigidity_v102_archive.pdf>]
[224 <./rigidity_v102_archive.pdf>] [225 <./rigidity_v102_archive.pdf>]
[226 <./rigidity_v102_archive.pdf>] [227 <./rigidity_v102_archive.pdf>]
[228 <./rigidity_v102_archive.pdf>] [229 <./rigidity_v102_archive.pdf>]
[230 <./rigidity_v102_archive.pdf>] [231 <./rigidity_v102_archive.pdf>]
[232 <./rigidity_v102_archive.pdf>] [233 <./rigidity_v102_archive.pdf>]
[234 <./rigidity_v102_archive.pdf>] [235 <./rigidity_v102_archive.pdf>]
[236 <./rigidity_v102_archive.pdf>] [237 <./rigidity_v102_archive.pdf>]
[238 <./rigidity_v102_archive.pdf>] [239 <./rigidity_v102_archive.pdf>]
[240 <./rigidity_v102_archive.pdf>] [241 <./rigidity_v102_archive.pdf>]
[242 <./rigidity_v102_archive.pdf>] [243 <./rigidity_v102_archive.pdf>]
[244 <./rigidity_v102_archive.pdf>] [245 <./rigidity_v102_archive.pdf>]
[246 <./rigidity_v102_archive.pdf>] [247 <./rigidity_v102_archive.pdf>]
[248 <./rigidity_v102_archive.pdf>] [249 <./rigidity_v102_archive.pdf>]
[250 <./rigidity_v102_archive.pdf>] [251 <./rigidity_v102_archive.pdf>]
[252 <./rigidity_v102_archive.pdf>] [253 <./rigidity_v102_archive.pdf>]
[254 <./rigidity_v102_archive.pdf>] [255 <./rigidity_v102_archive.pdf>]
[256 <./rigidity_v102_archive.pdf>] [257 <./rigidity_v102_archive.pdf>]
[258 <./rigidity_v102_archive.pdf>] [259 <./rigidity_v102_archive.pdf>]
[260 <./rigidity_v102_archive.pdf>] [261 <./rigidity_v102_archive.pdf>]
[262 <./rigidity_v102_archive.pdf>] [263 <./rigidity_v102_archive.pdf>]
[264 <./rigidity_v102_archive.pdf>] [265 <./rigidity_v102_archive.pdf>]
[266 <./rigidity_v102_archive.pdf>] [267 <./rigidity_v102_archive.pdf>]
[268 <./rigidity_v102_archive.pdf>] [269 <./rigidity_v102_archive.pdf>]
[270 <./rigidity_v102_archive.pdf>] [271 <./rigidity_v102_archive.pdf>]
[272 <./rigidity_v102_archive.pdf>] [273 <./rigidity_v102_archive.pdf>]
[274 <./rigidity_v102_archive.pdf>] [275 <./rigidity_v102_archive.pdf>]
[276 <./rigidity_v102_archive.pdf>] [277 <./rigidity_v102_archive.pdf>]
[278 <./rigidity_v102_archive.pdf>] [279 <./rigidity_v102_archive.pdf>]
[280 <./rigidity_v102_archive.pdf>] [281 <./rigidity_v102_archive.pdf>]
[282 <./rigidity_v102_archive.pdf>] [283 <./rigidity_v102_archive.pdf>]
(./rigidity_v103_archive.aux) ) )</usr/share/texmf/fonts/type1/public/lm/lmbx10
.pfb></usr/share/texmf/fonts/type1/public/lm/lmcsc10.pfb></usr/share/texmf/font
s/type1/public/lm/lmex10.pfb></usr/share/texmf/fonts/type1/public/lm/lmmi10.pfb
></usr/share/texmf/fonts/type1/public/lm/lmmi6.pfb></usr/share/texmf/fonts/type
1/public/lm/lmmi8.pfb></usr/share/texmf/fonts/type1/public/lm/lmr10.pfb></usr/s
hare/texmf/fonts/type1/public/lm/lmr6.pfb></usr/share/texmf/fonts/type1/public/
lm/lmr8.pfb></usr/share/texmf/fonts/type1/public/lm/lmr9.pfb></usr/share/texmf/
fonts/type1/public/lm/lmri10.pfb></usr/share/texmf/fonts/type1/public/lm/lmri9.
pfb></usr/share/texmf/fonts/type1/public/lm/lmss8.pfb></usr/share/texmf/fonts/t
ype1/public/lm/lmsy10.pfb></usr/share/texmf/fonts/type1/public/lm/lmsy6.pfb></u
sr/share/texmf/fonts/type1/public/lm/lmsy8.pfb></usr/share/texlive/texmf-dist/f
onts/type1/public/amsfonts/symbols/msam10.pfb></usr/share/texlive/texmf-dist/fo
nts/type1/public/amsfonts/symbols/msbm10.pfb></usr/share/texlive/texmf-dist/fon
ts/type1/public/rsfs/rsfs10.pfb>
Output written on rigidity_v103_archive.pdf (283 pages, 4417921 bytes).
Transcript written on rigidity_v103_archive.log.
Latexmk: Getting log file 'rigidity_v103_archive.log'
Latexmk: Examining 'rigidity_v103_archive.fls'
Latexmk: Examining 'rigidity_v103_archive.log'
Latexmk: Log file says output to 'rigidity_v103_archive.pdf'
Latexmk: All targets (rigidity_v103_archive.pdf) are up-to-date

Rc files read:
  /etc/LatexMk
Latexmk: This is Latexmk, John Collins, 31 Jan. 2024. Version 4.83.
No existing .aux file, so I'll make a simple one, and require run of *latex.
Force everything to be remade.
Latexmk: applying rule 'pdflatex'...
Rule 'pdflatex':  Reasons for rerun
Category 'other':
  Rerun of 'pdflatex' forced or previously required:
    Reason or flag: 'go_mode'

------------
Run number 1 of rule 'pdflatex'
------------
------------
Running 'pdflatex  -interaction=nonstopmode -halt-on-error -file-line-error -recorder  "rigidity_v103_complete.tex"'
------------
This is pdfTeX, Version 3.141592653-2.6-1.40.25 (TeX Live 2023/Debian) (preloaded format=pdflatex)
 restricted \write18 enabled.
entering extended mode
(./rigidity_v103_complete.tex
LaTeX2e <2023-11-01> patch level 1
L3 programming layer <2024-01-22>
(/usr/share/texlive/texmf-dist/tex/latex/base/article.cls
Document Class: article 2023/05/17 v1.4n Standard LaTeX document class
(/usr/share/texlive/texmf-dist/tex/latex/base/size11.clo))
(/usr/share/texlive/texmf-dist/tex/latex/pdfpages/pdfpages.sty
(/usr/share/texlive/texmf-dist/tex/latex/base/ifthen.sty)
(/usr/share/texlive/texmf-dist/tex/latex/tools/calc.sty)
(/usr/share/texlive/texmf-dist/tex/latex/eso-pic/eso-pic.sty
(/usr/share/texlive/texmf-dist/tex/latex/graphics/keyval.sty)
(/usr/share/texlive/texmf-dist/tex/latex/xcolor/xcolor.sty
(/usr/share/texlive/texmf-dist/tex/latex/graphics-cfg/color.cfg)
(/usr/share/texlive/texmf-dist/tex/latex/graphics-def/pdftex.def)
(/usr/share/texlive/texmf-dist/tex/latex/graphics/mathcolor.ltx)))
(/usr/share/texlive/texmf-dist/tex/latex/graphics/graphicx.sty
(/usr/share/texlive/texmf-dist/tex/latex/graphics/graphics.sty
(/usr/share/texlive/texmf-dist/tex/latex/graphics/trig.sty)
(/usr/share/texlive/texmf-dist/tex/latex/graphics-cfg/graphics.cfg)))
(/usr/share/texlive/texmf-dist/tex/latex/pdfpages/pppdftex.def))
(/usr/share/texlive/texmf-dist/tex/latex/hyperref/hyperref.sty
(/usr/share/texlive/texmf-dist/tex/generic/iftex/iftex.sty)
(/usr/share/texlive/texmf-dist/tex/latex/kvsetkeys/kvsetkeys.sty)
(/usr/share/texlive/texmf-dist/tex/generic/kvdefinekeys/kvdefinekeys.sty)
(/usr/share/texlive/texmf-dist/tex/generic/pdfescape/pdfescape.sty
(/usr/share/texlive/texmf-dist/tex/generic/ltxcmds/ltxcmds.sty)
(/usr/share/texlive/texmf-dist/tex/generic/pdftexcmds/pdftexcmds.sty
(/usr/share/texlive/texmf-dist/tex/generic/infwarerr/infwarerr.sty)))
(/usr/share/texlive/texmf-dist/tex/latex/hycolor/hycolor.sty)
(/usr/share/texlive/texmf-dist/tex/latex/auxhook/auxhook.sty)
(/usr/share/texlive/texmf-dist/tex/latex/hyperref/nameref.sty
(/usr/share/texlive/texmf-dist/tex/latex/refcount/refcount.sty)
(/usr/share/texlive/texmf-dist/tex/generic/gettitlestring/gettitlestring.sty
(/usr/share/texlive/texmf-dist/tex/latex/kvoptions/kvoptions.sty)))
(/usr/share/texlive/texmf-dist/tex/latex/etoolbox/etoolbox.sty)
(/usr/share/texlive/texmf-dist/tex/latex/hyperref/pd1enc.def)
(/usr/share/texlive/texmf-dist/tex/generic/intcalc/intcalc.sty)
(/usr/share/texlive/texmf-dist/tex/latex/hyperref/puenc.def)
(/usr/share/texlive/texmf-dist/tex/latex/url/url.sty)
(/usr/share/texlive/texmf-dist/tex/generic/bitset/bitset.sty
(/usr/share/texlive/texmf-dist/tex/generic/bigintcalc/bigintcalc.sty))
(/usr/share/texlive/texmf-dist/tex/latex/base/atbegshi-ltx.sty))
(/usr/share/texlive/texmf-dist/tex/latex/hyperref/hpdftex.def
(/usr/share/texlive/texmf-dist/tex/latex/base/atveryend-ltx.sty)
(/usr/share/texlive/texmf-dist/tex/latex/rerunfilecheck/rerunfilecheck.sty
(/usr/share/texlive/texmf-dist/tex/generic/uniquecounter/uniquecounter.sty)))
(/usr/share/texlive/texmf-dist/tex/latex/l3backend/l3backend-pdftex.def)
(./rigidity_v103_complete.aux)
(/usr/share/texlive/texmf-dist/tex/context/base/mkii/supp-pdf.mkii
[Loading MPS to PDF converter (version 2006.09.02).]
) (/usr/share/texlive/texmf-dist/tex/latex/epstopdf-pkg/epstopdf-base.sty
(/usr/share/texlive/texmf-dist/tex/latex/latexconfig/epstopdf-sys.cfg))
(/usr/share/texlive/texmf-dist/tex/latex/pdflscape/pdflscape.sty
(/usr/share/texlive/texmf-dist/tex/latex/pdflscape/pdflscape-nometadata.sty
(/usr/share/texlive/texmf-dist/tex/latex/graphics/lscape.sty))) [1 <./rigidity_
v103.pdf{/var/lib/texmf/fonts/map/pdftex/updmap/pdftex.map}>] [2 <./rigidity_v1
03.pdf>] [3 <./rigidity_v103.pdf>] [4 <./rigidity_v103.pdf>] [5 <./rigidity_v10
3.pdf>] [6 <./rigidity_v103.pdf>] [7 <./rigidity_v103.pdf>] [8 <./rigidity_v103
.pdf>] [9 <./rigidity_v103.pdf>] [10 <./rigidity_v103.pdf>] [11 <./rigidity_v10
3.pdf>] [12 <./rigidity_v103.pdf>] [13 <./rigidity_v103.pdf>] [14 <./rigidity_v
103.pdf>] [15 <./rigidity_v103.pdf>] [16 <./rigidity_v103.pdf>] [17 <./rigidity
_v103.pdf>] [18 <./rigidity_v103.pdf>] [19 <./rigidity_v103_archive.pdf>]
[20 <./rigidity_v103_archive.pdf>] [21 <./rigidity_v103_archive.pdf>] [22 <./ri
gidity_v103_archive.pdf>] [23 <./rigidity_v103_archive.pdf>] [24 <./rigidity_v1
03_archive.pdf>] [25 <./rigidity_v103_archive.pdf>] [26 <./rigidity_v103_archiv
e.pdf>] [27 <./rigidity_v103_archive.pdf>] [28 <./rigidity_v103_archive.pdf>]
[29 <./rigidity_v103_archive.pdf>] [30 <./rigidity_v103_archive.pdf>] [31 <./ri
gidity_v103_archive.pdf>] [32 <./rigidity_v103_archive.pdf>] [33 <./rigidity_v1
03_archive.pdf>] [34 <./rigidity_v103_archive.pdf>] [35 <./rigidity_v103_archiv
e.pdf>] [36 <./rigidity_v103_archive.pdf>] [37 <./rigidity_v103_archive.pdf>]
[38 <./rigidity_v103_archive.pdf>] [39 <./rigidity_v103_archive.pdf>] [40 <./ri
gidity_v103_archive.pdf>] [41 <./rigidity_v103_archive.pdf>] [42 <./rigidity_v1
03_archive.pdf>] [43 <./rigidity_v103_archive.pdf>] [44 <./rigidity_v103_archiv
e.pdf>] [45 <./rigidity_v103_archive.pdf>] [46 <./rigidity_v103_archive.pdf>]
[47 <./rigidity_v103_archive.pdf>] [48 <./rigidity_v103_archive.pdf>] [49 <./ri
gidity_v103_archive.pdf>] [50 <./rigidity_v103_archive.pdf>] [51 <./rigidity_v1
03_archive.pdf>] [52 <./rigidity_v103_archive.pdf>] [53 <./rigidity_v103_archiv
e.pdf>] [54 <./rigidity_v103_archive.pdf>] [55 <./rigidity_v103_archive.pdf>]
[56 <./rigidity_v103_archive.pdf>] [57 <./rigidity_v103_archive.pdf>] [58 <./ri
gidity_v103_archive.pdf>] [59 <./rigidity_v103_archive.pdf>] [60 <./rigidity_v1
03_archive.pdf>] [61 <./rigidity_v103_archive.pdf>] [62 <./rigidity_v103_archiv
e.pdf>] [63 <./rigidity_v103_archive.pdf>] [64 <./rigidity_v103_archive.pdf>]
[65 <./rigidity_v103_archive.pdf>] [66 <./rigidity_v103_archive.pdf>] [67 <./ri
gidity_v103_archive.pdf>] [68 <./rigidity_v103_archive.pdf>] [69 <./rigidity_v1
03_archive.pdf>] [70 <./rigidity_v103_archive.pdf>] [71 <./rigidity_v103_archiv
e.pdf>] [72 <./rigidity_v103_archive.pdf>] [73 <./rigidity_v103_archive.pdf>]
[74 <./rigidity_v103_archive.pdf>] [75 <./rigidity_v103_archive.pdf>] [76 <./ri
gidity_v103_archive.pdf>] [77 <./rigidity_v103_archive.pdf>] [78 <./rigidity_v1
03_archive.pdf>] [79 <./rigidity_v103_archive.pdf>] [80 <./rigidity_v103_archiv
e.pdf>] [81 <./rigidity_v103_archive.pdf>] [82 <./rigidity_v103_archive.pdf>]
[83 <./rigidity_v103_archive.pdf>] [84 <./rigidity_v103_archive.pdf>] [85 <./ri
gidity_v103_archive.pdf>] [86 <./rigidity_v103_archive.pdf>] [87 <./rigidity_v1
03_archive.pdf>] [88 <./rigidity_v103_archive.pdf>] [89 <./rigidity_v103_archiv
e.pdf>] [90 <./rigidity_v103_archive.pdf>] [91 <./rigidity_v103_archive.pdf>]
[92 <./rigidity_v103_archive.pdf>] [93 <./rigidity_v103_archive.pdf>] [94 <./ri
gidity_v103_archive.pdf>] [95 <./rigidity_v103_archive.pdf>] [96 <./rigidity_v1
03_archive.pdf>] [97 <./rigidity_v103_archive.pdf>] [98 <./rigidity_v103_archiv
e.pdf>] [99 <./rigidity_v103_archive.pdf>] [100 <./rigidity_v103_archive.pdf>]
[101 <./rigidity_v103_archive.pdf>] [102 <./rigidity_v103_archive.pdf>]
[103 <./rigidity_v103_archive.pdf>] [104 <./rigidity_v103_archive.pdf>]
[105 <./rigidity_v103_archive.pdf>] [106 <./rigidity_v103_archive.pdf>]
[107 <./rigidity_v103_archive.pdf>] [108 <./rigidity_v103_archive.pdf>]
[109 <./rigidity_v103_archive.pdf>] [110 <./rigidity_v103_archive.pdf>]
[111 <./rigidity_v103_archive.pdf>] [112 <./rigidity_v103_archive.pdf>]
[113 <./rigidity_v103_archive.pdf>] [114 <./rigidity_v103_archive.pdf>]
[115 <./rigidity_v103_archive.pdf>] [116 <./rigidity_v103_archive.pdf>]
[117 <./rigidity_v103_archive.pdf>] [118 <./rigidity_v103_archive.pdf>]
[119 <./rigidity_v103_archive.pdf>] [120 <./rigidity_v103_archive.pdf>]
[121 <./rigidity_v103_archive.pdf>] [122 <./rigidity_v103_archive.pdf>]
[123 <./rigidity_v103_archive.pdf>] [124 <./rigidity_v103_archive.pdf>]
[125 <./rigidity_v103_archive.pdf>] [126 <./rigidity_v103_archive.pdf>]
[127 <./rigidity_v103_archive.pdf>] [128 <./rigidity_v103_archive.pdf>]
[129 <./rigidity_v103_archive.pdf>] [130 <./rigidity_v103_archive.pdf>]
[131 <./rigidity_v103_archive.pdf>] [132 <./rigidity_v103_archive.pdf>]
[133 <./rigidity_v103_archive.pdf>] [134 <./rigidity_v103_archive.pdf>]
[135 <./rigidity_v103_archive.pdf>] [136 <./rigidity_v103_archive.pdf>]
[137 <./rigidity_v103_archive.pdf>] [138 <./rigidity_v103_archive.pdf>]
[139 <./rigidity_v103_archive.pdf>] [140 <./rigidity_v103_archive.pdf>]
[141 <./rigidity_v103_archive.pdf>] [142 <./rigidity_v103_archive.pdf>]
[143 <./rigidity_v103_archive.pdf>] [144 <./rigidity_v103_archive.pdf>]
[145 <./rigidity_v103_archive.pdf>] [146 <./rigidity_v103_archive.pdf>]
[147 <./rigidity_v103_archive.pdf>] [148 <./rigidity_v103_archive.pdf>]
[149 <./rigidity_v103_archive.pdf>] [150 <./rigidity_v103_archive.pdf>]
[151 <./rigidity_v103_archive.pdf>] [152 <./rigidity_v103_archive.pdf>]
[153 <./rigidity_v103_archive.pdf>] [154 <./rigidity_v103_archive.pdf>]
[155 <./rigidity_v103_archive.pdf>] [156 <./rigidity_v103_archive.pdf>]
[157 <./rigidity_v103_archive.pdf>] [158 <./rigidity_v103_archive.pdf>]
[159 <./rigidity_v103_archive.pdf>] [160 <./rigidity_v103_archive.pdf>]
[161 <./rigidity_v103_archive.pdf>] [162 <./rigidity_v103_archive.pdf>]
[163 <./rigidity_v103_archive.pdf>] [164 <./rigidity_v103_archive.pdf>]
[165 <./rigidity_v103_archive.pdf>] [166 <./rigidity_v103_archive.pdf>]
[167 <./rigidity_v103_archive.pdf>] [168 <./rigidity_v103_archive.pdf>]
[169 <./rigidity_v103_archive.pdf>] [170 <./rigidity_v103_archive.pdf>]
[171 <./rigidity_v103_archive.pdf>] [172 <./rigidity_v103_archive.pdf>]
[173 <./rigidity_v103_archive.pdf>] [174 <./rigidity_v103_archive.pdf>]
[175 <./rigidity_v103_archive.pdf>] [176 <./rigidity_v103_archive.pdf>]
[177 <./rigidity_v103_archive.pdf>] [178 <./rigidity_v103_archive.pdf>]
[179 <./rigidity_v103_archive.pdf>] [180 <./rigidity_v103_archive.pdf>]
[181 <./rigidity_v103_archive.pdf>] [182 <./rigidity_v103_archive.pdf>]
[183 <./rigidity_v103_archive.pdf>] [184 <./rigidity_v103_archive.pdf>]
[185 <./rigidity_v103_archive.pdf>] [186 <./rigidity_v103_archive.pdf>]
[187 <./rigidity_v103_archive.pdf>] [188 <./rigidity_v103_archive.pdf>]
[189 <./rigidity_v103_archive.pdf>] [190 <./rigidity_v103_archive.pdf>]
[191 <./rigidity_v103_archive.pdf>] [192 <./rigidity_v103_archive.pdf>]
[193 <./rigidity_v103_archive.pdf>] [194 <./rigidity_v103_archive.pdf>]
[195 <./rigidity_v103_archive.pdf>] [196 <./rigidity_v103_archive.pdf>]
[197 <./rigidity_v103_archive.pdf>] [198 <./rigidity_v103_archive.pdf>]
[199 <./rigidity_v103_archive.pdf>] [200 <./rigidity_v103_archive.pdf>]
[201 <./rigidity_v103_archive.pdf>] [202 <./rigidity_v103_archive.pdf>]
[203 <./rigidity_v103_archive.pdf>] [204 <./rigidity_v103_archive.pdf>]
[205 <./rigidity_v103_archive.pdf>] [206 <./rigidity_v103_archive.pdf>]
[207 <./rigidity_v103_archive.pdf>] [208 <./rigidity_v103_archive.pdf>]
[209 <./rigidity_v103_archive.pdf>] [210 <./rigidity_v103_archive.pdf>]
[211 <./rigidity_v103_archive.pdf>] [212 <./rigidity_v103_archive.pdf>]
[213 <./rigidity_v103_archive.pdf>] [214 <./rigidity_v103_archive.pdf>]
[215 <./rigidity_v103_archive.pdf>] [216 <./rigidity_v103_archive.pdf>]
[217 <./rigidity_v103_archive.pdf>] [218 <./rigidity_v103_archive.pdf>]
[219 <./rigidity_v103_archive.pdf>] [220 <./rigidity_v103_archive.pdf>]
[221 <./rigidity_v103_archive.pdf>] [222 <./rigidity_v103_archive.pdf>]
[223 <./rigidity_v103_archive.pdf>] [224 <./rigidity_v103_archive.pdf>]
[225 <./rigidity_v103_archive.pdf>] [226 <./rigidity_v103_archive.pdf>]
[227 <./rigidity_v103_archive.pdf>] [228 <./rigidity_v103_archive.pdf>]
[229 <./rigidity_v103_archive.pdf>] [230 <./rigidity_v103_archive.pdf>]
[231 <./rigidity_v103_archive.pdf>] [232 <./rigidity_v103_archive.pdf>]
[233 <./rigidity_v103_archive.pdf>] [234 <./rigidity_v103_archive.pdf>]
[235 <./rigidity_v103_archive.pdf>] [236 <./rigidity_v103_archive.pdf>]
[237 <./rigidity_v103_archive.pdf>] [238 <./rigidity_v103_archive.pdf>]
[239 <./rigidity_v103_archive.pdf>] [240 <./rigidity_v103_archive.pdf>]
[241 <./rigidity_v103_archive.pdf>] [242 <./rigidity_v103_archive.pdf>]
[243 <./rigidity_v103_archive.pdf>] [244 <./rigidity_v103_archive.pdf>]
[245 <./rigidity_v103_archive.pdf>] [246 <./rigidity_v103_archive.pdf>]
[247 <./rigidity_v103_archive.pdf>] [248 <./rigidity_v103_archive.pdf>]
[249 <./rigidity_v103_archive.pdf>] [250 <./rigidity_v103_archive.pdf>]
[251 <./rigidity_v103_archive.pdf>] [252 <./rigidity_v103_archive.pdf>]
[253 <./rigidity_v103_archive.pdf>] [254 <./rigidity_v103_archive.pdf>]
[255 <./rigidity_v103_archive.pdf>] [256 <./rigidity_v103_archive.pdf>]
[257 <./rigidity_v103_archive.pdf>] [258 <./rigidity_v103_archive.pdf>]
[259 <./rigidity_v103_archive.pdf>] [260 <./rigidity_v103_archive.pdf>]
[261 <./rigidity_v103_archive.pdf>] [262 <./rigidity_v103_archive.pdf>]
[263 <./rigidity_v103_archive.pdf>] [264 <./rigidity_v103_archive.pdf>]
[265 <./rigidity_v103_archive.pdf>] [266 <./rigidity_v103_archive.pdf>]
[267 <./rigidity_v103_archive.pdf>] [268 <./rigidity_v103_archive.pdf>]
[269 <./rigidity_v103_archive.pdf>] [270 <./rigidity_v103_archive.pdf>]
[271 <./rigidity_v103_archive.pdf>] [272 <./rigidity_v103_archive.pdf>]
[273 <./rigidity_v103_archive.pdf>] [274 <./rigidity_v103_archive.pdf>]
[275 <./rigidity_v103_archive.pdf>] [276 <./rigidity_v103_archive.pdf>]
[277 <./rigidity_v103_archive.pdf>] [278 <./rigidity_v103_archive.pdf>]
[279 <./rigidity_v103_archive.pdf>] [280 <./rigidity_v103_archive.pdf>]
[281 <./rigidity_v103_archive.pdf>] [282 <./rigidity_v103_archive.pdf>]
[283 <./rigidity_v103_archive.pdf>] [284 <./rigidity_v103_archive.pdf>]
[285 <./rigidity_v103_archive.pdf>] [286 <./rigidity_v103_archive.pdf>]
[287 <./rigidity_v103_archive.pdf>] [288 <./rigidity_v103_archive.pdf>]
[289 <./rigidity_v103_archive.pdf>] [290 <./rigidity_v103_archive.pdf>]
[291 <./rigidity_v103_archive.pdf>] [292 <./rigidity_v103_archive.pdf>]
[293 <./rigidity_v103_archive.pdf>] [294 <./rigidity_v103_archive.pdf>]
[295 <./rigidity_v103_archive.pdf>] [296 <./rigidity_v103_archive.pdf>]
[297 <./rigidity_v103_archive.pdf>] [298 <./rigidity_v103_archive.pdf>]
[299 <./rigidity_v103_archive.pdf>] [300 <./rigidity_v103_archive.pdf>]
[301 <./rigidity_v103_archive.pdf>] (./rigidity_v103_complete.aux)

Package rerunfilecheck Warning: File `rigidity_v103_complete.out' has changed.
(rerunfilecheck)                Rerun to get outlines right
(rerunfilecheck)                or use package `bookmark'.

 )</usr/share/texmf/fonts/type1/public/lm/lmbx10.pfb></usr/share/texmf/fonts/ty
pe1/public/lm/lmbx9.pfb></usr/share/texmf/fonts/type1/public/lm/lmcsc10.pfb></u
sr/share/texmf/fonts/type1/public/lm/lmex10.pfb></usr/share/texmf/fonts/type1/p
ublic/lm/lmmi10.pfb></usr/share/texmf/fonts/type1/public/lm/lmmi6.pfb></usr/sha
re/texmf/fonts/type1/public/lm/lmmi8.pfb></usr/share/texmf/fonts/type1/public/l
m/lmr10.pfb></usr/share/texmf/fonts/type1/public/lm/lmr6.pfb></usr/share/texmf/
fonts/type1/public/lm/lmr8.pfb></usr/share/texmf/fonts/type1/public/lm/lmr9.pfb
></usr/share/texmf/fonts/type1/public/lm/lmri10.pfb></usr/share/texmf/fonts/typ
e1/public/lm/lmri9.pfb></usr/share/texmf/fonts/type1/public/lm/lmss8.pfb></usr/
share/texmf/fonts/type1/public/lm/lmsy10.pfb></usr/share/texmf/fonts/type1/publ
ic/lm/lmsy6.pfb></usr/share/texmf/fonts/type1/public/lm/lmsy8.pfb></usr/share/t
exlive/texmf-dist/fonts/type1/public/amsfonts/symbols/msam10.pfb></usr/share/te
xlive/texmf-dist/fonts/type1/public/amsfonts/symbols/msbm10.pfb></usr/share/tex
live/texmf-dist/fonts/type1/public/rsfs/rsfs10.pfb>
Output written on rigidity_v103_complete.pdf (301 pages, 4966039 bytes).
Transcript written on rigidity_v103_complete.log.
Latexmk: Getting log file 'rigidity_v103_complete.log'
Latexmk: Examining 'rigidity_v103_complete.fls'
Latexmk: Examining 'rigidity_v103_complete.log'
Latexmk: References changed.
Latexmk: Log file says output to 'rigidity_v103_complete.pdf'
Latexmk: applying rule 'pdflatex'...
Rule 'pdflatex':  Reasons for rerun
Changed files or newly in use/created:
  rigidity_v103_complete.aux
  rigidity_v103_complete.out

------------
Run number 2 of rule 'pdflatex'
------------
------------
Running 'pdflatex  -interaction=nonstopmode -halt-on-error -file-line-error -recorder  "rigidity_v103_complete.tex"'
------------
This is pdfTeX, Version 3.141592653-2.6-1.40.25 (TeX Live 2023/Debian) (preloaded format=pdflatex)
 restricted \write18 enabled.
entering extended mode
(./rigidity_v103_complete.tex
LaTeX2e <2023-11-01> patch level 1
L3 programming layer <2024-01-22>
(/usr/share/texlive/texmf-dist/tex/latex/base/article.cls
Document Class: article 2023/05/17 v1.4n Standard LaTeX document class
(/usr/share/texlive/texmf-dist/tex/latex/base/size11.clo))
(/usr/share/texlive/texmf-dist/tex/latex/pdfpages/pdfpages.sty
(/usr/share/texlive/texmf-dist/tex/latex/base/ifthen.sty)
(/usr/share/texlive/texmf-dist/tex/latex/tools/calc.sty)
(/usr/share/texlive/texmf-dist/tex/latex/eso-pic/eso-pic.sty
(/usr/share/texlive/texmf-dist/tex/latex/graphics/keyval.sty)
(/usr/share/texlive/texmf-dist/tex/latex/xcolor/xcolor.sty
(/usr/share/texlive/texmf-dist/tex/latex/graphics-cfg/color.cfg)
(/usr/share/texlive/texmf-dist/tex/latex/graphics-def/pdftex.def)
(/usr/share/texlive/texmf-dist/tex/latex/graphics/mathcolor.ltx)))
(/usr/share/texlive/texmf-dist/tex/latex/graphics/graphicx.sty
(/usr/share/texlive/texmf-dist/tex/latex/graphics/graphics.sty
(/usr/share/texlive/texmf-dist/tex/latex/graphics/trig.sty)
(/usr/share/texlive/texmf-dist/tex/latex/graphics-cfg/graphics.cfg)))
(/usr/share/texlive/texmf-dist/tex/latex/pdfpages/pppdftex.def))
(/usr/share/texlive/texmf-dist/tex/latex/hyperref/hyperref.sty
(/usr/share/texlive/texmf-dist/tex/generic/iftex/iftex.sty)
(/usr/share/texlive/texmf-dist/tex/latex/kvsetkeys/kvsetkeys.sty)
(/usr/share/texlive/texmf-dist/tex/generic/kvdefinekeys/kvdefinekeys.sty)
(/usr/share/texlive/texmf-dist/tex/generic/pdfescape/pdfescape.sty
(/usr/share/texlive/texmf-dist/tex/generic/ltxcmds/ltxcmds.sty)
(/usr/share/texlive/texmf-dist/tex/generic/pdftexcmds/pdftexcmds.sty
(/usr/share/texlive/texmf-dist/tex/generic/infwarerr/infwarerr.sty)))
(/usr/share/texlive/texmf-dist/tex/latex/hycolor/hycolor.sty)
(/usr/share/texlive/texmf-dist/tex/latex/auxhook/auxhook.sty)
(/usr/share/texlive/texmf-dist/tex/latex/hyperref/nameref.sty
(/usr/share/texlive/texmf-dist/tex/latex/refcount/refcount.sty)
(/usr/share/texlive/texmf-dist/tex/generic/gettitlestring/gettitlestring.sty
(/usr/share/texlive/texmf-dist/tex/latex/kvoptions/kvoptions.sty)))
(/usr/share/texlive/texmf-dist/tex/latex/etoolbox/etoolbox.sty)
(/usr/share/texlive/texmf-dist/tex/latex/hyperref/pd1enc.def)
(/usr/share/texlive/texmf-dist/tex/generic/intcalc/intcalc.sty)
(/usr/share/texlive/texmf-dist/tex/latex/hyperref/puenc.def)
(/usr/share/texlive/texmf-dist/tex/latex/url/url.sty)
(/usr/share/texlive/texmf-dist/tex/generic/bitset/bitset.sty
(/usr/share/texlive/texmf-dist/tex/generic/bigintcalc/bigintcalc.sty))
(/usr/share/texlive/texmf-dist/tex/latex/base/atbegshi-ltx.sty))
(/usr/share/texlive/texmf-dist/tex/latex/hyperref/hpdftex.def
(/usr/share/texlive/texmf-dist/tex/latex/base/atveryend-ltx.sty)
(/usr/share/texlive/texmf-dist/tex/latex/rerunfilecheck/rerunfilecheck.sty
(/usr/share/texlive/texmf-dist/tex/generic/uniquecounter/uniquecounter.sty)))
(/usr/share/texlive/texmf-dist/tex/latex/l3backend/l3backend-pdftex.def)
(./rigidity_v103_complete.aux)
(/usr/share/texlive/texmf-dist/tex/context/base/mkii/supp-pdf.mkii
[Loading MPS to PDF converter (version 2006.09.02).]
) (/usr/share/texlive/texmf-dist/tex/latex/epstopdf-pkg/epstopdf-base.sty
(/usr/share/texlive/texmf-dist/tex/latex/latexconfig/epstopdf-sys.cfg))
(/usr/share/texlive/texmf-dist/tex/latex/pdflscape/pdflscape.sty
(/usr/share/texlive/texmf-dist/tex/latex/pdflscape/pdflscape-nometadata.sty
(/usr/share/texlive/texmf-dist/tex/latex/graphics/lscape.sty)))
(./rigidity_v103_complete.out) (./rigidity_v103_complete.out) [1 <./rigidity_v1
03.pdf{/var/lib/texmf/fonts/map/pdftex/updmap/pdftex.map}>] [2 <./rigidity_v103
.pdf>] [3 <./rigidity_v103.pdf>] [4 <./rigidity_v103.pdf>] [5 <./rigidity_v103.
pdf>] [6 <./rigidity_v103.pdf>] [7 <./rigidity_v103.pdf>] [8 <./rigidity_v103.p
df>] [9 <./rigidity_v103.pdf>] [10 <./rigidity_v103.pdf>] [11 <./rigidity_v103.
pdf>] [12 <./rigidity_v103.pdf>] [13 <./rigidity_v103.pdf>] [14 <./rigidity_v10
3.pdf>] [15 <./rigidity_v103.pdf>] [16 <./rigidity_v103.pdf>] [17 <./rigidity_v
103.pdf>] [18 <./rigidity_v103.pdf>] [19 <./rigidity_v103_archive.pdf>]
[20 <./rigidity_v103_archive.pdf>] [21 <./rigidity_v103_archive.pdf>] [22 <./ri
gidity_v103_archive.pdf>] [23 <./rigidity_v103_archive.pdf>] [24 <./rigidity_v1
03_archive.pdf>] [25 <./rigidity_v103_archive.pdf>] [26 <./rigidity_v103_archiv
e.pdf>] [27 <./rigidity_v103_archive.pdf>] [28 <./rigidity_v103_archive.pdf>]
[29 <./rigidity_v103_archive.pdf>] [30 <./rigidity_v103_archive.pdf>] [31 <./ri
gidity_v103_archive.pdf>] [32 <./rigidity_v103_archive.pdf>] [33 <./rigidity_v1
03_archive.pdf>] [34 <./rigidity_v103_archive.pdf>] [35 <./rigidity_v103_archiv
e.pdf>] [36 <./rigidity_v103_archive.pdf>] [37 <./rigidity_v103_archive.pdf>]
[38 <./rigidity_v103_archive.pdf>] [39 <./rigidity_v103_archive.pdf>] [40 <./ri
gidity_v103_archive.pdf>] [41 <./rigidity_v103_archive.pdf>] [42 <./rigidity_v1
03_archive.pdf>] [43 <./rigidity_v103_archive.pdf>] [44 <./rigidity_v103_archiv
e.pdf>] [45 <./rigidity_v103_archive.pdf>] [46 <./rigidity_v103_archive.pdf>]
[47 <./rigidity_v103_archive.pdf>] [48 <./rigidity_v103_archive.pdf>] [49 <./ri
gidity_v103_archive.pdf>] [50 <./rigidity_v103_archive.pdf>] [51 <./rigidity_v1
03_archive.pdf>] [52 <./rigidity_v103_archive.pdf>] [53 <./rigidity_v103_archiv
e.pdf>] [54 <./rigidity_v103_archive.pdf>] [55 <./rigidity_v103_archive.pdf>]
[56 <./rigidity_v103_archive.pdf>] [57 <./rigidity_v103_archive.pdf>] [58 <./ri
gidity_v103_archive.pdf>] [59 <./rigidity_v103_archive.pdf>] [60 <./rigidity_v1
03_archive.pdf>] [61 <./rigidity_v103_archive.pdf>] [62 <./rigidity_v103_archiv
e.pdf>] [63 <./rigidity_v103_archive.pdf>] [64 <./rigidity_v103_archive.pdf>]
[65 <./rigidity_v103_archive.pdf>] [66 <./rigidity_v103_archive.pdf>] [67 <./ri
gidity_v103_archive.pdf>] [68 <./rigidity_v103_archive.pdf>] [69 <./rigidity_v1
03_archive.pdf>] [70 <./rigidity_v103_archive.pdf>] [71 <./rigidity_v103_archiv
e.pdf>] [72 <./rigidity_v103_archive.pdf>] [73 <./rigidity_v103_archive.pdf>]
[74 <./rigidity_v103_archive.pdf>] [75 <./rigidity_v103_archive.pdf>] [76 <./ri
gidity_v103_archive.pdf>] [77 <./rigidity_v103_archive.pdf>] [78 <./rigidity_v1
03_archive.pdf>] [79 <./rigidity_v103_archive.pdf>] [80 <./rigidity_v103_archiv
e.pdf>] [81 <./rigidity_v103_archive.pdf>] [82 <./rigidity_v103_archive.pdf>]
[83 <./rigidity_v103_archive.pdf>] [84 <./rigidity_v103_archive.pdf>] [85 <./ri
gidity_v103_archive.pdf>] [86 <./rigidity_v103_archive.pdf>] [87 <./rigidity_v1
03_archive.pdf>] [88 <./rigidity_v103_archive.pdf>] [89 <./rigidity_v103_archiv
e.pdf>] [90 <./rigidity_v103_archive.pdf>] [91 <./rigidity_v103_archive.pdf>]
[92 <./rigidity_v103_archive.pdf>] [93 <./rigidity_v103_archive.pdf>] [94 <./ri
gidity_v103_archive.pdf>] [95 <./rigidity_v103_archive.pdf>] [96 <./rigidity_v1
03_archive.pdf>] [97 <./rigidity_v103_archive.pdf>] [98 <./rigidity_v103_archiv
e.pdf>] [99 <./rigidity_v103_archive.pdf>] [100 <./rigidity_v103_archive.pdf>]
[101 <./rigidity_v103_archive.pdf>] [102 <./rigidity_v103_archive.pdf>]
[103 <./rigidity_v103_archive.pdf>] [104 <./rigidity_v103_archive.pdf>]
[105 <./rigidity_v103_archive.pdf>] [106 <./rigidity_v103_archive.pdf>]
[107 <./rigidity_v103_archive.pdf>] [108 <./rigidity_v103_archive.pdf>]
[109 <./rigidity_v103_archive.pdf>] [110 <./rigidity_v103_archive.pdf>]
[111 <./rigidity_v103_archive.pdf>] [112 <./rigidity_v103_archive.pdf>]
[113 <./rigidity_v103_archive.pdf>] [114 <./rigidity_v103_archive.pdf>]
[115 <./rigidity_v103_archive.pdf>] [116 <./rigidity_v103_archive.pdf>]
[117 <./rigidity_v103_archive.pdf>] [118 <./rigidity_v103_archive.pdf>]
[119 <./rigidity_v103_archive.pdf>] [120 <./rigidity_v103_archive.pdf>]
[121 <./rigidity_v103_archive.pdf>] [122 <./rigidity_v103_archive.pdf>]
[123 <./rigidity_v103_archive.pdf>] [124 <./rigidity_v103_archive.pdf>]
[125 <./rigidity_v103_archive.pdf>] [126 <./rigidity_v103_archive.pdf>]
[127 <./rigidity_v103_archive.pdf>] [128 <./rigidity_v103_archive.pdf>]
[129 <./rigidity_v103_archive.pdf>] [130 <./rigidity_v103_archive.pdf>]
[131 <./rigidity_v103_archive.pdf>] [132 <./rigidity_v103_archive.pdf>]
[133 <./rigidity_v103_archive.pdf>] [134 <./rigidity_v103_archive.pdf>]
[135 <./rigidity_v103_archive.pdf>] [136 <./rigidity_v103_archive.pdf>]
[137 <./rigidity_v103_archive.pdf>] [138 <./rigidity_v103_archive.pdf>]
[139 <./rigidity_v103_archive.pdf>] [140 <./rigidity_v103_archive.pdf>]
[141 <./rigidity_v103_archive.pdf>] [142 <./rigidity_v103_archive.pdf>]
[143 <./rigidity_v103_archive.pdf>] [144 <./rigidity_v103_archive.pdf>]
[145 <./rigidity_v103_archive.pdf>] [146 <./rigidity_v103_archive.pdf>]
[147 <./rigidity_v103_archive.pdf>] [148 <./rigidity_v103_archive.pdf>]
[149 <./rigidity_v103_archive.pdf>] [150 <./rigidity_v103_archive.pdf>]
[151 <./rigidity_v103_archive.pdf>] [152 <./rigidity_v103_archive.pdf>]
[153 <./rigidity_v103_archive.pdf>] [154 <./rigidity_v103_archive.pdf>]
[155 <./rigidity_v103_archive.pdf>] [156 <./rigidity_v103_archive.pdf>]
[157 <./rigidity_v103_archive.pdf>] [158 <./rigidity_v103_archive.pdf>]
[159 <./rigidity_v103_archive.pdf>] [160 <./rigidity_v103_archive.pdf>]
[161 <./rigidity_v103_archive.pdf>] [162 <./rigidity_v103_archive.pdf>]
[163 <./rigidity_v103_archive.pdf>] [164 <./rigidity_v103_archive.pdf>]
[165 <./rigidity_v103_archive.pdf>] [166 <./rigidity_v103_archive.pdf>]
[167 <./rigidity_v103_archive.pdf>] [168 <./rigidity_v103_archive.pdf>]
[169 <./rigidity_v103_archive.pdf>] [170 <./rigidity_v103_archive.pdf>]
[171 <./rigidity_v103_archive.pdf>] [172 <./rigidity_v103_archive.pdf>]
[173 <./rigidity_v103_archive.pdf>] [174 <./rigidity_v103_archive.pdf>]
[175 <./rigidity_v103_archive.pdf>] [176 <./rigidity_v103_archive.pdf>]
[177 <./rigidity_v103_archive.pdf>] [178 <./rigidity_v103_archive.pdf>]
[179 <./rigidity_v103_archive.pdf>] [180 <./rigidity_v103_archive.pdf>]
[181 <./rigidity_v103_archive.pdf>] [182 <./rigidity_v103_archive.pdf>]
[183 <./rigidity_v103_archive.pdf>] [184 <./rigidity_v103_archive.pdf>]
[185 <./rigidity_v103_archive.pdf>] [186 <./rigidity_v103_archive.pdf>]
[187 <./rigidity_v103_archive.pdf>] [188 <./rigidity_v103_archive.pdf>]
[189 <./rigidity_v103_archive.pdf>] [190 <./rigidity_v103_archive.pdf>]
[191 <./rigidity_v103_archive.pdf>] [192 <./rigidity_v103_archive.pdf>]
[193 <./rigidity_v103_archive.pdf>] [194 <./rigidity_v103_archive.pdf>]
[195 <./rigidity_v103_archive.pdf>] [196 <./rigidity_v103_archive.pdf>]
[197 <./rigidity_v103_archive.pdf>] [198 <./rigidity_v103_archive.pdf>]
[199 <./rigidity_v103_archive.pdf>] [200 <./rigidity_v103_archive.pdf>]
[201 <./rigidity_v103_archive.pdf>] [202 <./rigidity_v103_archive.pdf>]
[203 <./rigidity_v103_archive.pdf>] [204 <./rigidity_v103_archive.pdf>]
[205 <./rigidity_v103_archive.pdf>] [206 <./rigidity_v103_archive.pdf>]
[207 <./rigidity_v103_archive.pdf>] [208 <./rigidity_v103_archive.pdf>]
[209 <./rigidity_v103_archive.pdf>] [210 <./rigidity_v103_archive.pdf>]
[211 <./rigidity_v103_archive.pdf>] [212 <./rigidity_v103_archive.pdf>]
[213 <./rigidity_v103_archive.pdf>] [214 <./rigidity_v103_archive.pdf>]
[215 <./rigidity_v103_archive.pdf>] [216 <./rigidity_v103_archive.pdf>]
[217 <./rigidity_v103_archive.pdf>] [218 <./rigidity_v103_archive.pdf>]
[219 <./rigidity_v103_archive.pdf>] [220 <./rigidity_v103_archive.pdf>]
[221 <./rigidity_v103_archive.pdf>] [222 <./rigidity_v103_archive.pdf>]
[223 <./rigidity_v103_archive.pdf>] [224 <./rigidity_v103_archive.pdf>]
[225 <./rigidity_v103_archive.pdf>] [226 <./rigidity_v103_archive.pdf>]
[227 <./rigidity_v103_archive.pdf>] [228 <./rigidity_v103_archive.pdf>]
[229 <./rigidity_v103_archive.pdf>] [230 <./rigidity_v103_archive.pdf>]
[231 <./rigidity_v103_archive.pdf>] [232 <./rigidity_v103_archive.pdf>]
[233 <./rigidity_v103_archive.pdf>] [234 <./rigidity_v103_archive.pdf>]
[235 <./rigidity_v103_archive.pdf>] [236 <./rigidity_v103_archive.pdf>]
[237 <./rigidity_v103_archive.pdf>] [238 <./rigidity_v103_archive.pdf>]
[239 <./rigidity_v103_archive.pdf>] [240 <./rigidity_v103_archive.pdf>]
[241 <./rigidity_v103_archive.pdf>] [242 <./rigidity_v103_archive.pdf>]
[243 <./rigidity_v103_archive.pdf>] [244 <./rigidity_v103_archive.pdf>]
[245 <./rigidity_v103_archive.pdf>] [246 <./rigidity_v103_archive.pdf>]
[247 <./rigidity_v103_archive.pdf>] [248 <./rigidity_v103_archive.pdf>]
[249 <./rigidity_v103_archive.pdf>] [250 <./rigidity_v103_archive.pdf>]
[251 <./rigidity_v103_archive.pdf>] [252 <./rigidity_v103_archive.pdf>]
[253 <./rigidity_v103_archive.pdf>] [254 <./rigidity_v103_archive.pdf>]
[255 <./rigidity_v103_archive.pdf>] [256 <./rigidity_v103_archive.pdf>]
[257 <./rigidity_v103_archive.pdf>] [258 <./rigidity_v103_archive.pdf>]
[259 <./rigidity_v103_archive.pdf>] [260 <./rigidity_v103_archive.pdf>]
[261 <./rigidity_v103_archive.pdf>] [262 <./rigidity_v103_archive.pdf>]
[263 <./rigidity_v103_archive.pdf>] [264 <./rigidity_v103_archive.pdf>]
[265 <./rigidity_v103_archive.pdf>] [266 <./rigidity_v103_archive.pdf>]
[267 <./rigidity_v103_archive.pdf>] [268 <./rigidity_v103_archive.pdf>]
[269 <./rigidity_v103_archive.pdf>] [270 <./rigidity_v103_archive.pdf>]
[271 <./rigidity_v103_archive.pdf>] [272 <./rigidity_v103_archive.pdf>]
[273 <./rigidity_v103_archive.pdf>] [274 <./rigidity_v103_archive.pdf>]
[275 <./rigidity_v103_archive.pdf>] [276 <./rigidity_v103_archive.pdf>]
[277 <./rigidity_v103_archive.pdf>] [278 <./rigidity_v103_archive.pdf>]
[279 <./rigidity_v103_archive.pdf>] [280 <./rigidity_v103_archive.pdf>]
[281 <./rigidity_v103_archive.pdf>] [282 <./rigidity_v103_archive.pdf>]
[283 <./rigidity_v103_archive.pdf>] [284 <./rigidity_v103_archive.pdf>]
[285 <./rigidity_v103_archive.pdf>] [286 <./rigidity_v103_archive.pdf>]
[287 <./rigidity_v103_archive.pdf>] [288 <./rigidity_v103_archive.pdf>]
[289 <./rigidity_v103_archive.pdf>] [290 <./rigidity_v103_archive.pdf>]
[291 <./rigidity_v103_archive.pdf>] [292 <./rigidity_v103_archive.pdf>]
[293 <./rigidity_v103_archive.pdf>] [294 <./rigidity_v103_archive.pdf>]
[295 <./rigidity_v103_archive.pdf>] [296 <./rigidity_v103_archive.pdf>]
[297 <./rigidity_v103_archive.pdf>] [298 <./rigidity_v103_archive.pdf>]
[299 <./rigidity_v103_archive.pdf>] [300 <./rigidity_v103_archive.pdf>]
[301 <./rigidity_v103_archive.pdf>] (./rigidity_v103_complete.aux) )</usr/share
/texmf/fonts/type1/public/lm/lmbx10.pfb></usr/share/texmf/fonts/type1/public/lm
/lmbx9.pfb></usr/share/texmf/fonts/type1/public/lm/lmcsc10.pfb></usr/share/texm
f/fonts/type1/public/lm/lmex10.pfb></usr/share/texmf/fonts/type1/public/lm/lmmi
10.pfb></usr/share/texmf/fonts/type1/public/lm/lmmi6.pfb></usr/share/texmf/font
s/type1/public/lm/lmmi8.pfb></usr/share/texmf/fonts/type1/public/lm/lmr10.pfb><
/usr/share/texmf/fonts/type1/public/lm/lmr6.pfb></usr/share/texmf/fonts/type1/p
ublic/lm/lmr8.pfb></usr/share/texmf/fonts/type1/public/lm/lmr9.pfb></usr/share/
texmf/fonts/type1/public/lm/lmri10.pfb></usr/share/texmf/fonts/type1/public/lm/
lmri9.pfb></usr/share/texmf/fonts/type1/public/lm/lmss8.pfb></usr/share/texmf/f
onts/type1/public/lm/lmsy10.pfb></usr/share/texmf/fonts/type1/public/lm/lmsy6.p
fb></usr/share/texmf/fonts/type1/public/lm/lmsy8.pfb></usr/share/texlive/texmf-
dist/fonts/type1/public/amsfonts/symbols/msam10.pfb></usr/share/texlive/texmf-d
ist/fonts/type1/public/amsfonts/symbols/msbm10.pfb></usr/share/texlive/texmf-di
st/fonts/type1/public/rsfs/rsfs10.pfb>
Output written on rigidity_v103_complete.pdf (301 pages, 4966039 bytes).
Transcript written on rigidity_v103_complete.log.
Latexmk: Getting log file 'rigidity_v103_complete.log'
Latexmk: Examining 'rigidity_v103_complete.fls'
Latexmk: Examining 'rigidity_v103_complete.log'
Latexmk: Log file says output to 'rigidity_v103_complete.pdf'
Latexmk: All targets (rigidity_v103_complete.pdf) are up-to-date

{"status": "native_passed", "source_head": "618b0b098654f53e61a782138272349df92d16ad", "output": "/tmp/a2-v103-replay-tnrrn063/source/revisions/a2-v103/native"}
