This is pdfTeX, Version 3.141592653-2.6-1.40.25 (TeX Live 2023/Debian) (preloaded format=pdflatex 2026.9.20)  20 SEP 2026 19:08
entering extended mode
 restricted \write18 enabled.
 file:line:error style messages enabled.
 %&-line parsing enabled.
**rigidity_v103_archive.tex
(./rigidity_v103_archive.tex
LaTeX2e <2023-11-01> patch level 1
L3 programming layer <2024-01-22>
(./rigidity_v102_complete.tex
(/usr/share/texlive/texmf-dist/tex/latex/base/article.cls
Document Class: article 2023/05/17 v1.4n Standard LaTeX document class
(/usr/share/texlive/texmf-dist/tex/latex/base/size11.clo
File: size11.clo 2023/05/17 v1.4n Standard LaTeX file (size option)
)
\c@part=\count187
\c@section=\count188
\c@subsection=\count189
\c@subsubsection=\count190
\c@paragraph=\count191
\c@subparagraph=\count192
\c@figure=\count193
\c@table=\count194
\abovecaptionskip=\skip48
\belowcaptionskip=\skip49
\bibindent=\dimen140
)
(/usr/share/texlive/texmf-dist/tex/latex/pdfpages/pdfpages.sty
Package: pdfpages 2024/01/21 v0.5y Insert pages of external PDF documents (AM)

(/usr/share/texlive/texmf-dist/tex/latex/base/ifthen.sty
Package: ifthen 2022/04/13 v1.1d Standard LaTeX ifthen package (DPC)
)
(/usr/share/texlive/texmf-dist/tex/latex/tools/calc.sty
Package: calc 2023/07/08 v4.3 Infix arithmetic (KKT,FJ)
\calc@Acount=\count195
\calc@Bcount=\count196
\calc@Adimen=\dimen141
\calc@Bdimen=\dimen142
\calc@Askip=\skip50
\calc@Bskip=\skip51
LaTeX Info: Redefining \setlength on input line 80.
LaTeX Info: Redefining \addtolength on input line 81.
\calc@Ccount=\count197
\calc@Cskip=\skip52
)
(/usr/share/texlive/texmf-dist/tex/latex/eso-pic/eso-pic.sty
Package: eso-pic 2023/05/03 v3.0c eso-pic (RN)
\ESO@tempdima=\dimen143
\ESO@tempdimb=\dimen144

(/usr/share/texlive/texmf-dist/tex/latex/graphics/keyval.sty
Package: keyval 2022/05/29 v1.15 key=value parser (DPC)
\KV@toks@=\toks17
)
(/usr/share/texlive/texmf-dist/tex/latex/xcolor/xcolor.sty
Package: xcolor 2023/11/15 v3.01 LaTeX color extensions (UK)

(/usr/share/texlive/texmf-dist/tex/latex/graphics-cfg/color.cfg
File: color.cfg 2016/01/02 v1.6 sample color configuration
)
Package xcolor Info: Driver file: pdftex.def on input line 274.

(/usr/share/texlive/texmf-dist/tex/latex/graphics-def/pdftex.def
File: pdftex.def 2022/09/22 v1.2b Graphics/color driver for pdftex
)
(/usr/share/texlive/texmf-dist/tex/latex/graphics/mathcolor.ltx)
Package xcolor Info: Model `cmy' substituted by `cmy0' on input line 1350.
Package xcolor Info: Model `hsb' substituted by `rgb' on input line 1354.
Package xcolor Info: Model `RGB' extended on input line 1366.
Package xcolor Info: Model `HTML' substituted by `rgb' on input line 1368.
Package xcolor Info: Model `Hsb' substituted by `hsb' on input line 1369.
Package xcolor Info: Model `tHsb' substituted by `hsb' on input line 1370.
Package xcolor Info: Model `HSB' substituted by `hsb' on input line 1371.
Package xcolor Info: Model `Gray' substituted by `gray' on input line 1372.
Package xcolor Info: Model `wave' substituted by `hsb' on input line 1373.
))
(/usr/share/texlive/texmf-dist/tex/latex/graphics/graphicx.sty
Package: graphicx 2021/09/16 v1.2d Enhanced LaTeX Graphics (DPC,SPQR)

(/usr/share/texlive/texmf-dist/tex/latex/graphics/graphics.sty
Package: graphics 2022/03/10 v1.4e Standard LaTeX Graphics (DPC,SPQR)

(/usr/share/texlive/texmf-dist/tex/latex/graphics/trig.sty
Package: trig 2021/08/11 v1.11 sin cos tan (DPC)
)
(/usr/share/texlive/texmf-dist/tex/latex/graphics-cfg/graphics.cfg
File: graphics.cfg 2016/06/04 v1.11 sample graphics configuration
)
Package graphics Info: Driver file: pdftex.def on input line 107.
)
\Gin@req@height=\dimen145
\Gin@req@width=\dimen146
)
\AM@pagewidth=\dimen147
\AM@pageheight=\dimen148
\AM@fboxrule=\dimen149

(/usr/share/texlive/texmf-dist/tex/latex/pdfpages/pppdftex.def
File: pppdftex.def 2024/01/21 v0.5y Pdfpages driver for pdfTeX (AM)
)
\pdfpages@includegraphics@status=\count198
\AM@pagebox=\box51
\AM@global@opts=\toks18
\AM@pagecnt=\count199
\AM@toc@title=\toks19
\AM@lof@heading=\toks20
\c@AM@survey=\count266
\AM@templatesizebox=\box52
)
(/usr/share/texlive/texmf-dist/tex/latex/hyperref/hyperref.sty
Package: hyperref 2024-01-20 v7.01h Hypertext links for LaTeX

(/usr/share/texlive/texmf-dist/tex/generic/iftex/iftex.sty
Package: iftex 2022/02/03 v1.0f TeX engine tests
)
(/usr/share/texlive/texmf-dist/tex/latex/kvsetkeys/kvsetkeys.sty
Package: kvsetkeys 2022-10-05 v1.19 Key value parser (HO)
)
(/usr/share/texlive/texmf-dist/tex/generic/kvdefinekeys/kvdefinekeys.sty
Package: kvdefinekeys 2019-12-19 v1.6 Define keys (HO)
)
(/usr/share/texlive/texmf-dist/tex/generic/pdfescape/pdfescape.sty
Package: pdfescape 2019/12/09 v1.15 Implements pdfTeX's escape features (HO)

(/usr/share/texlive/texmf-dist/tex/generic/ltxcmds/ltxcmds.sty
Package: ltxcmds 2023-12-04 v1.26 LaTeX kernel commands for general use (HO)
)
(/usr/share/texlive/texmf-dist/tex/generic/pdftexcmds/pdftexcmds.sty
Package: pdftexcmds 2020-06-27 v0.33 Utility functions of pdfTeX for LuaTeX (HO
)

(/usr/share/texlive/texmf-dist/tex/generic/infwarerr/infwarerr.sty
Package: infwarerr 2019/12/03 v1.5 Providing info/warning/error messages (HO)
)
Package pdftexcmds Info: \pdf@primitive is available.
Package pdftexcmds Info: \pdf@ifprimitive is available.
Package pdftexcmds Info: \pdfdraftmode found.
))
(/usr/share/texlive/texmf-dist/tex/latex/hycolor/hycolor.sty
Package: hycolor 2020-01-27 v1.10 Color options for hyperref/bookmark (HO)
)
(/usr/share/texlive/texmf-dist/tex/latex/auxhook/auxhook.sty
Package: auxhook 2019-12-17 v1.6 Hooks for auxiliary files (HO)
)
(/usr/share/texlive/texmf-dist/tex/latex/hyperref/nameref.sty
Package: nameref 2023-11-26 v2.56 Cross-referencing by name of section

(/usr/share/texlive/texmf-dist/tex/latex/refcount/refcount.sty
Package: refcount 2019/12/15 v3.6 Data extraction from label references (HO)
)
(/usr/share/texlive/texmf-dist/tex/generic/gettitlestring/gettitlestring.sty
Package: gettitlestring 2019/12/15 v1.6 Cleanup title references (HO)

(/usr/share/texlive/texmf-dist/tex/latex/kvoptions/kvoptions.sty
Package: kvoptions 2022-06-15 v3.15 Key value format for package options (HO)
))
\c@section@level=\count267
)
(/usr/share/texlive/texmf-dist/tex/latex/etoolbox/etoolbox.sty
Package: etoolbox 2020/10/05 v2.5k e-TeX tools for LaTeX (JAW)
\etb@tempcnta=\count268
)
\@linkdim=\dimen150
\Hy@linkcounter=\count269
\Hy@pagecounter=\count270

(/usr/share/texlive/texmf-dist/tex/latex/hyperref/pd1enc.def
File: pd1enc.def 2024-01-20 v7.01h Hyperref: PDFDocEncoding definition (HO)
Now handling font encoding PD1 ...
... no UTF-8 mapping file for font encoding PD1
)
(/usr/share/texlive/texmf-dist/tex/generic/intcalc/intcalc.sty
Package: intcalc 2019/12/15 v1.3 Expandable calculations with integers (HO)
)
\Hy@SavedSpaceFactor=\count271

(/usr/share/texlive/texmf-dist/tex/latex/hyperref/puenc.def
File: puenc.def 2024-01-20 v7.01h Hyperref: PDF Unicode definition (HO)
Now handling font encoding PU ...
... no UTF-8 mapping file for font encoding PU
)
Package hyperref Info: Hyper figures OFF on input line 4179.
Package hyperref Info: Link nesting OFF on input line 4184.
Package hyperref Info: Hyper index ON on input line 4187.
Package hyperref Info: Plain pages OFF on input line 4194.
Package hyperref Info: Backreferencing OFF on input line 4199.
Package hyperref Info: Implicit mode ON; LaTeX internals redefined.
Package hyperref Info: Bookmarks ON on input line 4446.
\c@Hy@tempcnt=\count272

(/usr/share/texlive/texmf-dist/tex/latex/url/url.sty
\Urlmuskip=\muskip16
Package: url 2013/09/16  ver 3.4  Verb mode for urls, etc.
)
LaTeX Info: Redefining \url on input line 4784.
\XeTeXLinkMargin=\dimen151

(/usr/share/texlive/texmf-dist/tex/generic/bitset/bitset.sty
Package: bitset 2019/12/09 v1.3 Handle bit-vector datatype (HO)

(/usr/share/texlive/texmf-dist/tex/generic/bigintcalc/bigintcalc.sty
Package: bigintcalc 2019/12/15 v1.5 Expandable calculations on big integers (HO
)
))
\Fld@menulength=\count273
\Field@Width=\dimen152
\Fld@charsize=\dimen153
Package hyperref Info: Hyper figures OFF on input line 6063.
Package hyperref Info: Link nesting OFF on input line 6068.
Package hyperref Info: Hyper index ON on input line 6071.
Package hyperref Info: backreferencing OFF on input line 6078.
Package hyperref Info: Link coloring OFF on input line 6083.
Package hyperref Info: Link coloring with OCG OFF on input line 6088.
Package hyperref Info: PDF/A mode OFF on input line 6093.

(/usr/share/texlive/texmf-dist/tex/latex/base/atbegshi-ltx.sty
Package: atbegshi-ltx 2021/01/10 v1.0c Emulation of the original atbegshi
package with kernel methods
)
\Hy@abspage=\count274
\c@Item=\count275
\c@Hfootnote=\count276
)
Package hyperref Info: Driver (autodetected): hpdftex.

(/usr/share/texlive/texmf-dist/tex/latex/hyperref/hpdftex.def
File: hpdftex.def 2024-01-20 v7.01h Hyperref driver for pdfTeX

(/usr/share/texlive/texmf-dist/tex/latex/base/atveryend-ltx.sty
Package: atveryend-ltx 2020/08/19 v1.0a Emulation of the original atveryend pac
kage
with kernel methods
)
\Fld@listcount=\count277
\c@bookmark@seq@number=\count278

(/usr/share/texlive/texmf-dist/tex/latex/rerunfilecheck/rerunfilecheck.sty
Package: rerunfilecheck 2022-07-10 v1.10 Rerun checks for auxiliary files (HO)

(/usr/share/texlive/texmf-dist/tex/generic/uniquecounter/uniquecounter.sty
Package: uniquecounter 2019/12/15 v1.4 Provide unlimited unique counter (HO)
)
Package uniquecounter Info: New unique counter `rerunfilecheck' on input line 2
85.
)
\Hy@SectionHShift=\skip53
)
(/usr/share/texlive/texmf-dist/tex/latex/l3backend/l3backend-pdftex.def
File: l3backend-pdftex.def 2024-01-04 L3 backend support: PDF output (pdfTeX)
\l__color_backend_stack_int=\count279
\l__pdf_internal_box=\box53
)
(./rigidity_v103_archive.aux)
\openout1 = `rigidity_v103_archive.aux'.

LaTeX Font Info:    Checking defaults for OML/cmm/m/it on input line 5.
LaTeX Font Info:    ... okay on input line 5.
LaTeX Font Info:    Checking defaults for OMS/cmsy/m/n on input line 5.
LaTeX Font Info:    ... okay on input line 5.
LaTeX Font Info:    Checking defaults for OT1/cmr/m/n on input line 5.
LaTeX Font Info:    ... okay on input line 5.
LaTeX Font Info:    Checking defaults for T1/cmr/m/n on input line 5.
LaTeX Font Info:    ... okay on input line 5.
LaTeX Font Info:    Checking defaults for TS1/cmr/m/n on input line 5.
LaTeX Font Info:    ... okay on input line 5.
LaTeX Font Info:    Checking defaults for OMX/cmex/m/n on input line 5.
LaTeX Font Info:    ... okay on input line 5.
LaTeX Font Info:    Checking defaults for U/cmr/m/n on input line 5.
LaTeX Font Info:    ... okay on input line 5.
LaTeX Font Info:    Checking defaults for PD1/pdf/m/n on input line 5.
LaTeX Font Info:    ... okay on input line 5.
LaTeX Font Info:    Checking defaults for PU/pdf/m/n on input line 5.
LaTeX Font Info:    ... okay on input line 5.

(/usr/share/texlive/texmf-dist/tex/context/base/mkii/supp-pdf.mkii
[Loading MPS to PDF converter (version 2006.09.02).]
\scratchcounter=\count280
\scratchdimen=\dimen154
\scratchbox=\box54
\nofMPsegments=\count281
\nofMParguments=\count282
\everyMPshowfont=\toks21
\MPscratchCnt=\count283
\MPscratchDim=\dimen155
\MPnumerator=\count284
\makeMPintoPDFobject=\count285
\everyMPtoPDFconversion=\toks22
) (/usr/share/texlive/texmf-dist/tex/latex/epstopdf-pkg/epstopdf-base.sty
Package: epstopdf-base 2020-01-24 v2.11 Base part for package epstopdf
Package epstopdf-base Info: Redefining graphics rule for `.eps' on input line 4
85.

(/usr/share/texlive/texmf-dist/tex/latex/latexconfig/epstopdf-sys.cfg
File: epstopdf-sys.cfg 2010/07/13 v1.3 Configuration of (r)epstopdf for TeX Liv
e
))
(/usr/share/texlive/texmf-dist/tex/latex/pdflscape/pdflscape.sty
Package: pdflscape 2022-10-27 v0.13 Display of landscape pages in PDF

(/usr/share/texlive/texmf-dist/tex/latex/pdflscape/pdflscape-nometadata.sty
Package: pdflscape-nometadata 2022-10-28 v0.13 Display of landscape pages in PD
F (HO)

(/usr/share/texlive/texmf-dist/tex/latex/graphics/lscape.sty
Package: lscape 2020/05/28 v3.02 Landscape Pages (DPC)
)
Package pdflscape Info: Auto-detected driver: pdftex on input line 81.
))
Package hyperref Info: Link coloring OFF on input line 5.

(./rigidity_v103_archive.out) (./rigidity_v103_archive.out)
\@outlinefile=\write3
\openout3 = `rigidity_v103_archive.out'.

<rigidity_v102.pdf, id=4, 614.295pt x 794.97pt>
File: rigidity_v102.pdf Graphic file (type pdf)
<use rigidity_v102.pdf>
Package pdftex.def Info: rigidity_v102.pdf  used on input line 6.
(pdftex.def)             Requested size: 614.29349pt x 794.96806pt.
File: rigidity_v102.pdf Graphic file (type pdf)
<use rigidity_v102.pdf>
Package pdftex.def Info: rigidity_v102.pdf  used on input line 6.
(pdftex.def)             Requested size: 614.29349pt x 794.96806pt.
<rigidity_v102.pdf, id=7, page=1, 614.295pt x 794.97pt>
File: rigidity_v102.pdf Graphic file (type pdf)
<use rigidity_v102.pdf, page 1>
Package pdftex.def Info: rigidity_v102.pdf , page1 used on input line 6.
(pdftex.def)             Requested size: 614.29349pt x 794.96806pt.
File: rigidity_v102.pdf Graphic file (type pdf)
<use rigidity_v102.pdf, page 1>
Package pdftex.def Info: rigidity_v102.pdf , page1 used on input line 6.
(pdftex.def)             Requested size: 614.58406pt x 795.3441pt.
File: rigidity_v102.pdf Graphic file (type pdf)
<use rigidity_v102.pdf, page 1>
Package pdftex.def Info: rigidity_v102.pdf , page1 used on input line 6.
(pdftex.def)             Requested size: 614.58406pt x 795.3441pt.
File: rigidity_v102.pdf Graphic file (type pdf)
<use rigidity_v102.pdf, page 1>
Package pdftex.def Info: rigidity_v102.pdf , page1 used on input line 6.
(pdftex.def)             Requested size: 614.58406pt x 795.3441pt.
File: rigidity_v102.pdf Graphic file (type pdf)
<use rigidity_v102.pdf, page 1>
Package pdftex.def Info: rigidity_v102.pdf , page1 used on input line 6.
(pdftex.def)             Requested size: 614.58406pt x 795.3441pt.
 [1


 <./rigidity_v102.pdf{/var/lib/texmf/fonts/map/pdftex/updmap/pdftex.map}>]
<rigidity_v102.pdf, id=94, page=2, 614.295pt x 794.97pt>
File: rigidity_v102.pdf Graphic file (type pdf)
<use rigidity_v102.pdf, page 2>
Package pdftex.def Info: rigidity_v102.pdf , page2 used on input line 6.
(pdftex.def)             Requested size: 614.58406pt x 795.3441pt.
File: rigidity_v102.pdf Graphic file (type pdf)
<use rigidity_v102.pdf, page 2>
Package pdftex.def Info: rigidity_v102.pdf , page2 used on input line 6.
(pdftex.def)             Requested size: 614.58406pt x 795.3441pt.
File: rigidity_v102.pdf Graphic file (type pdf)
<use rigidity_v102.pdf, page 2>
Package pdftex.def Info: rigidity_v102.pdf , page2 used on input line 6.
(pdftex.def)             Requested size: 614.58406pt x 795.3441pt.
 [2

 <./rigidity_v102.pdf>]
<rigidity_v102.pdf, id=117, page=3, 614.295pt x 794.97pt>
File: rigidity_v102.pdf Graphic file (type pdf)
<use rigidity_v102.pdf, page 3>
Package pdftex.def Info: rigidity_v102.pdf , page3 used on input line 6.
(pdftex.def)             Requested size: 614.58406pt x 795.3441pt.
File: rigidity_v102.pdf Graphic file (type pdf)
<use rigidity_v102.pdf, page 3>
Package pdftex.def Info: rigidity_v102.pdf , page3 used on input line 6.
(pdftex.def)             Requested size: 614.58406pt x 795.3441pt.
File: rigidity_v102.pdf Graphic file (type pdf)
<use rigidity_v102.pdf, page 3>
Package pdftex.def Info: rigidity_v102.pdf , page3 used on input line 6.
(pdftex.def)             Requested size: 614.58406pt x 795.3441pt.
 [3

 <./rigidity_v102.pdf>]
<rigidity_v102.pdf, id=128, page=4, 614.295pt x 794.97pt>
File: rigidity_v102.pdf Graphic file (type pdf)
<use rigidity_v102.pdf, page 4>
Package pdftex.def Info: rigidity_v102.pdf , page4 used on input line 6.
(pdftex.def)             Requested size: 614.58406pt x 795.3441pt.
File: rigidity_v102.pdf Graphic file (type pdf)
<use rigidity_v102.pdf, page 4>
Package pdftex.def Info: rigidity_v102.pdf , page4 used on input line 6.
(pdftex.def)             Requested size: 614.58406pt x 795.3441pt.
File: rigidity_v102.pdf Graphic file (type pdf)
<use rigidity_v102.pdf, page 4>
Package pdftex.def Info: rigidity_v102.pdf , page4 used on input line 6.
(pdftex.def)             Requested size: 614.58406pt x 795.3441pt.
 [4

 <./rigidity_v102.pdf>]
<rigidity_v102.pdf, id=149, page=5, 614.295pt x 794.97pt>
File: rigidity_v102.pdf Graphic file (type pdf)
<use rigidity_v102.pdf, page 5>
Package pdftex.def Info: rigidity_v102.pdf , page5 used on input line 6.
(pdftex.def)             Requested size: 614.58406pt x 795.3441pt.
File: rigidity_v102.pdf Graphic file (type pdf)
<use rigidity_v102.pdf, page 5>
Package pdftex.def Info: rigidity_v102.pdf , page5 used on input line 6.
(pdftex.def)             Requested size: 614.58406pt x 795.3441pt.
File: rigidity_v102.pdf Graphic file (type pdf)
<use rigidity_v102.pdf, page 5>
Package pdftex.def Info: rigidity_v102.pdf , page5 used on input line 6.
(pdftex.def)             Requested size: 614.58406pt x 795.3441pt.
 [5

 <./rigidity_v102.pdf>]
<rigidity_v102.pdf, id=154, page=6, 614.295pt x 794.97pt>
File: rigidity_v102.pdf Graphic file (type pdf)
<use rigidity_v102.pdf, page 6>
Package pdftex.def Info: rigidity_v102.pdf , page6 used on input line 6.
(pdftex.def)             Requested size: 614.58406pt x 795.3441pt.
File: rigidity_v102.pdf Graphic file (type pdf)
<use rigidity_v102.pdf, page 6>
Package pdftex.def Info: rigidity_v102.pdf , page6 used on input line 6.
(pdftex.def)             Requested size: 614.58406pt x 795.3441pt.
File: rigidity_v102.pdf Graphic file (type pdf)
<use rigidity_v102.pdf, page 6>
Package pdftex.def Info: rigidity_v102.pdf , page6 used on input line 6.
(pdftex.def)             Requested size: 614.58406pt x 795.3441pt.
 [6

 <./rigidity_v102.pdf>]
<rigidity_v102.pdf, id=159, page=7, 614.295pt x 794.97pt>
File: rigidity_v102.pdf Graphic file (type pdf)
<use rigidity_v102.pdf, page 7>
Package pdftex.def Info: rigidity_v102.pdf , page7 used on input line 6.
(pdftex.def)             Requested size: 614.58406pt x 795.3441pt.
File: rigidity_v102.pdf Graphic file (type pdf)
<use rigidity_v102.pdf, page 7>
Package pdftex.def Info: rigidity_v102.pdf , page7 used on input line 6.
(pdftex.def)             Requested size: 614.58406pt x 795.3441pt.
File: rigidity_v102.pdf Graphic file (type pdf)
<use rigidity_v102.pdf, page 7>
Package pdftex.def Info: rigidity_v102.pdf , page7 used on input line 6.
(pdftex.def)             Requested size: 614.58406pt x 795.3441pt.
 [7

 <./rigidity_v102.pdf>]
<rigidity_v102.pdf, id=171, page=8, 614.295pt x 794.97pt>
File: rigidity_v102.pdf Graphic file (type pdf)
<use rigidity_v102.pdf, page 8>
Package pdftex.def Info: rigidity_v102.pdf , page8 used on input line 6.
(pdftex.def)             Requested size: 614.58406pt x 795.3441pt.
File: rigidity_v102.pdf Graphic file (type pdf)
<use rigidity_v102.pdf, page 8>
Package pdftex.def Info: rigidity_v102.pdf , page8 used on input line 6.
(pdftex.def)             Requested size: 614.58406pt x 795.3441pt.
File: rigidity_v102.pdf Graphic file (type pdf)
<use rigidity_v102.pdf, page 8>
Package pdftex.def Info: rigidity_v102.pdf , page8 used on input line 6.
(pdftex.def)             Requested size: 614.58406pt x 795.3441pt.
 [8

 <./rigidity_v102.pdf>]
<rigidity_v102.pdf, id=176, page=9, 614.295pt x 794.97pt>
File: rigidity_v102.pdf Graphic file (type pdf)
<use rigidity_v102.pdf, page 9>
Package pdftex.def Info: rigidity_v102.pdf , page9 used on input line 6.
(pdftex.def)             Requested size: 614.58406pt x 795.3441pt.
File: rigidity_v102.pdf Graphic file (type pdf)
<use rigidity_v102.pdf, page 9>
Package pdftex.def Info: rigidity_v102.pdf , page9 used on input line 6.
(pdftex.def)             Requested size: 614.58406pt x 795.3441pt.
File: rigidity_v102.pdf Graphic file (type pdf)
<use rigidity_v102.pdf, page 9>
Package pdftex.def Info: rigidity_v102.pdf , page9 used on input line 6.
(pdftex.def)             Requested size: 614.58406pt x 795.3441pt.
 [9

 <./rigidity_v102.pdf>]
<rigidity_v102.pdf, id=181, page=10, 614.295pt x 794.97pt>
File: rigidity_v102.pdf Graphic file (type pdf)
<use rigidity_v102.pdf, page 10>
Package pdftex.def Info: rigidity_v102.pdf , page10 used on input line 6.
(pdftex.def)             Requested size: 614.58406pt x 795.3441pt.
File: rigidity_v102.pdf Graphic file (type pdf)
<use rigidity_v102.pdf, page 10>
Package pdftex.def Info: rigidity_v102.pdf , page10 used on input line 6.
(pdftex.def)             Requested size: 614.58406pt x 795.3441pt.
File: rigidity_v102.pdf Graphic file (type pdf)
<use rigidity_v102.pdf, page 10>
Package pdftex.def Info: rigidity_v102.pdf , page10 used on input line 6.
(pdftex.def)             Requested size: 614.58406pt x 795.3441pt.
 [10

 <./rigidity_v102.pdf>]
<rigidity_v102.pdf, id=186, page=11, 614.295pt x 794.97pt>
File: rigidity_v102.pdf Graphic file (type pdf)
<use rigidity_v102.pdf, page 11>
Package pdftex.def Info: rigidity_v102.pdf , page11 used on input line 6.
(pdftex.def)             Requested size: 614.58406pt x 795.3441pt.
File: rigidity_v102.pdf Graphic file (type pdf)
<use rigidity_v102.pdf, page 11>
Package pdftex.def Info: rigidity_v102.pdf , page11 used on input line 6.
(pdftex.def)             Requested size: 614.58406pt x 795.3441pt.
File: rigidity_v102.pdf Graphic file (type pdf)
<use rigidity_v102.pdf, page 11>
Package pdftex.def Info: rigidity_v102.pdf , page11 used on input line 6.
(pdftex.def)             Requested size: 614.58406pt x 795.3441pt.
 [11

 <./rigidity_v102.pdf>]
<rigidity_v102.pdf, id=192, page=12, 614.295pt x 794.97pt>
File: rigidity_v102.pdf Graphic file (type pdf)
<use rigidity_v102.pdf, page 12>
Package pdftex.def Info: rigidity_v102.pdf , page12 used on input line 6.
(pdftex.def)             Requested size: 614.58406pt x 795.3441pt.
File: rigidity_v102.pdf Graphic file (type pdf)
<use rigidity_v102.pdf, page 12>
Package pdftex.def Info: rigidity_v102.pdf , page12 used on input line 6.
(pdftex.def)             Requested size: 614.58406pt x 795.3441pt.
File: rigidity_v102.pdf Graphic file (type pdf)
<use rigidity_v102.pdf, page 12>
Package pdftex.def Info: rigidity_v102.pdf , page12 used on input line 6.
(pdftex.def)             Requested size: 614.58406pt x 795.3441pt.
 [12

 <./rigidity_v102.pdf>]
<rigidity_v102.pdf, id=197, page=13, 614.295pt x 794.97pt>
File: rigidity_v102.pdf Graphic file (type pdf)
<use rigidity_v102.pdf, page 13>
Package pdftex.def Info: rigidity_v102.pdf , page13 used on input line 6.
(pdftex.def)             Requested size: 614.58406pt x 795.3441pt.
File: rigidity_v102.pdf Graphic file (type pdf)
<use rigidity_v102.pdf, page 13>
Package pdftex.def Info: rigidity_v102.pdf , page13 used on input line 6.
(pdftex.def)             Requested size: 614.58406pt x 795.3441pt.
File: rigidity_v102.pdf Graphic file (type pdf)
<use rigidity_v102.pdf, page 13>
Package pdftex.def Info: rigidity_v102.pdf , page13 used on input line 6.
(pdftex.def)             Requested size: 614.58406pt x 795.3441pt.
 [13

 <./rigidity_v102.pdf>]
<rigidity_v102_archive.pdf, id=203, 597.50829pt x 845.0471pt>
File: rigidity_v102_archive.pdf Graphic file (type pdf)
<use rigidity_v102_archive.pdf>
Package pdftex.def Info: rigidity_v102_archive.pdf  used on input line 7.
(pdftex.def)             Requested size: 597.50682pt x 845.04504pt.
File: rigidity_v102_archive.pdf Graphic file (type pdf)
<use rigidity_v102_archive.pdf>
Package pdftex.def Info: rigidity_v102_archive.pdf  used on input line 7.
(pdftex.def)             Requested size: 597.50682pt x 845.04504pt.
<rigidity_v102_archive.pdf, id=206, page=1, 597.50829pt x 845.0471pt>
File: rigidity_v102_archive.pdf Graphic file (type pdf)
<use rigidity_v102_archive.pdf, page 1>
Package pdftex.def Info: rigidity_v102_archive.pdf , page1 used on input line 7
.
(pdftex.def)             Requested size: 597.50682pt x 845.04504pt.
File: rigidity_v102_archive.pdf Graphic file (type pdf)
<use rigidity_v102_archive.pdf, page 1>
Package pdftex.def Info: rigidity_v102_archive.pdf , page1 used on input line 7
.
(pdftex.def)             Requested size: 562.12285pt x 795.00201pt.
File: rigidity_v102_archive.pdf Graphic file (type pdf)
<use rigidity_v102_archive.pdf, page 1>
Package pdftex.def Info: rigidity_v102_archive.pdf , page1 used on input line 7
.
(pdftex.def)             Requested size: 562.12285pt x 795.00201pt.
File: rigidity_v102_archive.pdf Graphic file (type pdf)
<use rigidity_v102_archive.pdf, page 1>
Package pdftex.def Info: rigidity_v102_archive.pdf , page1 used on input line 7
.
(pdftex.def)             Requested size: 562.12285pt x 795.00201pt.
File: rigidity_v102_archive.pdf Graphic file (type pdf)
<use rigidity_v102_archive.pdf, page 1>
Package pdftex.def Info: rigidity_v102_archive.pdf , page1 used on input line 7
.
(pdftex.def)             Requested size: 562.12285pt x 795.00201pt.
 [14

 <./rigidity_v102_archive.pdf>]
<rigidity_v102_archive.pdf, id=321, page=2, 597.50829pt x 845.0471pt>
File: rigidity_v102_archive.pdf Graphic file (type pdf)
<use rigidity_v102_archive.pdf, page 2>
Package pdftex.def Info: rigidity_v102_archive.pdf , page2 used on input line 7
.
(pdftex.def)             Requested size: 562.12285pt x 795.00201pt.
File: rigidity_v102_archive.pdf Graphic file (type pdf)
<use rigidity_v102_archive.pdf, page 2>
Package pdftex.def Info: rigidity_v102_archive.pdf , page2 used on input line 7
.
(pdftex.def)             Requested size: 562.12285pt x 795.00201pt.
File: rigidity_v102_archive.pdf Graphic file (type pdf)
<use rigidity_v102_archive.pdf, page 2>
Package pdftex.def Info: rigidity_v102_archive.pdf , page2 used on input line 7
.
(pdftex.def)             Requested size: 562.12285pt x 795.00201pt.
 [15

 <./rigidity_v102_archive.pdf>]
<rigidity_v102_archive.pdf, id=334, page=3, 597.50829pt x 845.0471pt>
File: rigidity_v102_archive.pdf Graphic file (type pdf)
<use rigidity_v102_archive.pdf, page 3>
Package pdftex.def Info: rigidity_v102_archive.pdf , page3 used on input line 7
.
(pdftex.def)             Requested size: 562.12285pt x 795.00201pt.
File: rigidity_v102_archive.pdf Graphic file (type pdf)
<use rigidity_v102_archive.pdf, page 3>
Package pdftex.def Info: rigidity_v102_archive.pdf , page3 used on input line 7
.
(pdftex.def)             Requested size: 562.12285pt x 795.00201pt.
File: rigidity_v102_archive.pdf Graphic file (type pdf)
<use rigidity_v102_archive.pdf, page 3>
Package pdftex.def Info: rigidity_v102_archive.pdf , page3 used on input line 7
.
(pdftex.def)             Requested size: 562.12285pt x 795.00201pt.
 [16

 <./rigidity_v102_archive.pdf>]
<rigidity_v102_archive.pdf, id=362, page=4, 597.50829pt x 845.0471pt>
File: rigidity_v102_archive.pdf Graphic file (type pdf)
<use rigidity_v102_archive.pdf, page 4>
Package pdftex.def Info: rigidity_v102_archive.pdf , page4 used on input line 7
.
(pdftex.def)             Requested size: 562.12285pt x 795.00201pt.
File: rigidity_v102_archive.pdf Graphic file (type pdf)
<use rigidity_v102_archive.pdf, page 4>
Package pdftex.def Info: rigidity_v102_archive.pdf , page4 used on input line 7
.
(pdftex.def)             Requested size: 562.12285pt x 795.00201pt.
File: rigidity_v102_archive.pdf Graphic file (type pdf)
<use rigidity_v102_archive.pdf, page 4>
Package pdftex.def Info: rigidity_v102_archive.pdf , page4 used on input line 7
.
(pdftex.def)             Requested size: 562.12285pt x 795.00201pt.
 [17

 <./rigidity_v102_archive.pdf>]
<rigidity_v102_archive.pdf, id=375, page=5, 597.50829pt x 845.0471pt>
File: rigidity_v102_archive.pdf Graphic file (type pdf)
<use rigidity_v102_archive.pdf, page 5>
Package pdftex.def Info: rigidity_v102_archive.pdf , page5 used on input line 7
.
(pdftex.def)             Requested size: 562.12285pt x 795.00201pt.
File: rigidity_v102_archive.pdf Graphic file (type pdf)
<use rigidity_v102_archive.pdf, page 5>
Package pdftex.def Info: rigidity_v102_archive.pdf , page5 used on input line 7
.
(pdftex.def)             Requested size: 562.12285pt x 795.00201pt.
File: rigidity_v102_archive.pdf Graphic file (type pdf)
<use rigidity_v102_archive.pdf, page 5>
Package pdftex.def Info: rigidity_v102_archive.pdf , page5 used on input line 7
.
(pdftex.def)             Requested size: 562.12285pt x 795.00201pt.
 [18

 <./rigidity_v102_archive.pdf>]
<rigidity_v102_archive.pdf, id=381, page=6, 597.50829pt x 845.0471pt>
File: rigidity_v102_archive.pdf Graphic file (type pdf)
<use rigidity_v102_archive.pdf, page 6>
Package pdftex.def Info: rigidity_v102_archive.pdf , page6 used on input line 7
.
(pdftex.def)             Requested size: 562.12285pt x 795.00201pt.
File: rigidity_v102_archive.pdf Graphic file (type pdf)
<use rigidity_v102_archive.pdf, page 6>
Package pdftex.def Info: rigidity_v102_archive.pdf , page6 used on input line 7
.
(pdftex.def)             Requested size: 562.12285pt x 795.00201pt.
File: rigidity_v102_archive.pdf Graphic file (type pdf)
<use rigidity_v102_archive.pdf, page 6>
Package pdftex.def Info: rigidity_v102_archive.pdf , page6 used on input line 7
.
(pdftex.def)             Requested size: 562.12285pt x 795.00201pt.

[19

 <./rigidity_v102_archive.pdf>]
<rigidity_v102_archive.pdf, id=395, page=7, 597.50829pt x 845.0471pt>
File: rigidity_v102_archive.pdf Graphic file (type pdf)
<use rigidity_v102_archive.pdf, page 7>
Package pdftex.def Info: rigidity_v102_archive.pdf , page7 used on input line 7
.
(pdftex.def)             Requested size: 562.12285pt x 795.00201pt.
File: rigidity_v102_archive.pdf Graphic file (type pdf)
<use rigidity_v102_archive.pdf, page 7>
Package pdftex.def Info: rigidity_v102_archive.pdf , page7 used on input line 7
.
(pdftex.def)             Requested size: 562.12285pt x 795.00201pt.
File: rigidity_v102_archive.pdf Graphic file (type pdf)
<use rigidity_v102_archive.pdf, page 7>
Package pdftex.def Info: rigidity_v102_archive.pdf , page7 used on input line 7
.
(pdftex.def)             Requested size: 562.12285pt x 795.00201pt.
 [20

 <./rigidity_v102_archive.pdf>]
<rigidity_v102_archive.pdf, id=401, page=8, 597.50829pt x 845.0471pt>
File: rigidity_v102_archive.pdf Graphic file (type pdf)
<use rigidity_v102_archive.pdf, page 8>
Package pdftex.def Info: rigidity_v102_archive.pdf , page8 used on input line 7
.
(pdftex.def)             Requested size: 562.12285pt x 795.00201pt.
File: rigidity_v102_archive.pdf Graphic file (type pdf)
<use rigidity_v102_archive.pdf, page 8>
Package pdftex.def Info: rigidity_v102_archive.pdf , page8 used on input line 7
.
(pdftex.def)             Requested size: 562.12285pt x 795.00201pt.
File: rigidity_v102_archive.pdf Graphic file (type pdf)
<use rigidity_v102_archive.pdf, page 8>
Package pdftex.def Info: rigidity_v102_archive.pdf , page8 used on input line 7
.
(pdftex.def)             Requested size: 562.12285pt x 795.00201pt.
 [21

 <./rigidity_v102_archive.pdf>]
<rigidity_v102_archive.pdf, id=407, page=9, 597.50829pt x 845.0471pt>
File: rigidity_v102_archive.pdf Graphic file (type pdf)
<use rigidity_v102_archive.pdf, page 9>
Package pdftex.def Info: rigidity_v102_archive.pdf , page9 used on input line 7
.
(pdftex.def)             Requested size: 562.12285pt x 795.00201pt.
File: rigidity_v102_archive.pdf Graphic file (type pdf)
<use rigidity_v102_archive.pdf, page 9>
Package pdftex.def Info: rigidity_v102_archive.pdf , page9 used on input line 7
.
(pdftex.def)             Requested size: 562.12285pt x 795.00201pt.
File: rigidity_v102_archive.pdf Graphic file (type pdf)
<use rigidity_v102_archive.pdf, page 9>
Package pdftex.def Info: rigidity_v102_archive.pdf , page9 used on input line 7
.
(pdftex.def)             Requested size: 562.12285pt x 795.00201pt.
 [22

 <./rigidity_v102_archive.pdf>]
<rigidity_v102_archive.pdf, id=420, page=10, 597.50829pt x 845.0471pt>
File: rigidity_v102_archive.pdf Graphic file (type pdf)
<use rigidity_v102_archive.pdf, page 10>
Package pdftex.def Info: rigidity_v102_archive.pdf , page10 used on input line 
7.
(pdftex.def)             Requested size: 562.12285pt x 795.00201pt.
File: rigidity_v102_archive.pdf Graphic file (type pdf)
<use rigidity_v102_archive.pdf, page 10>
Package pdftex.def Info: rigidity_v102_archive.pdf , page10 used on input line 
7.
(pdftex.def)             Requested size: 562.12285pt x 795.00201pt.
File: rigidity_v102_archive.pdf Graphic file (type pdf)
<use rigidity_v102_archive.pdf, page 10>
Package pdftex.def Info: rigidity_v102_archive.pdf , page10 used on input line 
7.
(pdftex.def)             Requested size: 562.12285pt x 795.00201pt.
 [23

 <./rigidity_v102_archive.pdf>]
<rigidity_v102_archive.pdf, id=426, page=11, 597.50829pt x 845.0471pt>
File: rigidity_v102_archive.pdf Graphic file (type pdf)
<use rigidity_v102_archive.pdf, page 11>
Package pdftex.def Info: rigidity_v102_archive.pdf , page11 used on input line 
7.
(pdftex.def)             Requested size: 562.12285pt x 795.00201pt.
File: rigidity_v102_archive.pdf Graphic file (type pdf)
<use rigidity_v102_archive.pdf, page 11>
Package pdftex.def Info: rigidity_v102_archive.pdf , page11 used on input line 
7.
(pdftex.def)             Requested size: 562.12285pt x 795.00201pt.
File: rigidity_v102_archive.pdf Graphic file (type pdf)
<use rigidity_v102_archive.pdf, page 11>
Package pdftex.def Info: rigidity_v102_archive.pdf , page11 used on input line 
7.
(pdftex.def)             Requested size: 562.12285pt x 795.00201pt.
 [24

 <./rigidity_v102_archive.pdf>]
<rigidity_v102_archive.pdf, id=432, page=12, 597.50829pt x 845.0471pt>
File: rigidity_v102_archive.pdf Graphic file (type pdf)
<use rigidity_v102_archive.pdf, page 12>
Package pdftex.def Info: rigidity_v102_archive.pdf , page12 used on input line 
7.
(pdftex.def)             Requested size: 562.12285pt x 795.00201pt.
File: rigidity_v102_archive.pdf Graphic file (type pdf)
<use rigidity_v102_archive.pdf, page 12>
Package pdftex.def Info: rigidity_v102_archive.pdf , page12 used on input line 
7.
(pdftex.def)             Requested size: 562.12285pt x 795.00201pt.
File: rigidity_v102_archive.pdf Graphic file (type pdf)
<use rigidity_v102_archive.pdf, page 12>
Package pdftex.def Info: rigidity_v102_archive.pdf , page12 used on input line 
7.
(pdftex.def)             Requested size: 562.12285pt x 795.00201pt.
 [25

 <./rigidity_v102_archive.pdf>]
<rigidity_v102_archive.pdf, id=446, page=13, 597.50829pt x 845.0471pt>
File: rigidity_v102_archive.pdf Graphic file (type pdf)
<use rigidity_v102_archive.pdf, page 13>
Package pdftex.def Info: rigidity_v102_archive.pdf , page13 used on input line 
7.
(pdftex.def)             Requested size: 562.12285pt x 795.00201pt.
File: rigidity_v102_archive.pdf Graphic file (type pdf)
<use rigidity_v102_archive.pdf, page 13>
Package pdftex.def Info: rigidity_v102_archive.pdf , page13 used on input line 
7.
(pdftex.def)             Requested size: 562.12285pt x 795.00201pt.
File: rigidity_v102_archive.pdf Graphic file (type pdf)
<use rigidity_v102_archive.pdf, page 13>
Package pdftex.def Info: rigidity_v102_archive.pdf , page13 used on input line 
7.
(pdftex.def)             Requested size: 562.12285pt x 795.00201pt.
 [26

 <./rigidity_v102_archive.pdf>]
<rigidity_v102_archive.pdf, id=452, page=14, 597.50829pt x 845.0471pt>
File: rigidity_v102_archive.pdf Graphic file (type pdf)
<use rigidity_v102_archive.pdf, page 14>
Package pdftex.def Info: rigidity_v102_archive.pdf , page14 used on input line 
7.
(pdftex.def)             Requested size: 562.12285pt x 795.00201pt.
File: rigidity_v102_archive.pdf Graphic file (type pdf)
<use rigidity_v102_archive.pdf, page 14>
Package pdftex.def Info: rigidity_v102_archive.pdf , page14 used on input line 
7.
(pdftex.def)             Requested size: 562.12285pt x 795.00201pt.
File: rigidity_v102_archive.pdf Graphic file (type pdf)
<use rigidity_v102_archive.pdf, page 14>
Package pdftex.def Info: rigidity_v102_archive.pdf , page14 used on input line 
7.
(pdftex.def)             Requested size: 562.12285pt x 795.00201pt.
 [27

 <./rigidity_v102_archive.pdf>]
<rigidity_v102_archive.pdf, id=458, page=15, 597.50829pt x 845.0471pt>
File: rigidity_v102_archive.pdf Graphic file (type pdf)
<use rigidity_v102_archive.pdf, page 15>
Package pdftex.def Info: rigidity_v102_archive.pdf , page15 used on input line 
7.
(pdftex.def)             Requested size: 562.12285pt x 795.00201pt.
File: rigidity_v102_archive.pdf Graphic file (type pdf)
<use rigidity_v102_archive.pdf, page 15>
Package pdftex.def Info: rigidity_v102_archive.pdf , page15 used on input line 
7.
(pdftex.def)             Requested size: 562.12285pt x 795.00201pt.
File: rigidity_v102_archive.pdf Graphic file (type pdf)
<use rigidity_v102_archive.pdf, page 15>
Package pdftex.def Info: rigidity_v102_archive.pdf , page15 used on input line 
7.
(pdftex.def)             Requested size: 562.12285pt x 795.00201pt.

[28

 <./rigidity_v102_archive.pdf>]
<rigidity_v102_archive.pdf, id=464, page=16, 597.50829pt x 845.0471pt>
File: rigidity_v102_archive.pdf Graphic file (type pdf)
<use rigidity_v102_archive.pdf, page 16>
Package pdftex.def Info: rigidity_v102_archive.pdf , page16 used on input line 
7.
(pdftex.def)             Requested size: 562.12285pt x 795.00201pt.
File: rigidity_v102_archive.pdf Graphic file (type pdf)
<use rigidity_v102_archive.pdf, page 16>
Package pdftex.def Info: rigidity_v102_archive.pdf , page16 used on input line 
7.
(pdftex.def)             Requested size: 562.12285pt x 795.00201pt.
File: rigidity_v102_archive.pdf Graphic file (type pdf)
<use rigidity_v102_archive.pdf, page 16>
Package pdftex.def Info: rigidity_v102_archive.pdf , page16 used on input line 
7.
(pdftex.def)             Requested size: 562.12285pt x 795.00201pt.
 [29

 <./rigidity_v102_archive.pdf>]
<rigidity_v102_archive.pdf, id=470, page=17, 597.50829pt x 845.0471pt>
File: rigidity_v102_archive.pdf Graphic file (type pdf)
<use rigidity_v102_archive.pdf, page 17>
Package pdftex.def Info: rigidity_v102_archive.pdf , page17 used on input line 
7.
(pdftex.def)             Requested size: 562.12285pt x 795.00201pt.
File: rigidity_v102_archive.pdf Graphic file (type pdf)
<use rigidity_v102_archive.pdf, page 17>
Package pdftex.def Info: rigidity_v102_archive.pdf , page17 used on input line 
7.
(pdftex.def)             Requested size: 562.12285pt x 795.00201pt.
File: rigidity_v102_archive.pdf Graphic file (type pdf)
<use rigidity_v102_archive.pdf, page 17>
Package pdftex.def Info: rigidity_v102_archive.pdf , page17 used on input line 
7.
(pdftex.def)             Requested size: 562.12285pt x 795.00201pt.
 [30

 <./rigidity_v102_archive.pdf>]
<rigidity_v102_archive.pdf, id=476, page=18, 597.50829pt x 845.0471pt>
File: rigidity_v102_archive.pdf Graphic file (type pdf)
<use rigidity_v102_archive.pdf, page 18>
Package pdftex.def Info: rigidity_v102_archive.pdf , page18 used on input line 
7.
(pdftex.def)             Requested size: 562.12285pt x 795.00201pt.
File: rigidity_v102_archive.pdf Graphic file (type pdf)
<use rigidity_v102_archive.pdf, page 18>
Package pdftex.def Info: rigidity_v102_archive.pdf , page18 used on input line 
7.
(pdftex.def)             Requested size: 562.12285pt x 795.00201pt.
File: rigidity_v102_archive.pdf Graphic file (type pdf)
<use rigidity_v102_archive.pdf, page 18>
Package pdftex.def Info: rigidity_v102_archive.pdf , page18 used on input line 
7.
(pdftex.def)             Requested size: 562.12285pt x 795.00201pt.
 [31

 <./rigidity_v102_archive.pdf>]
<rigidity_v102_archive.pdf, id=490, page=19, 597.50829pt x 845.0471pt>
File: rigidity_v102_archive.pdf Graphic file (type pdf)
<use rigidity_v102_archive.pdf, page 19>
Package pdftex.def Info: rigidity_v102_archive.pdf , page19 used on input line 
7.
(pdftex.def)             Requested size: 562.12285pt x 795.00201pt.
File: rigidity_v102_archive.pdf Graphic file (type pdf)
<use rigidity_v102_archive.pdf, page 19>
Package pdftex.def Info: rigidity_v102_archive.pdf , page19 used on input line 
7.
(pdftex.def)             Requested size: 562.12285pt x 795.00201pt.
File: rigidity_v102_archive.pdf Graphic file (type pdf)
<use rigidity_v102_archive.pdf, page 19>
Package pdftex.def Info: rigidity_v102_archive.pdf , page19 used on input line 
7.
(pdftex.def)             Requested size: 562.12285pt x 795.00201pt.
 [32

 <./rigidity_v102_archive.pdf>]
<rigidity_v102_archive.pdf, id=496, page=20, 597.50829pt x 845.0471pt>
File: rigidity_v102_archive.pdf Graphic file (type pdf)
<use rigidity_v102_archive.pdf, page 20>
Package pdftex.def Info: rigidity_v102_archive.pdf , page20 used on input line 
7.
(pdftex.def)             Requested size: 562.12285pt x 795.00201pt.
File: rigidity_v102_archive.pdf Graphic file (type pdf)
<use rigidity_v102_archive.pdf, page 20>
Package pdftex.def Info: rigidity_v102_archive.pdf , page20 used on input line 
7.
(pdftex.def)             Requested size: 562.12285pt x 795.00201pt.
File: rigidity_v102_archive.pdf Graphic file (type pdf)
<use rigidity_v102_archive.pdf, page 20>
Package pdftex.def Info: rigidity_v102_archive.pdf , page20 used on input line 
7.
(pdftex.def)             Requested size: 562.12285pt x 795.00201pt.
 [33

 <./rigidity_v102_archive.pdf>]
<rigidity_v102_archive.pdf, id=502, page=21, 597.50829pt x 845.0471pt>
File: rigidity_v102_archive.pdf Graphic file (type pdf)
<use rigidity_v102_archive.pdf, page 21>
Package pdftex.def Info: rigidity_v102_archive.pdf , page21 used on input line 
7.
(pdftex.def)             Requested size: 562.12285pt x 795.00201pt.
File: rigidity_v102_archive.pdf Graphic file (type pdf)
<use rigidity_v102_archive.pdf, page 21>
Package pdftex.def Info: rigidity_v102_archive.pdf , page21 used on input line 
7.
(pdftex.def)             Requested size: 562.12285pt x 795.00201pt.
File: rigidity_v102_archive.pdf Graphic file (type pdf)
<use rigidity_v102_archive.pdf, page 21>
Package pdftex.def Info: rigidity_v102_archive.pdf , page21 used on input line 
7.
(pdftex.def)             Requested size: 562.12285pt x 795.00201pt.
 [34

 <./rigidity_v102_archive.pdf>]
<rigidity_v102_archive.pdf, id=508, page=22, 597.50829pt x 845.0471pt>
File: rigidity_v102_archive.pdf Graphic file (type pdf)
<use rigidity_v102_archive.pdf, page 22>
Package pdftex.def Info: rigidity_v102_archive.pdf , page22 used on input line 
7.
(pdftex.def)             Requested size: 562.12285pt x 795.00201pt.
File: rigidity_v102_archive.pdf Graphic file (type pdf)
<use rigidity_v102_archive.pdf, page 22>
Package pdftex.def Info: rigidity_v102_archive.pdf , page22 used on input line 
7.
(pdftex.def)             Requested size: 562.12285pt x 795.00201pt.
File: rigidity_v102_archive.pdf Graphic file (type pdf)
<use rigidity_v102_archive.pdf, page 22>
Package pdftex.def Info: rigidity_v102_archive.pdf , page22 used on input line 
7.
(pdftex.def)             Requested size: 562.12285pt x 795.00201pt.
 [35

 <./rigidity_v102_archive.pdf>]
<rigidity_v102_archive.pdf, id=514, page=23, 597.50829pt x 845.0471pt>
File: rigidity_v102_archive.pdf Graphic file (type pdf)
<use rigidity_v102_archive.pdf, page 23>
Package pdftex.def Info: rigidity_v102_archive.pdf , page23 used on input line 
7.
(pdftex.def)             Requested size: 562.12285pt x 795.00201pt.
File: rigidity_v102_archive.pdf Graphic file (type pdf)
<use rigidity_v102_archive.pdf, page 23>
Package pdftex.def Info: rigidity_v102_archive.pdf , page23 used on input line 
7.
(pdftex.def)             Requested size: 562.12285pt x 795.00201pt.
File: rigidity_v102_archive.pdf Graphic file (type pdf)
<use rigidity_v102_archive.pdf, page 23>
Package pdftex.def Info: rigidity_v102_archive.pdf , page23 used on input line 
7.
(pdftex.def)             Requested size: 562.12285pt x 795.00201pt.
 [36

 <./rigidity_v102_archive.pdf>]
<rigidity_v102_archive.pdf, id=521, page=24, 597.50829pt x 845.0471pt>
File: rigidity_v102_archive.pdf Graphic file (type pdf)
<use rigidity_v102_archive.pdf, page 24>
Package pdftex.def Info: rigidity_v102_archive.pdf , page24 used on input line 
7.
(pdftex.def)             Requested size: 562.12285pt x 795.00201pt.
File: rigidity_v102_archive.pdf Graphic file (type pdf)
<use rigidity_v102_archive.pdf, page 24>
Package pdftex.def Info: rigidity_v102_archive.pdf , page24 used on input line 
7.
(pdftex.def)             Requested size: 562.12285pt x 795.00201pt.
File: rigidity_v102_archive.pdf Graphic file (type pdf)
<use rigidity_v102_archive.pdf, page 24>
Package pdftex.def Info: rigidity_v102_archive.pdf , page24 used on input line 
7.
(pdftex.def)             Requested size: 562.12285pt x 795.00201pt.

[37

 <./rigidity_v102_archive.pdf>]
<rigidity_v102_archive.pdf, id=528, page=25, 597.50829pt x 845.0471pt>
File: rigidity_v102_archive.pdf Graphic file (type pdf)
<use rigidity_v102_archive.pdf, page 25>
Package pdftex.def Info: rigidity_v102_archive.pdf , page25 used on input line 
7.
(pdftex.def)             Requested size: 562.12285pt x 795.00201pt.
File: rigidity_v102_archive.pdf Graphic file (type pdf)
<use rigidity_v102_archive.pdf, page 25>
Package pdftex.def Info: rigidity_v102_archive.pdf , page25 used on input line 
7.
(pdftex.def)             Requested size: 562.12285pt x 795.00201pt.
File: rigidity_v102_archive.pdf Graphic file (type pdf)
<use rigidity_v102_archive.pdf, page 25>
Package pdftex.def Info: rigidity_v102_archive.pdf , page25 used on input line 
7.
(pdftex.def)             Requested size: 562.12285pt x 795.00201pt.
 [38

 <./rigidity_v102_archive.pdf>]
<rigidity_v102_archive.pdf, id=534, page=26, 597.50829pt x 845.0471pt>
File: rigidity_v102_archive.pdf Graphic file (type pdf)
<use rigidity_v102_archive.pdf, page 26>
Package pdftex.def Info: rigidity_v102_archive.pdf , page26 used on input line 
7.
(pdftex.def)             Requested size: 562.12285pt x 795.00201pt.
File: rigidity_v102_archive.pdf Graphic file (type pdf)
<use rigidity_v102_archive.pdf, page 26>
Package pdftex.def Info: rigidity_v102_archive.pdf , page26 used on input line 
7.
(pdftex.def)             Requested size: 562.12285pt x 795.00201pt.
File: rigidity_v102_archive.pdf Graphic file (type pdf)
<use rigidity_v102_archive.pdf, page 26>
Package pdftex.def Info: rigidity_v102_archive.pdf , page26 used on input line 
7.
(pdftex.def)             Requested size: 562.12285pt x 795.00201pt.
 [39

 <./rigidity_v102_archive.pdf>]
<rigidity_v102_archive.pdf, id=540, page=27, 597.50829pt x 845.0471pt>
File: rigidity_v102_archive.pdf Graphic file (type pdf)
<use rigidity_v102_archive.pdf, page 27>
Package pdftex.def Info: rigidity_v102_archive.pdf , page27 used on input line 
7.
(pdftex.def)             Requested size: 562.12285pt x 795.00201pt.
File: rigidity_v102_archive.pdf Graphic file (type pdf)
<use rigidity_v102_archive.pdf, page 27>
Package pdftex.def Info: rigidity_v102_archive.pdf , page27 used on input line 
7.
(pdftex.def)             Requested size: 562.12285pt x 795.00201pt.
File: rigidity_v102_archive.pdf Graphic file (type pdf)
<use rigidity_v102_archive.pdf, page 27>
Package pdftex.def Info: rigidity_v102_archive.pdf , page27 used on input line 
7.
(pdftex.def)             Requested size: 562.12285pt x 795.00201pt.
 [40

 <./rigidity_v102_archive.pdf>]
<rigidity_v102_archive.pdf, id=546, page=28, 597.50829pt x 845.0471pt>
File: rigidity_v102_archive.pdf Graphic file (type pdf)
<use rigidity_v102_archive.pdf, page 28>
Package pdftex.def Info: rigidity_v102_archive.pdf , page28 used on input line 
7.
(pdftex.def)             Requested size: 562.12285pt x 795.00201pt.
File: rigidity_v102_archive.pdf Graphic file (type pdf)
<use rigidity_v102_archive.pdf, page 28>
Package pdftex.def Info: rigidity_v102_archive.pdf , page28 used on input line 
7.
(pdftex.def)             Requested size: 562.12285pt x 795.00201pt.
File: rigidity_v102_archive.pdf Graphic file (type pdf)
<use rigidity_v102_archive.pdf, page 28>
Package pdftex.def Info: rigidity_v102_archive.pdf , page28 used on input line 
7.
(pdftex.def)             Requested size: 562.12285pt x 795.00201pt.
 [41

 <./rigidity_v102_archive.pdf>]
<rigidity_v102_archive.pdf, id=552, page=29, 597.50829pt x 845.0471pt>
File: rigidity_v102_archive.pdf Graphic file (type pdf)
<use rigidity_v102_archive.pdf, page 29>
Package pdftex.def Info: rigidity_v102_archive.pdf , page29 used on input line 
7.
(pdftex.def)             Requested size: 562.12285pt x 795.00201pt.
File: rigidity_v102_archive.pdf Graphic file (type pdf)
<use rigidity_v102_archive.pdf, page 29>
Package pdftex.def Info: rigidity_v102_archive.pdf , page29 used on input line 
7.
(pdftex.def)             Requested size: 562.12285pt x 795.00201pt.
File: rigidity_v102_archive.pdf Graphic file (type pdf)
<use rigidity_v102_archive.pdf, page 29>
Package pdftex.def Info: rigidity_v102_archive.pdf , page29 used on input line 
7.
(pdftex.def)             Requested size: 562.12285pt x 795.00201pt.
 [42

 <./rigidity_v102_archive.pdf>]
<rigidity_v102_archive.pdf, id=558, page=30, 597.50829pt x 845.0471pt>
File: rigidity_v102_archive.pdf Graphic file (type pdf)
<use rigidity_v102_archive.pdf, page 30>
Package pdftex.def Info: rigidity_v102_archive.pdf , page30 used on input line 
7.
(pdftex.def)             Requested size: 562.12285pt x 795.00201pt.
File: rigidity_v102_archive.pdf Graphic file (type pdf)
<use rigidity_v102_archive.pdf, page 30>
Package pdftex.def Info: rigidity_v102_archive.pdf , page30 used on input line 
7.
(pdftex.def)             Requested size: 562.12285pt x 795.00201pt.
File: rigidity_v102_archive.pdf Graphic file (type pdf)
<use rigidity_v102_archive.pdf, page 30>
Package pdftex.def Info: rigidity_v102_archive.pdf , page30 used on input line 
7.
(pdftex.def)             Requested size: 562.12285pt x 795.00201pt.
 [43

 <./rigidity_v102_archive.pdf>]
<rigidity_v102_archive.pdf, id=572, page=31, 597.50829pt x 845.0471pt>
File: rigidity_v102_archive.pdf Graphic file (type pdf)
<use rigidity_v102_archive.pdf, page 31>
Package pdftex.def Info: rigidity_v102_archive.pdf , page31 used on input line 
7.
(pdftex.def)             Requested size: 562.12285pt x 795.00201pt.
File: rigidity_v102_archive.pdf Graphic file (type pdf)
<use rigidity_v102_archive.pdf, page 31>
Package pdftex.def Info: rigidity_v102_archive.pdf , page31 used on input line 
7.
(pdftex.def)             Requested size: 562.12285pt x 795.00201pt.
File: rigidity_v102_archive.pdf Graphic file (type pdf)
<use rigidity_v102_archive.pdf, page 31>
Package pdftex.def Info: rigidity_v102_archive.pdf , page31 used on input line 
7.
(pdftex.def)             Requested size: 562.12285pt x 795.00201pt.
 [44

 <./rigidity_v102_archive.pdf>]
<rigidity_v102_archive.pdf, id=578, page=32, 597.50829pt x 845.0471pt>
File: rigidity_v102_archive.pdf Graphic file (type pdf)
<use rigidity_v102_archive.pdf, page 32>
Package pdftex.def Info: rigidity_v102_archive.pdf , page32 used on input line 
7.
(pdftex.def)             Requested size: 562.12285pt x 795.00201pt.
File: rigidity_v102_archive.pdf Graphic file (type pdf)
<use rigidity_v102_archive.pdf, page 32>
Package pdftex.def Info: rigidity_v102_archive.pdf , page32 used on input line 
7.
(pdftex.def)             Requested size: 562.12285pt x 795.00201pt.
File: rigidity_v102_archive.pdf Graphic file (type pdf)
<use rigidity_v102_archive.pdf, page 32>
Package pdftex.def Info: rigidity_v102_archive.pdf , page32 used on input line 
7.
(pdftex.def)             Requested size: 562.12285pt x 795.00201pt.
 [45

 <./rigidity_v102_archive.pdf>]
<rigidity_v102_archive.pdf, id=584, page=33, 597.50829pt x 845.0471pt>
File: rigidity_v102_archive.pdf Graphic file (type pdf)
<use rigidity_v102_archive.pdf, page 33>
Package pdftex.def Info: rigidity_v102_archive.pdf , page33 used on input line 
7.
(pdftex.def)             Requested size: 562.12285pt x 795.00201pt.
File: rigidity_v102_archive.pdf Graphic file (type pdf)
<use rigidity_v102_archive.pdf, page 33>
Package pdftex.def Info: rigidity_v102_archive.pdf , page33 used on input line 
7.
(pdftex.def)             Requested size: 562.12285pt x 795.00201pt.
File: rigidity_v102_archive.pdf Graphic file (type pdf)
<use rigidity_v102_archive.pdf, page 33>
Package pdftex.def Info: rigidity_v102_archive.pdf , page33 used on input line 
7.
(pdftex.def)             Requested size: 562.12285pt x 795.00201pt.

[46

 <./rigidity_v102_archive.pdf>]
<rigidity_v102_archive.pdf, id=590, page=34, 597.50829pt x 845.0471pt>
File: rigidity_v102_archive.pdf Graphic file (type pdf)
<use rigidity_v102_archive.pdf, page 34>
Package pdftex.def Info: rigidity_v102_archive.pdf , page34 used on input line 
7.
(pdftex.def)             Requested size: 562.12285pt x 795.00201pt.
File: rigidity_v102_archive.pdf Graphic file (type pdf)
<use rigidity_v102_archive.pdf, page 34>
Package pdftex.def Info: rigidity_v102_archive.pdf , page34 used on input line 
7.
(pdftex.def)             Requested size: 562.12285pt x 795.00201pt.
File: rigidity_v102_archive.pdf Graphic file (type pdf)
<use rigidity_v102_archive.pdf, page 34>
Package pdftex.def Info: rigidity_v102_archive.pdf , page34 used on input line 
7.
(pdftex.def)             Requested size: 562.12285pt x 795.00201pt.
 [47

 <./rigidity_v102_archive.pdf>]
<rigidity_v102_archive.pdf, id=596, page=35, 597.50829pt x 845.0471pt>
File: rigidity_v102_archive.pdf Graphic file (type pdf)
<use rigidity_v102_archive.pdf, page 35>
Package pdftex.def Info: rigidity_v102_archive.pdf , page35 used on input line 
7.
(pdftex.def)             Requested size: 562.12285pt x 795.00201pt.
File: rigidity_v102_archive.pdf Graphic file (type pdf)
<use rigidity_v102_archive.pdf, page 35>
Package pdftex.def Info: rigidity_v102_archive.pdf , page35 used on input line 
7.
(pdftex.def)             Requested size: 562.12285pt x 795.00201pt.
File: rigidity_v102_archive.pdf Graphic file (type pdf)
<use rigidity_v102_archive.pdf, page 35>
Package pdftex.def Info: rigidity_v102_archive.pdf , page35 used on input line 
7.
(pdftex.def)             Requested size: 562.12285pt x 795.00201pt.
 [48

 <./rigidity_v102_archive.pdf>]
<rigidity_v102_archive.pdf, id=602, page=36, 597.50829pt x 845.0471pt>
File: rigidity_v102_archive.pdf Graphic file (type pdf)
<use rigidity_v102_archive.pdf, page 36>
Package pdftex.def Info: rigidity_v102_archive.pdf , page36 used on input line 
7.
(pdftex.def)             Requested size: 562.12285pt x 795.00201pt.
File: rigidity_v102_archive.pdf Graphic file (type pdf)
<use rigidity_v102_archive.pdf, page 36>
Package pdftex.def Info: rigidity_v102_archive.pdf , page36 used on input line 
7.
(pdftex.def)             Requested size: 562.12285pt x 795.00201pt.
File: rigidity_v102_archive.pdf Graphic file (type pdf)
<use rigidity_v102_archive.pdf, page 36>
Package pdftex.def Info: rigidity_v102_archive.pdf , page36 used on input line 
7.
(pdftex.def)             Requested size: 562.12285pt x 795.00201pt.
 [49

 <./rigidity_v102_archive.pdf>]
<rigidity_v102_archive.pdf, id=609, page=37, 597.50829pt x 845.0471pt>
File: rigidity_v102_archive.pdf Graphic file (type pdf)
<use rigidity_v102_archive.pdf, page 37>
Package pdftex.def Info: rigidity_v102_archive.pdf , page37 used on input line 
7.
(pdftex.def)             Requested size: 562.12285pt x 795.00201pt.
File: rigidity_v102_archive.pdf Graphic file (type pdf)
<use rigidity_v102_archive.pdf, page 37>
Package pdftex.def Info: rigidity_v102_archive.pdf , page37 used on input line 
7.
(pdftex.def)             Requested size: 562.12285pt x 795.00201pt.
File: rigidity_v102_archive.pdf Graphic file (type pdf)
<use rigidity_v102_archive.pdf, page 37>
Package pdftex.def Info: rigidity_v102_archive.pdf , page37 used on input line 
7.
(pdftex.def)             Requested size: 562.12285pt x 795.00201pt.
 [50

 <./rigidity_v102_archive.pdf>]
<rigidity_v102_archive.pdf, id=615, page=38, 597.50829pt x 845.0471pt>
File: rigidity_v102_archive.pdf Graphic file (type pdf)
<use rigidity_v102_archive.pdf, page 38>
Package pdftex.def Info: rigidity_v102_archive.pdf , page38 used on input line 
7.
(pdftex.def)             Requested size: 562.12285pt x 795.00201pt.
File: rigidity_v102_archive.pdf Graphic file (type pdf)
<use rigidity_v102_archive.pdf, page 38>
Package pdftex.def Info: rigidity_v102_archive.pdf , page38 used on input line 
7.
(pdftex.def)             Requested size: 562.12285pt x 795.00201pt.
File: rigidity_v102_archive.pdf Graphic file (type pdf)
<use rigidity_v102_archive.pdf, page 38>
Package pdftex.def Info: rigidity_v102_archive.pdf , page38 used on input line 
7.
(pdftex.def)             Requested size: 562.12285pt x 795.00201pt.
 [51

 <./rigidity_v102_archive.pdf>]
<rigidity_v102_archive.pdf, id=621, page=39, 597.50829pt x 845.0471pt>
File: rigidity_v102_archive.pdf Graphic file (type pdf)
<use rigidity_v102_archive.pdf, page 39>
Package pdftex.def Info: rigidity_v102_archive.pdf , page39 used on input line 
7.
(pdftex.def)             Requested size: 562.12285pt x 795.00201pt.
File: rigidity_v102_archive.pdf Graphic file (type pdf)
<use rigidity_v102_archive.pdf, page 39>
Package pdftex.def Info: rigidity_v102_archive.pdf , page39 used on input line 
7.
(pdftex.def)             Requested size: 562.12285pt x 795.00201pt.
File: rigidity_v102_archive.pdf Graphic file (type pdf)
<use rigidity_v102_archive.pdf, page 39>
Package pdftex.def Info: rigidity_v102_archive.pdf , page39 used on input line 
7.
(pdftex.def)             Requested size: 562.12285pt x 795.00201pt.
 [52

 <./rigidity_v102_archive.pdf>]
<rigidity_v102_archive.pdf, id=627, page=40, 597.50829pt x 845.0471pt>
File: rigidity_v102_archive.pdf Graphic file (type pdf)
<use rigidity_v102_archive.pdf, page 40>
Package pdftex.def Info: rigidity_v102_archive.pdf , page40 used on input line 
7.
(pdftex.def)             Requested size: 562.12285pt x 795.00201pt.
File: rigidity_v102_archive.pdf Graphic file (type pdf)
<use rigidity_v102_archive.pdf, page 40>
Package pdftex.def Info: rigidity_v102_archive.pdf , page40 used on input line 
7.
(pdftex.def)             Requested size: 562.12285pt x 795.00201pt.
File: rigidity_v102_archive.pdf Graphic file (type pdf)
<use rigidity_v102_archive.pdf, page 40>
Package pdftex.def Info: rigidity_v102_archive.pdf , page40 used on input line 
7.
(pdftex.def)             Requested size: 562.12285pt x 795.00201pt.
 [53

 <./rigidity_v102_archive.pdf>]
<rigidity_v102_archive.pdf, id=633, page=41, 597.50829pt x 845.0471pt>
File: rigidity_v102_archive.pdf Graphic file (type pdf)
<use rigidity_v102_archive.pdf, page 41>
Package pdftex.def Info: rigidity_v102_archive.pdf , page41 used on input line 
7.
(pdftex.def)             Requested size: 562.12285pt x 795.00201pt.
File: rigidity_v102_archive.pdf Graphic file (type pdf)
<use rigidity_v102_archive.pdf, page 41>
Package pdftex.def Info: rigidity_v102_archive.pdf , page41 used on input line 
7.
(pdftex.def)             Requested size: 562.12285pt x 795.00201pt.
File: rigidity_v102_archive.pdf Graphic file (type pdf)
<use rigidity_v102_archive.pdf, page 41>
Package pdftex.def Info: rigidity_v102_archive.pdf , page41 used on input line 
7.
(pdftex.def)             Requested size: 562.12285pt x 795.00201pt.
 [54

 <./rigidity_v102_archive.pdf>]
<rigidity_v102_archive.pdf, id=639, page=42, 597.50829pt x 845.0471pt>
File: rigidity_v102_archive.pdf Graphic file (type pdf)
<use rigidity_v102_archive.pdf, page 42>
Package pdftex.def Info: rigidity_v102_archive.pdf , page42 used on input line 
7.
(pdftex.def)             Requested size: 562.12285pt x 795.00201pt.
File: rigidity_v102_archive.pdf Graphic file (type pdf)
<use rigidity_v102_archive.pdf, page 42>
Package pdftex.def Info: rigidity_v102_archive.pdf , page42 used on input line 
7.
(pdftex.def)             Requested size: 562.12285pt x 795.00201pt.
File: rigidity_v102_archive.pdf Graphic file (type pdf)
<use rigidity_v102_archive.pdf, page 42>
Package pdftex.def Info: rigidity_v102_archive.pdf , page42 used on input line 
7.
(pdftex.def)             Requested size: 562.12285pt x 795.00201pt.

[55

 <./rigidity_v102_archive.pdf>]
<rigidity_v102_archive.pdf, id=646, page=43, 597.50829pt x 845.0471pt>
File: rigidity_v102_archive.pdf Graphic file (type pdf)
<use rigidity_v102_archive.pdf, page 43>
Package pdftex.def Info: rigidity_v102_archive.pdf , page43 used on input line 
7.
(pdftex.def)             Requested size: 562.12285pt x 795.00201pt.
File: rigidity_v102_archive.pdf Graphic file (type pdf)
<use rigidity_v102_archive.pdf, page 43>
Package pdftex.def Info: rigidity_v102_archive.pdf , page43 used on input line 
7.
(pdftex.def)             Requested size: 562.12285pt x 795.00201pt.
File: rigidity_v102_archive.pdf Graphic file (type pdf)
<use rigidity_v102_archive.pdf, page 43>
Package pdftex.def Info: rigidity_v102_archive.pdf , page43 used on input line 
7.
(pdftex.def)             Requested size: 562.12285pt x 795.00201pt.
 [56

 <./rigidity_v102_archive.pdf>]
<rigidity_v102_archive.pdf, id=652, page=44, 597.50829pt x 845.0471pt>
File: rigidity_v102_archive.pdf Graphic file (type pdf)
<use rigidity_v102_archive.pdf, page 44>
Package pdftex.def Info: rigidity_v102_archive.pdf , page44 used on input line 
7.
(pdftex.def)             Requested size: 562.12285pt x 795.00201pt.
File: rigidity_v102_archive.pdf Graphic file (type pdf)
<use rigidity_v102_archive.pdf, page 44>
Package pdftex.def Info: rigidity_v102_archive.pdf , page44 used on input line 
7.
(pdftex.def)             Requested size: 562.12285pt x 795.00201pt.
File: rigidity_v102_archive.pdf Graphic file (type pdf)
<use rigidity_v102_archive.pdf, page 44>
Package pdftex.def Info: rigidity_v102_archive.pdf , page44 used on input line 
7.
(pdftex.def)             Requested size: 562.12285pt x 795.00201pt.
 [57

 <./rigidity_v102_archive.pdf>]
<rigidity_v102_archive.pdf, id=658, page=45, 597.50829pt x 845.0471pt>
File: rigidity_v102_archive.pdf Graphic file (type pdf)
<use rigidity_v102_archive.pdf, page 45>
Package pdftex.def Info: rigidity_v102_archive.pdf , page45 used on input line 
7.
(pdftex.def)             Requested size: 562.12285pt x 795.00201pt.
File: rigidity_v102_archive.pdf Graphic file (type pdf)
<use rigidity_v102_archive.pdf, page 45>
Package pdftex.def Info: rigidity_v102_archive.pdf , page45 used on input line 
7.
(pdftex.def)             Requested size: 562.12285pt x 795.00201pt.
File: rigidity_v102_archive.pdf Graphic file (type pdf)
<use rigidity_v102_archive.pdf, page 45>
Package pdftex.def Info: rigidity_v102_archive.pdf , page45 used on input line 
7.
(pdftex.def)             Requested size: 562.12285pt x 795.00201pt.
 [58

 <./rigidity_v102_archive.pdf>]
<rigidity_v102_archive.pdf, id=664, page=46, 597.50829pt x 845.0471pt>
File: rigidity_v102_archive.pdf Graphic file (type pdf)
<use rigidity_v102_archive.pdf, page 46>
Package pdftex.def Info: rigidity_v102_archive.pdf , page46 used on input line 
7.
(pdftex.def)             Requested size: 562.12285pt x 795.00201pt.
File: rigidity_v102_archive.pdf Graphic file (type pdf)
<use rigidity_v102_archive.pdf, page 46>
Package pdftex.def Info: rigidity_v102_archive.pdf , page46 used on input line 
7.
(pdftex.def)             Requested size: 562.12285pt x 795.00201pt.
File: rigidity_v102_archive.pdf Graphic file (type pdf)
<use rigidity_v102_archive.pdf, page 46>
Package pdftex.def Info: rigidity_v102_archive.pdf , page46 used on input line 
7.
(pdftex.def)             Requested size: 562.12285pt x 795.00201pt.
 [59

 <./rigidity_v102_archive.pdf>]
<rigidity_v102_archive.pdf, id=670, page=47, 597.50829pt x 845.0471pt>
File: rigidity_v102_archive.pdf Graphic file (type pdf)
<use rigidity_v102_archive.pdf, page 47>
Package pdftex.def Info: rigidity_v102_archive.pdf , page47 used on input line 
7.
(pdftex.def)             Requested size: 562.12285pt x 795.00201pt.
File: rigidity_v102_archive.pdf Graphic file (type pdf)
<use rigidity_v102_archive.pdf, page 47>
Package pdftex.def Info: rigidity_v102_archive.pdf , page47 used on input line 
7.
(pdftex.def)             Requested size: 562.12285pt x 795.00201pt.
File: rigidity_v102_archive.pdf Graphic file (type pdf)
<use rigidity_v102_archive.pdf, page 47>
Package pdftex.def Info: rigidity_v102_archive.pdf , page47 used on input line 
7.
(pdftex.def)             Requested size: 562.12285pt x 795.00201pt.
 [60

 <./rigidity_v102_archive.pdf>]
<rigidity_v102_archive.pdf, id=676, page=48, 597.50829pt x 845.0471pt>
File: rigidity_v102_archive.pdf Graphic file (type pdf)
<use rigidity_v102_archive.pdf, page 48>
Package pdftex.def Info: rigidity_v102_archive.pdf , page48 used on input line 
7.
(pdftex.def)             Requested size: 562.12285pt x 795.00201pt.
File: rigidity_v102_archive.pdf Graphic file (type pdf)
<use rigidity_v102_archive.pdf, page 48>
Package pdftex.def Info: rigidity_v102_archive.pdf , page48 used on input line 
7.
(pdftex.def)             Requested size: 562.12285pt x 795.00201pt.
File: rigidity_v102_archive.pdf Graphic file (type pdf)
<use rigidity_v102_archive.pdf, page 48>
Package pdftex.def Info: rigidity_v102_archive.pdf , page48 used on input line 
7.
(pdftex.def)             Requested size: 562.12285pt x 795.00201pt.
 [61

 <./rigidity_v102_archive.pdf>]
<rigidity_v102_archive.pdf, id=683, page=49, 597.50829pt x 845.0471pt>
File: rigidity_v102_archive.pdf Graphic file (type pdf)
<use rigidity_v102_archive.pdf, page 49>
Package pdftex.def Info: rigidity_v102_archive.pdf , page49 used on input line 
7.
(pdftex.def)             Requested size: 562.12285pt x 795.00201pt.
File: rigidity_v102_archive.pdf Graphic file (type pdf)
<use rigidity_v102_archive.pdf, page 49>
Package pdftex.def Info: rigidity_v102_archive.pdf , page49 used on input line 
7.
(pdftex.def)             Requested size: 562.12285pt x 795.00201pt.
File: rigidity_v102_archive.pdf Graphic file (type pdf)
<use rigidity_v102_archive.pdf, page 49>
Package pdftex.def Info: rigidity_v102_archive.pdf , page49 used on input line 
7.
(pdftex.def)             Requested size: 562.12285pt x 795.00201pt.
 [62

 <./rigidity_v102_archive.pdf>]
<rigidity_v102_archive.pdf, id=689, page=50, 597.50829pt x 845.0471pt>
File: rigidity_v102_archive.pdf Graphic file (type pdf)
<use rigidity_v102_archive.pdf, page 50>
Package pdftex.def Info: rigidity_v102_archive.pdf , page50 used on input line 
7.
(pdftex.def)             Requested size: 562.12285pt x 795.00201pt.
File: rigidity_v102_archive.pdf Graphic file (type pdf)
<use rigidity_v102_archive.pdf, page 50>
Package pdftex.def Info: rigidity_v102_archive.pdf , page50 used on input line 
7.
(pdftex.def)             Requested size: 562.12285pt x 795.00201pt.
File: rigidity_v102_archive.pdf Graphic file (type pdf)
<use rigidity_v102_archive.pdf, page 50>
Package pdftex.def Info: rigidity_v102_archive.pdf , page50 used on input line 
7.
(pdftex.def)             Requested size: 562.12285pt x 795.00201pt.
 [63

 <./rigidity_v102_archive.pdf>]
<rigidity_v102_archive.pdf, id=695, page=51, 597.50829pt x 845.0471pt>
File: rigidity_v102_archive.pdf Graphic file (type pdf)
<use rigidity_v102_archive.pdf, page 51>
Package pdftex.def Info: rigidity_v102_archive.pdf , page51 used on input line 
7.
(pdftex.def)             Requested size: 562.12285pt x 795.00201pt.
File: rigidity_v102_archive.pdf Graphic file (type pdf)
<use rigidity_v102_archive.pdf, page 51>
Package pdftex.def Info: rigidity_v102_archive.pdf , page51 used on input line 
7.
(pdftex.def)             Requested size: 562.12285pt x 795.00201pt.
File: rigidity_v102_archive.pdf Graphic file (type pdf)
<use rigidity_v102_archive.pdf, page 51>
Package pdftex.def Info: rigidity_v102_archive.pdf , page51 used on input line 
7.
(pdftex.def)             Requested size: 562.12285pt x 795.00201pt.

[64

 <./rigidity_v102_archive.pdf>]
<rigidity_v102_archive.pdf, id=701, page=52, 597.50829pt x 845.0471pt>
File: rigidity_v102_archive.pdf Graphic file (type pdf)
<use rigidity_v102_archive.pdf, page 52>
Package pdftex.def Info: rigidity_v102_archive.pdf , page52 used on input line 
7.
(pdftex.def)             Requested size: 562.12285pt x 795.00201pt.
File: rigidity_v102_archive.pdf Graphic file (type pdf)
<use rigidity_v102_archive.pdf, page 52>
Package pdftex.def Info: rigidity_v102_archive.pdf , page52 used on input line 
7.
(pdftex.def)             Requested size: 562.12285pt x 795.00201pt.
File: rigidity_v102_archive.pdf Graphic file (type pdf)
<use rigidity_v102_archive.pdf, page 52>
Package pdftex.def Info: rigidity_v102_archive.pdf , page52 used on input line 
7.
(pdftex.def)             Requested size: 562.12285pt x 795.00201pt.
 [65

 <./rigidity_v102_archive.pdf>]
<rigidity_v102_archive.pdf, id=707, page=53, 597.50829pt x 845.0471pt>
File: rigidity_v102_archive.pdf Graphic file (type pdf)
<use rigidity_v102_archive.pdf, page 53>
Package pdftex.def Info: rigidity_v102_archive.pdf , page53 used on input line 
7.
(pdftex.def)             Requested size: 562.12285pt x 795.00201pt.
File: rigidity_v102_archive.pdf Graphic file (type pdf)
<use rigidity_v102_archive.pdf, page 53>
Package pdftex.def Info: rigidity_v102_archive.pdf , page53 used on input line 
7.
(pdftex.def)             Requested size: 562.12285pt x 795.00201pt.
File: rigidity_v102_archive.pdf Graphic file (type pdf)
<use rigidity_v102_archive.pdf, page 53>
Package pdftex.def Info: rigidity_v102_archive.pdf , page53 used on input line 
7.
(pdftex.def)             Requested size: 562.12285pt x 795.00201pt.
 [66

 <./rigidity_v102_archive.pdf>]
<rigidity_v102_archive.pdf, id=713, page=54, 597.50829pt x 845.0471pt>
File: rigidity_v102_archive.pdf Graphic file (type pdf)
<use rigidity_v102_archive.pdf, page 54>
Package pdftex.def Info: rigidity_v102_archive.pdf , page54 used on input line 
7.
(pdftex.def)             Requested size: 562.12285pt x 795.00201pt.
File: rigidity_v102_archive.pdf Graphic file (type pdf)
<use rigidity_v102_archive.pdf, page 54>
Package pdftex.def Info: rigidity_v102_archive.pdf , page54 used on input line 
7.
(pdftex.def)             Requested size: 562.12285pt x 795.00201pt.
File: rigidity_v102_archive.pdf Graphic file (type pdf)
<use rigidity_v102_archive.pdf, page 54>
Package pdftex.def Info: rigidity_v102_archive.pdf , page54 used on input line 
7.
(pdftex.def)             Requested size: 562.12285pt x 795.00201pt.
 [67

 <./rigidity_v102_archive.pdf>]
<rigidity_v102_archive.pdf, id=720, page=55, 597.50829pt x 845.0471pt>
File: rigidity_v102_archive.pdf Graphic file (type pdf)
<use rigidity_v102_archive.pdf, page 55>
Package pdftex.def Info: rigidity_v102_archive.pdf , page55 used on input line 
7.
(pdftex.def)             Requested size: 562.12285pt x 795.00201pt.
File: rigidity_v102_archive.pdf Graphic file (type pdf)
<use rigidity_v102_archive.pdf, page 55>
Package pdftex.def Info: rigidity_v102_archive.pdf , page55 used on input line 
7.
(pdftex.def)             Requested size: 562.12285pt x 795.00201pt.
File: rigidity_v102_archive.pdf Graphic file (type pdf)
<use rigidity_v102_archive.pdf, page 55>
Package pdftex.def Info: rigidity_v102_archive.pdf , page55 used on input line 
7.
(pdftex.def)             Requested size: 562.12285pt x 795.00201pt.
 [68

 <./rigidity_v102_archive.pdf>]
<rigidity_v102_archive.pdf, id=727, page=56, 597.50829pt x 845.0471pt>
File: rigidity_v102_archive.pdf Graphic file (type pdf)
<use rigidity_v102_archive.pdf, page 56>
Package pdftex.def Info: rigidity_v102_archive.pdf , page56 used on input line 
7.
(pdftex.def)             Requested size: 562.12285pt x 795.00201pt.
File: rigidity_v102_archive.pdf Graphic file (type pdf)
<use rigidity_v102_archive.pdf, page 56>
Package pdftex.def Info: rigidity_v102_archive.pdf , page56 used on input line 
7.
(pdftex.def)             Requested size: 562.12285pt x 795.00201pt.
File: rigidity_v102_archive.pdf Graphic file (type pdf)
<use rigidity_v102_archive.pdf, page 56>
Package pdftex.def Info: rigidity_v102_archive.pdf , page56 used on input line 
7.
(pdftex.def)             Requested size: 562.12285pt x 795.00201pt.
 [69

 <./rigidity_v102_archive.pdf>]
<rigidity_v102_archive.pdf, id=740, page=57, 597.50829pt x 845.0471pt>
File: rigidity_v102_archive.pdf Graphic file (type pdf)
<use rigidity_v102_archive.pdf, page 57>
Package pdftex.def Info: rigidity_v102_archive.pdf , page57 used on input line 
7.
(pdftex.def)             Requested size: 562.12285pt x 795.00201pt.
File: rigidity_v102_archive.pdf Graphic file (type pdf)
<use rigidity_v102_archive.pdf, page 57>
Package pdftex.def Info: rigidity_v102_archive.pdf , page57 used on input line 
7.
(pdftex.def)             Requested size: 562.12285pt x 795.00201pt.
File: rigidity_v102_archive.pdf Graphic file (type pdf)
<use rigidity_v102_archive.pdf, page 57>
Package pdftex.def Info: rigidity_v102_archive.pdf , page57 used on input line 
7.
(pdftex.def)             Requested size: 562.12285pt x 795.00201pt.
 [70

 <./rigidity_v102_archive.pdf>]
<rigidity_v102_archive.pdf, id=746, page=58, 597.50829pt x 845.0471pt>
File: rigidity_v102_archive.pdf Graphic file (type pdf)
<use rigidity_v102_archive.pdf, page 58>
Package pdftex.def Info: rigidity_v102_archive.pdf , page58 used on input line 
7.
(pdftex.def)             Requested size: 562.12285pt x 795.00201pt.
File: rigidity_v102_archive.pdf Graphic file (type pdf)
<use rigidity_v102_archive.pdf, page 58>
Package pdftex.def Info: rigidity_v102_archive.pdf , page58 used on input line 
7.
(pdftex.def)             Requested size: 562.12285pt x 795.00201pt.
File: rigidity_v102_archive.pdf Graphic file (type pdf)
<use rigidity_v102_archive.pdf, page 58>
Package pdftex.def Info: rigidity_v102_archive.pdf , page58 used on input line 
7.
(pdftex.def)             Requested size: 562.12285pt x 795.00201pt.
 [71

 <./rigidity_v102_archive.pdf>]
<rigidity_v102_archive.pdf, id=833, page=59, 597.50829pt x 845.0471pt>
File: rigidity_v102_archive.pdf Graphic file (type pdf)
<use rigidity_v102_archive.pdf, page 59>
Package pdftex.def Info: rigidity_v102_archive.pdf , page59 used on input line 
7.
(pdftex.def)             Requested size: 562.12285pt x 795.00201pt.
File: rigidity_v102_archive.pdf Graphic file (type pdf)
<use rigidity_v102_archive.pdf, page 59>
Package pdftex.def Info: rigidity_v102_archive.pdf , page59 used on input line 
7.
(pdftex.def)             Requested size: 562.12285pt x 795.00201pt.
File: rigidity_v102_archive.pdf Graphic file (type pdf)
<use rigidity_v102_archive.pdf, page 59>
Package pdftex.def Info: rigidity_v102_archive.pdf , page59 used on input line 
7.
(pdftex.def)             Requested size: 562.12285pt x 795.00201pt.
 [72

 <./rigidity_v102_archive.pdf>]
<rigidity_v102_archive.pdf, id=868, page=60, 597.50829pt x 845.0471pt>
File: rigidity_v102_archive.pdf Graphic file (type pdf)
<use rigidity_v102_archive.pdf, page 60>
Package pdftex.def Info: rigidity_v102_archive.pdf , page60 used on input line 
7.
(pdftex.def)             Requested size: 562.12285pt x 795.00201pt.
File: rigidity_v102_archive.pdf Graphic file (type pdf)
<use rigidity_v102_archive.pdf, page 60>
Package pdftex.def Info: rigidity_v102_archive.pdf , page60 used on input line 
7.
(pdftex.def)             Requested size: 562.12285pt x 795.00201pt.
File: rigidity_v102_archive.pdf Graphic file (type pdf)
<use rigidity_v102_archive.pdf, page 60>
Package pdftex.def Info: rigidity_v102_archive.pdf , page60 used on input line 
7.
(pdftex.def)             Requested size: 562.12285pt x 795.00201pt.

[73

 <./rigidity_v102_archive.pdf>]
<rigidity_v102_archive.pdf, id=884, page=61, 597.50829pt x 845.0471pt>
File: rigidity_v102_archive.pdf Graphic file (type pdf)
<use rigidity_v102_archive.pdf, page 61>
Package pdftex.def Info: rigidity_v102_archive.pdf , page61 used on input line 
7.
(pdftex.def)             Requested size: 562.12285pt x 795.00201pt.
File: rigidity_v102_archive.pdf Graphic file (type pdf)
<use rigidity_v102_archive.pdf, page 61>
Package pdftex.def Info: rigidity_v102_archive.pdf , page61 used on input line 
7.
(pdftex.def)             Requested size: 562.12285pt x 795.00201pt.
File: rigidity_v102_archive.pdf Graphic file (type pdf)
<use rigidity_v102_archive.pdf, page 61>
Package pdftex.def Info: rigidity_v102_archive.pdf , page61 used on input line 
7.
(pdftex.def)             Requested size: 562.12285pt x 795.00201pt.
 [74

 <./rigidity_v102_archive.pdf>]
<rigidity_v102_archive.pdf, id=909, page=62, 597.50829pt x 845.0471pt>
File: rigidity_v102_archive.pdf Graphic file (type pdf)
<use rigidity_v102_archive.pdf, page 62>
Package pdftex.def Info: rigidity_v102_archive.pdf , page62 used on input line 
7.
(pdftex.def)             Requested size: 562.12285pt x 795.00201pt.
File: rigidity_v102_archive.pdf Graphic file (type pdf)
<use rigidity_v102_archive.pdf, page 62>
Package pdftex.def Info: rigidity_v102_archive.pdf , page62 used on input line 
7.
(pdftex.def)             Requested size: 562.12285pt x 795.00201pt.
File: rigidity_v102_archive.pdf Graphic file (type pdf)
<use rigidity_v102_archive.pdf, page 62>
Package pdftex.def Info: rigidity_v102_archive.pdf , page62 used on input line 
7.
(pdftex.def)             Requested size: 562.12285pt x 795.00201pt.
 [75

 <./rigidity_v102_archive.pdf>]
<rigidity_v102_archive.pdf, id=923, page=63, 597.50829pt x 845.0471pt>
File: rigidity_v102_archive.pdf Graphic file (type pdf)
<use rigidity_v102_archive.pdf, page 63>
Package pdftex.def Info: rigidity_v102_archive.pdf , page63 used on input line 
7.
(pdftex.def)             Requested size: 562.12285pt x 795.00201pt.
File: rigidity_v102_archive.pdf Graphic file (type pdf)
<use rigidity_v102_archive.pdf, page 63>
Package pdftex.def Info: rigidity_v102_archive.pdf , page63 used on input line 
7.
(pdftex.def)             Requested size: 562.12285pt x 795.00201pt.
File: rigidity_v102_archive.pdf Graphic file (type pdf)
<use rigidity_v102_archive.pdf, page 63>
Package pdftex.def Info: rigidity_v102_archive.pdf , page63 used on input line 
7.
(pdftex.def)             Requested size: 562.12285pt x 795.00201pt.
 [76

 <./rigidity_v102_archive.pdf>]
<rigidity_v102_archive.pdf, id=930, page=64, 597.50829pt x 845.0471pt>
File: rigidity_v102_archive.pdf Graphic file (type pdf)
<use rigidity_v102_archive.pdf, page 64>
Package pdftex.def Info: rigidity_v102_archive.pdf , page64 used on input line 
7.
(pdftex.def)             Requested size: 562.12285pt x 795.00201pt.
File: rigidity_v102_archive.pdf Graphic file (type pdf)
<use rigidity_v102_archive.pdf, page 64>
Package pdftex.def Info: rigidity_v102_archive.pdf , page64 used on input line 
7.
(pdftex.def)             Requested size: 562.12285pt x 795.00201pt.
File: rigidity_v102_archive.pdf Graphic file (type pdf)
<use rigidity_v102_archive.pdf, page 64>
Package pdftex.def Info: rigidity_v102_archive.pdf , page64 used on input line 
7.
(pdftex.def)             Requested size: 562.12285pt x 795.00201pt.
 [77

 <./rigidity_v102_archive.pdf>]
<rigidity_v102_archive.pdf, id=958, page=65, 597.50829pt x 845.0471pt>
File: rigidity_v102_archive.pdf Graphic file (type pdf)
<use rigidity_v102_archive.pdf, page 65>
Package pdftex.def Info: rigidity_v102_archive.pdf , page65 used on input line 
7.
(pdftex.def)             Requested size: 562.12285pt x 795.00201pt.
File: rigidity_v102_archive.pdf Graphic file (type pdf)
<use rigidity_v102_archive.pdf, page 65>
Package pdftex.def Info: rigidity_v102_archive.pdf , page65 used on input line 
7.
(pdftex.def)             Requested size: 562.12285pt x 795.00201pt.
File: rigidity_v102_archive.pdf Graphic file (type pdf)
<use rigidity_v102_archive.pdf, page 65>
Package pdftex.def Info: rigidity_v102_archive.pdf , page65 used on input line 
7.
(pdftex.def)             Requested size: 562.12285pt x 795.00201pt.
 [78

 <./rigidity_v102_archive.pdf>]
<rigidity_v102_archive.pdf, id=965, page=66, 597.50829pt x 845.0471pt>
File: rigidity_v102_archive.pdf Graphic file (type pdf)
<use rigidity_v102_archive.pdf, page 66>
Package pdftex.def Info: rigidity_v102_archive.pdf , page66 used on input line 
7.
(pdftex.def)             Requested size: 562.12285pt x 795.00201pt.
File: rigidity_v102_archive.pdf Graphic file (type pdf)
<use rigidity_v102_archive.pdf, page 66>
Package pdftex.def Info: rigidity_v102_archive.pdf , page66 used on input line 
7.
(pdftex.def)             Requested size: 562.12285pt x 795.00201pt.
File: rigidity_v102_archive.pdf Graphic file (type pdf)
<use rigidity_v102_archive.pdf, page 66>
Package pdftex.def Info: rigidity_v102_archive.pdf , page66 used on input line 
7.
(pdftex.def)             Requested size: 562.12285pt x 795.00201pt.
 [79

 <./rigidity_v102_archive.pdf>]
<rigidity_v102_archive.pdf, id=973, page=67, 597.50829pt x 845.0471pt>
File: rigidity_v102_archive.pdf Graphic file (type pdf)
<use rigidity_v102_archive.pdf, page 67>
Package pdftex.def Info: rigidity_v102_archive.pdf , page67 used on input line 
7.
(pdftex.def)             Requested size: 562.12285pt x 795.00201pt.
File: rigidity_v102_archive.pdf Graphic file (type pdf)
<use rigidity_v102_archive.pdf, page 67>
Package pdftex.def Info: rigidity_v102_archive.pdf , page67 used on input line 
7.
(pdftex.def)             Requested size: 562.12285pt x 795.00201pt.
File: rigidity_v102_archive.pdf Graphic file (type pdf)
<use rigidity_v102_archive.pdf, page 67>
Package pdftex.def Info: rigidity_v102_archive.pdf , page67 used on input line 
7.
(pdftex.def)             Requested size: 562.12285pt x 795.00201pt.
 [80

 <./rigidity_v102_archive.pdf>]
<rigidity_v102_archive.pdf, id=980, page=68, 597.50829pt x 845.0471pt>
File: rigidity_v102_archive.pdf Graphic file (type pdf)
<use rigidity_v102_archive.pdf, page 68>
Package pdftex.def Info: rigidity_v102_archive.pdf , page68 used on input line 
7.
(pdftex.def)             Requested size: 562.12285pt x 795.00201pt.
File: rigidity_v102_archive.pdf Graphic file (type pdf)
<use rigidity_v102_archive.pdf, page 68>
Package pdftex.def Info: rigidity_v102_archive.pdf , page68 used on input line 
7.
(pdftex.def)             Requested size: 562.12285pt x 795.00201pt.
File: rigidity_v102_archive.pdf Graphic file (type pdf)
<use rigidity_v102_archive.pdf, page 68>
Package pdftex.def Info: rigidity_v102_archive.pdf , page68 used on input line 
7.
(pdftex.def)             Requested size: 562.12285pt x 795.00201pt.
 [81

 <./rigidity_v102_archive.pdf>]
<rigidity_v102_archive.pdf, id=987, page=69, 597.50829pt x 845.0471pt>
File: rigidity_v102_archive.pdf Graphic file (type pdf)
<use rigidity_v102_archive.pdf, page 69>
Package pdftex.def Info: rigidity_v102_archive.pdf , page69 used on input line 
7.
(pdftex.def)             Requested size: 562.12285pt x 795.00201pt.
File: rigidity_v102_archive.pdf Graphic file (type pdf)
<use rigidity_v102_archive.pdf, page 69>
Package pdftex.def Info: rigidity_v102_archive.pdf , page69 used on input line 
7.
(pdftex.def)             Requested size: 562.12285pt x 795.00201pt.
File: rigidity_v102_archive.pdf Graphic file (type pdf)
<use rigidity_v102_archive.pdf, page 69>
Package pdftex.def Info: rigidity_v102_archive.pdf , page69 used on input line 
7.
(pdftex.def)             Requested size: 562.12285pt x 795.00201pt.

[82

 <./rigidity_v102_archive.pdf>]
<rigidity_v102_archive.pdf, id=994, page=70, 597.50829pt x 845.0471pt>
File: rigidity_v102_archive.pdf Graphic file (type pdf)
<use rigidity_v102_archive.pdf, page 70>
Package pdftex.def Info: rigidity_v102_archive.pdf , page70 used on input line 
7.
(pdftex.def)             Requested size: 562.12285pt x 795.00201pt.
File: rigidity_v102_archive.pdf Graphic file (type pdf)
<use rigidity_v102_archive.pdf, page 70>
Package pdftex.def Info: rigidity_v102_archive.pdf , page70 used on input line 
7.
(pdftex.def)             Requested size: 562.12285pt x 795.00201pt.
File: rigidity_v102_archive.pdf Graphic file (type pdf)
<use rigidity_v102_archive.pdf, page 70>
Package pdftex.def Info: rigidity_v102_archive.pdf , page70 used on input line 
7.
(pdftex.def)             Requested size: 562.12285pt x 795.00201pt.
 [83

 <./rigidity_v102_archive.pdf>]
<rigidity_v102_archive.pdf, id=1001, page=71, 597.50829pt x 845.0471pt>
File: rigidity_v102_archive.pdf Graphic file (type pdf)
<use rigidity_v102_archive.pdf, page 71>
Package pdftex.def Info: rigidity_v102_archive.pdf , page71 used on input line 
7.
(pdftex.def)             Requested size: 562.12285pt x 795.00201pt.
File: rigidity_v102_archive.pdf Graphic file (type pdf)
<use rigidity_v102_archive.pdf, page 71>
Package pdftex.def Info: rigidity_v102_archive.pdf , page71 used on input line 
7.
(pdftex.def)             Requested size: 562.12285pt x 795.00201pt.
File: rigidity_v102_archive.pdf Graphic file (type pdf)
<use rigidity_v102_archive.pdf, page 71>
Package pdftex.def Info: rigidity_v102_archive.pdf , page71 used on input line 
7.
(pdftex.def)             Requested size: 562.12285pt x 795.00201pt.
 [84

 <./rigidity_v102_archive.pdf>]
<rigidity_v102_archive.pdf, id=1008, page=72, 597.50829pt x 845.0471pt>
File: rigidity_v102_archive.pdf Graphic file (type pdf)
<use rigidity_v102_archive.pdf, page 72>
Package pdftex.def Info: rigidity_v102_archive.pdf , page72 used on input line 
7.
(pdftex.def)             Requested size: 562.12285pt x 795.00201pt.
File: rigidity_v102_archive.pdf Graphic file (type pdf)
<use rigidity_v102_archive.pdf, page 72>
Package pdftex.def Info: rigidity_v102_archive.pdf , page72 used on input line 
7.
(pdftex.def)             Requested size: 562.12285pt x 795.00201pt.
File: rigidity_v102_archive.pdf Graphic file (type pdf)
<use rigidity_v102_archive.pdf, page 72>
Package pdftex.def Info: rigidity_v102_archive.pdf , page72 used on input line 
7.
(pdftex.def)             Requested size: 562.12285pt x 795.00201pt.
 [85

 <./rigidity_v102_archive.pdf>]
<rigidity_v102_archive.pdf, id=1016, page=73, 597.50829pt x 845.0471pt>
File: rigidity_v102_archive.pdf Graphic file (type pdf)
<use rigidity_v102_archive.pdf, page 73>
Package pdftex.def Info: rigidity_v102_archive.pdf , page73 used on input line 
7.
(pdftex.def)             Requested size: 562.12285pt x 795.00201pt.
File: rigidity_v102_archive.pdf Graphic file (type pdf)
<use rigidity_v102_archive.pdf, page 73>
Package pdftex.def Info: rigidity_v102_archive.pdf , page73 used on input line 
7.
(pdftex.def)             Requested size: 562.12285pt x 795.00201pt.
File: rigidity_v102_archive.pdf Graphic file (type pdf)
<use rigidity_v102_archive.pdf, page 73>
Package pdftex.def Info: rigidity_v102_archive.pdf , page73 used on input line 
7.
(pdftex.def)             Requested size: 562.12285pt x 795.00201pt.
 [86

 <./rigidity_v102_archive.pdf>]
<rigidity_v102_archive.pdf, id=1023, page=74, 597.50829pt x 845.0471pt>
File: rigidity_v102_archive.pdf Graphic file (type pdf)
<use rigidity_v102_archive.pdf, page 74>
Package pdftex.def Info: rigidity_v102_archive.pdf , page74 used on input line 
7.
(pdftex.def)             Requested size: 562.12285pt x 795.00201pt.
File: rigidity_v102_archive.pdf Graphic file (type pdf)
<use rigidity_v102_archive.pdf, page 74>
Package pdftex.def Info: rigidity_v102_archive.pdf , page74 used on input line 
7.
(pdftex.def)             Requested size: 562.12285pt x 795.00201pt.
File: rigidity_v102_archive.pdf Graphic file (type pdf)
<use rigidity_v102_archive.pdf, page 74>
Package pdftex.def Info: rigidity_v102_archive.pdf , page74 used on input line 
7.
(pdftex.def)             Requested size: 562.12285pt x 795.00201pt.
 [87

 <./rigidity_v102_archive.pdf>]
<rigidity_v102_archive.pdf, id=1030, page=75, 597.50829pt x 845.0471pt>
File: rigidity_v102_archive.pdf Graphic file (type pdf)
<use rigidity_v102_archive.pdf, page 75>
Package pdftex.def Info: rigidity_v102_archive.pdf , page75 used on input line 
7.
(pdftex.def)             Requested size: 562.12285pt x 795.00201pt.
File: rigidity_v102_archive.pdf Graphic file (type pdf)
<use rigidity_v102_archive.pdf, page 75>
Package pdftex.def Info: rigidity_v102_archive.pdf , page75 used on input line 
7.
(pdftex.def)             Requested size: 562.12285pt x 795.00201pt.
File: rigidity_v102_archive.pdf Graphic file (type pdf)
<use rigidity_v102_archive.pdf, page 75>
Package pdftex.def Info: rigidity_v102_archive.pdf , page75 used on input line 
7.
(pdftex.def)             Requested size: 562.12285pt x 795.00201pt.
 [88

 <./rigidity_v102_archive.pdf>]
<rigidity_v102_archive.pdf, id=1037, page=76, 597.50829pt x 845.0471pt>
File: rigidity_v102_archive.pdf Graphic file (type pdf)
<use rigidity_v102_archive.pdf, page 76>
Package pdftex.def Info: rigidity_v102_archive.pdf , page76 used on input line 
7.
(pdftex.def)             Requested size: 562.12285pt x 795.00201pt.
File: rigidity_v102_archive.pdf Graphic file (type pdf)
<use rigidity_v102_archive.pdf, page 76>
Package pdftex.def Info: rigidity_v102_archive.pdf , page76 used on input line 
7.
(pdftex.def)             Requested size: 562.12285pt x 795.00201pt.
File: rigidity_v102_archive.pdf Graphic file (type pdf)
<use rigidity_v102_archive.pdf, page 76>
Package pdftex.def Info: rigidity_v102_archive.pdf , page76 used on input line 
7.
(pdftex.def)             Requested size: 562.12285pt x 795.00201pt.
 [89

 <./rigidity_v102_archive.pdf>]
<rigidity_v102_archive.pdf, id=1044, page=77, 597.50829pt x 845.0471pt>
File: rigidity_v102_archive.pdf Graphic file (type pdf)
<use rigidity_v102_archive.pdf, page 77>
Package pdftex.def Info: rigidity_v102_archive.pdf , page77 used on input line 
7.
(pdftex.def)             Requested size: 562.12285pt x 795.00201pt.
File: rigidity_v102_archive.pdf Graphic file (type pdf)
<use rigidity_v102_archive.pdf, page 77>
Package pdftex.def Info: rigidity_v102_archive.pdf , page77 used on input line 
7.
(pdftex.def)             Requested size: 562.12285pt x 795.00201pt.
File: rigidity_v102_archive.pdf Graphic file (type pdf)
<use rigidity_v102_archive.pdf, page 77>
Package pdftex.def Info: rigidity_v102_archive.pdf , page77 used on input line 
7.
(pdftex.def)             Requested size: 562.12285pt x 795.00201pt.
 [90

 <./rigidity_v102_archive.pdf>]
<rigidity_v102_archive.pdf, id=1058, page=78, 597.50829pt x 845.0471pt>
File: rigidity_v102_archive.pdf Graphic file (type pdf)
<use rigidity_v102_archive.pdf, page 78>
Package pdftex.def Info: rigidity_v102_archive.pdf , page78 used on input line 
7.
(pdftex.def)             Requested size: 562.12285pt x 795.00201pt.
File: rigidity_v102_archive.pdf Graphic file (type pdf)
<use rigidity_v102_archive.pdf, page 78>
Package pdftex.def Info: rigidity_v102_archive.pdf , page78 used on input line 
7.
(pdftex.def)             Requested size: 562.12285pt x 795.00201pt.
File: rigidity_v102_archive.pdf Graphic file (type pdf)
<use rigidity_v102_archive.pdf, page 78>
Package pdftex.def Info: rigidity_v102_archive.pdf , page78 used on input line 
7.
(pdftex.def)             Requested size: 562.12285pt x 795.00201pt.

[91

 <./rigidity_v102_archive.pdf>]
<rigidity_v102_archive.pdf, id=1066, page=79, 597.50829pt x 845.0471pt>
File: rigidity_v102_archive.pdf Graphic file (type pdf)
<use rigidity_v102_archive.pdf, page 79>
Package pdftex.def Info: rigidity_v102_archive.pdf , page79 used on input line 
7.
(pdftex.def)             Requested size: 562.12285pt x 795.00201pt.
File: rigidity_v102_archive.pdf Graphic file (type pdf)
<use rigidity_v102_archive.pdf, page 79>
Package pdftex.def Info: rigidity_v102_archive.pdf , page79 used on input line 
7.
(pdftex.def)             Requested size: 562.12285pt x 795.00201pt.
File: rigidity_v102_archive.pdf Graphic file (type pdf)
<use rigidity_v102_archive.pdf, page 79>
Package pdftex.def Info: rigidity_v102_archive.pdf , page79 used on input line 
7.
(pdftex.def)             Requested size: 562.12285pt x 795.00201pt.
 [92

 <./rigidity_v102_archive.pdf>]
<rigidity_v102_archive.pdf, id=1073, page=80, 597.50829pt x 845.0471pt>
File: rigidity_v102_archive.pdf Graphic file (type pdf)
<use rigidity_v102_archive.pdf, page 80>
Package pdftex.def Info: rigidity_v102_archive.pdf , page80 used on input line 
7.
(pdftex.def)             Requested size: 562.12285pt x 795.00201pt.
File: rigidity_v102_archive.pdf Graphic file (type pdf)
<use rigidity_v102_archive.pdf, page 80>
Package pdftex.def Info: rigidity_v102_archive.pdf , page80 used on input line 
7.
(pdftex.def)             Requested size: 562.12285pt x 795.00201pt.
File: rigidity_v102_archive.pdf Graphic file (type pdf)
<use rigidity_v102_archive.pdf, page 80>
Package pdftex.def Info: rigidity_v102_archive.pdf , page80 used on input line 
7.
(pdftex.def)             Requested size: 562.12285pt x 795.00201pt.
 [93

 <./rigidity_v102_archive.pdf>]
<rigidity_v102_archive.pdf, id=1081, page=81, 597.50829pt x 845.0471pt>
File: rigidity_v102_archive.pdf Graphic file (type pdf)
<use rigidity_v102_archive.pdf, page 81>
Package pdftex.def Info: rigidity_v102_archive.pdf , page81 used on input line 
7.
(pdftex.def)             Requested size: 562.12285pt x 795.00201pt.
File: rigidity_v102_archive.pdf Graphic file (type pdf)
<use rigidity_v102_archive.pdf, page 81>
Package pdftex.def Info: rigidity_v102_archive.pdf , page81 used on input line 
7.
(pdftex.def)             Requested size: 562.12285pt x 795.00201pt.
File: rigidity_v102_archive.pdf Graphic file (type pdf)
<use rigidity_v102_archive.pdf, page 81>
Package pdftex.def Info: rigidity_v102_archive.pdf , page81 used on input line 
7.
(pdftex.def)             Requested size: 562.12285pt x 795.00201pt.
 [94

 <./rigidity_v102_archive.pdf>]
<rigidity_v102_archive.pdf, id=1088, page=82, 597.50829pt x 845.0471pt>
File: rigidity_v102_archive.pdf Graphic file (type pdf)
<use rigidity_v102_archive.pdf, page 82>
Package pdftex.def Info: rigidity_v102_archive.pdf , page82 used on input line 
7.
(pdftex.def)             Requested size: 562.12285pt x 795.00201pt.
File: rigidity_v102_archive.pdf Graphic file (type pdf)
<use rigidity_v102_archive.pdf, page 82>
Package pdftex.def Info: rigidity_v102_archive.pdf , page82 used on input line 
7.
(pdftex.def)             Requested size: 562.12285pt x 795.00201pt.
File: rigidity_v102_archive.pdf Graphic file (type pdf)
<use rigidity_v102_archive.pdf, page 82>
Package pdftex.def Info: rigidity_v102_archive.pdf , page82 used on input line 
7.
(pdftex.def)             Requested size: 562.12285pt x 795.00201pt.
 [95

 <./rigidity_v102_archive.pdf>]
<rigidity_v102_archive.pdf, id=1095, page=83, 597.50829pt x 845.0471pt>
File: rigidity_v102_archive.pdf Graphic file (type pdf)
<use rigidity_v102_archive.pdf, page 83>
Package pdftex.def Info: rigidity_v102_archive.pdf , page83 used on input line 
7.
(pdftex.def)             Requested size: 562.12285pt x 795.00201pt.
File: rigidity_v102_archive.pdf Graphic file (type pdf)
<use rigidity_v102_archive.pdf, page 83>
Package pdftex.def Info: rigidity_v102_archive.pdf , page83 used on input line 
7.
(pdftex.def)             Requested size: 562.12285pt x 795.00201pt.
File: rigidity_v102_archive.pdf Graphic file (type pdf)
<use rigidity_v102_archive.pdf, page 83>
Package pdftex.def Info: rigidity_v102_archive.pdf , page83 used on input line 
7.
(pdftex.def)             Requested size: 562.12285pt x 795.00201pt.
 [96

 <./rigidity_v102_archive.pdf>]
<rigidity_v102_archive.pdf, id=1102, page=84, 597.50829pt x 845.0471pt>
File: rigidity_v102_archive.pdf Graphic file (type pdf)
<use rigidity_v102_archive.pdf, page 84>
Package pdftex.def Info: rigidity_v102_archive.pdf , page84 used on input line 
7.
(pdftex.def)             Requested size: 562.12285pt x 795.00201pt.
File: rigidity_v102_archive.pdf Graphic file (type pdf)
<use rigidity_v102_archive.pdf, page 84>
Package pdftex.def Info: rigidity_v102_archive.pdf , page84 used on input line 
7.
(pdftex.def)             Requested size: 562.12285pt x 795.00201pt.
File: rigidity_v102_archive.pdf Graphic file (type pdf)
<use rigidity_v102_archive.pdf, page 84>
Package pdftex.def Info: rigidity_v102_archive.pdf , page84 used on input line 
7.
(pdftex.def)             Requested size: 562.12285pt x 795.00201pt.
 [97

 <./rigidity_v102_archive.pdf>]
<rigidity_v102_archive.pdf, id=1110, page=85, 597.50829pt x 845.0471pt>
File: rigidity_v102_archive.pdf Graphic file (type pdf)
<use rigidity_v102_archive.pdf, page 85>
Package pdftex.def Info: rigidity_v102_archive.pdf , page85 used on input line 
7.
(pdftex.def)             Requested size: 562.12285pt x 795.00201pt.
File: rigidity_v102_archive.pdf Graphic file (type pdf)
<use rigidity_v102_archive.pdf, page 85>
Package pdftex.def Info: rigidity_v102_archive.pdf , page85 used on input line 
7.
(pdftex.def)             Requested size: 562.12285pt x 795.00201pt.
File: rigidity_v102_archive.pdf Graphic file (type pdf)
<use rigidity_v102_archive.pdf, page 85>
Package pdftex.def Info: rigidity_v102_archive.pdf , page85 used on input line 
7.
(pdftex.def)             Requested size: 562.12285pt x 795.00201pt.
 [98

 <./rigidity_v102_archive.pdf>]
<rigidity_v102_archive.pdf, id=1117, page=86, 597.50829pt x 845.0471pt>
File: rigidity_v102_archive.pdf Graphic file (type pdf)
<use rigidity_v102_archive.pdf, page 86>
Package pdftex.def Info: rigidity_v102_archive.pdf , page86 used on input line 
7.
(pdftex.def)             Requested size: 562.12285pt x 795.00201pt.
File: rigidity_v102_archive.pdf Graphic file (type pdf)
<use rigidity_v102_archive.pdf, page 86>
Package pdftex.def Info: rigidity_v102_archive.pdf , page86 used on input line 
7.
(pdftex.def)             Requested size: 562.12285pt x 795.00201pt.
File: rigidity_v102_archive.pdf Graphic file (type pdf)
<use rigidity_v102_archive.pdf, page 86>
Package pdftex.def Info: rigidity_v102_archive.pdf , page86 used on input line 
7.
(pdftex.def)             Requested size: 562.12285pt x 795.00201pt.
 [99

 <./rigidity_v102_archive.pdf>]
<rigidity_v102_archive.pdf, id=1124, page=87, 597.50829pt x 845.0471pt>
File: rigidity_v102_archive.pdf Graphic file (type pdf)
<use rigidity_v102_archive.pdf, page 87>
Package pdftex.def Info: rigidity_v102_archive.pdf , page87 used on input line 
7.
(pdftex.def)             Requested size: 562.12285pt x 795.00201pt.
File: rigidity_v102_archive.pdf Graphic file (type pdf)
<use rigidity_v102_archive.pdf, page 87>
Package pdftex.def Info: rigidity_v102_archive.pdf , page87 used on input line 
7.
(pdftex.def)             Requested size: 562.12285pt x 795.00201pt.
File: rigidity_v102_archive.pdf Graphic file (type pdf)
<use rigidity_v102_archive.pdf, page 87>
Package pdftex.def Info: rigidity_v102_archive.pdf , page87 used on input line 
7.
(pdftex.def)             Requested size: 562.12285pt x 795.00201pt.

[100

 <./rigidity_v102_archive.pdf>]
<rigidity_v102_archive.pdf, id=1131, page=88, 597.50829pt x 845.0471pt>
File: rigidity_v102_archive.pdf Graphic file (type pdf)
<use rigidity_v102_archive.pdf, page 88>
Package pdftex.def Info: rigidity_v102_archive.pdf , page88 used on input line 
7.
(pdftex.def)             Requested size: 562.12285pt x 795.00201pt.
File: rigidity_v102_archive.pdf Graphic file (type pdf)
<use rigidity_v102_archive.pdf, page 88>
Package pdftex.def Info: rigidity_v102_archive.pdf , page88 used on input line 
7.
(pdftex.def)             Requested size: 562.12285pt x 795.00201pt.
File: rigidity_v102_archive.pdf Graphic file (type pdf)
<use rigidity_v102_archive.pdf, page 88>
Package pdftex.def Info: rigidity_v102_archive.pdf , page88 used on input line 
7.
(pdftex.def)             Requested size: 562.12285pt x 795.00201pt.
 [101

 <./rigidity_v102_archive.pdf>]
<rigidity_v102_archive.pdf, id=1138, page=89, 597.50829pt x 845.0471pt>
File: rigidity_v102_archive.pdf Graphic file (type pdf)
<use rigidity_v102_archive.pdf, page 89>
Package pdftex.def Info: rigidity_v102_archive.pdf , page89 used on input line 
7.
(pdftex.def)             Requested size: 562.12285pt x 795.00201pt.
File: rigidity_v102_archive.pdf Graphic file (type pdf)
<use rigidity_v102_archive.pdf, page 89>
Package pdftex.def Info: rigidity_v102_archive.pdf , page89 used on input line 
7.
(pdftex.def)             Requested size: 562.12285pt x 795.00201pt.
File: rigidity_v102_archive.pdf Graphic file (type pdf)
<use rigidity_v102_archive.pdf, page 89>
Package pdftex.def Info: rigidity_v102_archive.pdf , page89 used on input line 
7.
(pdftex.def)             Requested size: 562.12285pt x 795.00201pt.

[102

 <./rigidity_v102_archive.pdf>]
<rigidity_v102_archive.pdf, id=1145, page=90, 597.50829pt x 845.0471pt>
File: rigidity_v102_archive.pdf Graphic file (type pdf)
<use rigidity_v102_archive.pdf, page 90>
Package pdftex.def Info: rigidity_v102_archive.pdf , page90 used on input line 
7.
(pdftex.def)             Requested size: 562.12285pt x 795.00201pt.
File: rigidity_v102_archive.pdf Graphic file (type pdf)
<use rigidity_v102_archive.pdf, page 90>
Package pdftex.def Info: rigidity_v102_archive.pdf , page90 used on input line 
7.
(pdftex.def)             Requested size: 562.12285pt x 795.00201pt.
File: rigidity_v102_archive.pdf Graphic file (type pdf)
<use rigidity_v102_archive.pdf, page 90>
Package pdftex.def Info: rigidity_v102_archive.pdf , page90 used on input line 
7.
(pdftex.def)             Requested size: 562.12285pt x 795.00201pt.
 [103

 <./rigidity_v102_archive.pdf>]
<rigidity_v102_archive.pdf, id=1153, page=91, 597.50829pt x 845.0471pt>
File: rigidity_v102_archive.pdf Graphic file (type pdf)
<use rigidity_v102_archive.pdf, page 91>
Package pdftex.def Info: rigidity_v102_archive.pdf , page91 used on input line 
7.
(pdftex.def)             Requested size: 562.12285pt x 795.00201pt.
File: rigidity_v102_archive.pdf Graphic file (type pdf)
<use rigidity_v102_archive.pdf, page 91>
Package pdftex.def Info: rigidity_v102_archive.pdf , page91 used on input line 
7.
(pdftex.def)             Requested size: 562.12285pt x 795.00201pt.
File: rigidity_v102_archive.pdf Graphic file (type pdf)
<use rigidity_v102_archive.pdf, page 91>
Package pdftex.def Info: rigidity_v102_archive.pdf , page91 used on input line 
7.
(pdftex.def)             Requested size: 562.12285pt x 795.00201pt.

[104

 <./rigidity_v102_archive.pdf>]
<rigidity_v102_archive.pdf, id=1160, page=92, 597.50829pt x 845.0471pt>
File: rigidity_v102_archive.pdf Graphic file (type pdf)
<use rigidity_v102_archive.pdf, page 92>
Package pdftex.def Info: rigidity_v102_archive.pdf , page92 used on input line 
7.
(pdftex.def)             Requested size: 562.12285pt x 795.00201pt.
File: rigidity_v102_archive.pdf Graphic file (type pdf)
<use rigidity_v102_archive.pdf, page 92>
Package pdftex.def Info: rigidity_v102_archive.pdf , page92 used on input line 
7.
(pdftex.def)             Requested size: 562.12285pt x 795.00201pt.
File: rigidity_v102_archive.pdf Graphic file (type pdf)
<use rigidity_v102_archive.pdf, page 92>
Package pdftex.def Info: rigidity_v102_archive.pdf , page92 used on input line 
7.
(pdftex.def)             Requested size: 562.12285pt x 795.00201pt.
 [105

 <./rigidity_v102_archive.pdf>]
<rigidity_v102_archive.pdf, id=1167, page=93, 597.50829pt x 845.0471pt>
File: rigidity_v102_archive.pdf Graphic file (type pdf)
<use rigidity_v102_archive.pdf, page 93>
Package pdftex.def Info: rigidity_v102_archive.pdf , page93 used on input line 
7.
(pdftex.def)             Requested size: 562.12285pt x 795.00201pt.
File: rigidity_v102_archive.pdf Graphic file (type pdf)
<use rigidity_v102_archive.pdf, page 93>
Package pdftex.def Info: rigidity_v102_archive.pdf , page93 used on input line 
7.
(pdftex.def)             Requested size: 562.12285pt x 795.00201pt.
File: rigidity_v102_archive.pdf Graphic file (type pdf)
<use rigidity_v102_archive.pdf, page 93>
Package pdftex.def Info: rigidity_v102_archive.pdf , page93 used on input line 
7.
(pdftex.def)             Requested size: 562.12285pt x 795.00201pt.

[106

 <./rigidity_v102_archive.pdf>]
<rigidity_v102_archive.pdf, id=1174, page=94, 597.50829pt x 845.0471pt>
File: rigidity_v102_archive.pdf Graphic file (type pdf)
<use rigidity_v102_archive.pdf, page 94>
Package pdftex.def Info: rigidity_v102_archive.pdf , page94 used on input line 
7.
(pdftex.def)             Requested size: 562.12285pt x 795.00201pt.
File: rigidity_v102_archive.pdf Graphic file (type pdf)
<use rigidity_v102_archive.pdf, page 94>
Package pdftex.def Info: rigidity_v102_archive.pdf , page94 used on input line 
7.
(pdftex.def)             Requested size: 562.12285pt x 795.00201pt.
File: rigidity_v102_archive.pdf Graphic file (type pdf)
<use rigidity_v102_archive.pdf, page 94>
Package pdftex.def Info: rigidity_v102_archive.pdf , page94 used on input line 
7.
(pdftex.def)             Requested size: 562.12285pt x 795.00201pt.
 [107

 <./rigidity_v102_archive.pdf>]
<rigidity_v102_archive.pdf, id=1181, page=95, 597.50829pt x 845.0471pt>
File: rigidity_v102_archive.pdf Graphic file (type pdf)
<use rigidity_v102_archive.pdf, page 95>
Package pdftex.def Info: rigidity_v102_archive.pdf , page95 used on input line 
7.
(pdftex.def)             Requested size: 562.12285pt x 795.00201pt.
File: rigidity_v102_archive.pdf Graphic file (type pdf)
<use rigidity_v102_archive.pdf, page 95>
Package pdftex.def Info: rigidity_v102_archive.pdf , page95 used on input line 
7.
(pdftex.def)             Requested size: 562.12285pt x 795.00201pt.
File: rigidity_v102_archive.pdf Graphic file (type pdf)
<use rigidity_v102_archive.pdf, page 95>
Package pdftex.def Info: rigidity_v102_archive.pdf , page95 used on input line 
7.
(pdftex.def)             Requested size: 562.12285pt x 795.00201pt.

[108

 <./rigidity_v102_archive.pdf>]
<rigidity_v102_archive.pdf, id=1188, page=96, 597.50829pt x 845.0471pt>
File: rigidity_v102_archive.pdf Graphic file (type pdf)
<use rigidity_v102_archive.pdf, page 96>
Package pdftex.def Info: rigidity_v102_archive.pdf , page96 used on input line 
7.
(pdftex.def)             Requested size: 562.12285pt x 795.00201pt.
File: rigidity_v102_archive.pdf Graphic file (type pdf)
<use rigidity_v102_archive.pdf, page 96>
Package pdftex.def Info: rigidity_v102_archive.pdf , page96 used on input line 
7.
(pdftex.def)             Requested size: 562.12285pt x 795.00201pt.
File: rigidity_v102_archive.pdf Graphic file (type pdf)
<use rigidity_v102_archive.pdf, page 96>
Package pdftex.def Info: rigidity_v102_archive.pdf , page96 used on input line 
7.
(pdftex.def)             Requested size: 562.12285pt x 795.00201pt.
 [109

 <./rigidity_v102_archive.pdf>]
<rigidity_v102_archive.pdf, id=1196, page=97, 597.50829pt x 845.0471pt>
File: rigidity_v102_archive.pdf Graphic file (type pdf)
<use rigidity_v102_archive.pdf, page 97>
Package pdftex.def Info: rigidity_v102_archive.pdf , page97 used on input line 
7.
(pdftex.def)             Requested size: 562.12285pt x 795.00201pt.
File: rigidity_v102_archive.pdf Graphic file (type pdf)
<use rigidity_v102_archive.pdf, page 97>
Package pdftex.def Info: rigidity_v102_archive.pdf , page97 used on input line 
7.
(pdftex.def)             Requested size: 562.12285pt x 795.00201pt.
File: rigidity_v102_archive.pdf Graphic file (type pdf)
<use rigidity_v102_archive.pdf, page 97>
Package pdftex.def Info: rigidity_v102_archive.pdf , page97 used on input line 
7.
(pdftex.def)             Requested size: 562.12285pt x 795.00201pt.

[110

 <./rigidity_v102_archive.pdf>]
<rigidity_v102_archive.pdf, id=1203, page=98, 597.50829pt x 845.0471pt>
File: rigidity_v102_archive.pdf Graphic file (type pdf)
<use rigidity_v102_archive.pdf, page 98>
Package pdftex.def Info: rigidity_v102_archive.pdf , page98 used on input line 
7.
(pdftex.def)             Requested size: 562.12285pt x 795.00201pt.
File: rigidity_v102_archive.pdf Graphic file (type pdf)
<use rigidity_v102_archive.pdf, page 98>
Package pdftex.def Info: rigidity_v102_archive.pdf , page98 used on input line 
7.
(pdftex.def)             Requested size: 562.12285pt x 795.00201pt.
File: rigidity_v102_archive.pdf Graphic file (type pdf)
<use rigidity_v102_archive.pdf, page 98>
Package pdftex.def Info: rigidity_v102_archive.pdf , page98 used on input line 
7.
(pdftex.def)             Requested size: 562.12285pt x 795.00201pt.
 [111

 <./rigidity_v102_archive.pdf>]
<rigidity_v102_archive.pdf, id=1210, page=99, 597.50829pt x 845.0471pt>
File: rigidity_v102_archive.pdf Graphic file (type pdf)
<use rigidity_v102_archive.pdf, page 99>
Package pdftex.def Info: rigidity_v102_archive.pdf , page99 used on input line 
7.
(pdftex.def)             Requested size: 562.12285pt x 795.00201pt.
File: rigidity_v102_archive.pdf Graphic file (type pdf)
<use rigidity_v102_archive.pdf, page 99>
Package pdftex.def Info: rigidity_v102_archive.pdf , page99 used on input line 
7.
(pdftex.def)             Requested size: 562.12285pt x 795.00201pt.
File: rigidity_v102_archive.pdf Graphic file (type pdf)
<use rigidity_v102_archive.pdf, page 99>
Package pdftex.def Info: rigidity_v102_archive.pdf , page99 used on input line 
7.
(pdftex.def)             Requested size: 562.12285pt x 795.00201pt.

[112

 <./rigidity_v102_archive.pdf>]
<rigidity_v102_archive.pdf, id=1217, page=100, 597.50829pt x 845.0471pt>
File: rigidity_v102_archive.pdf Graphic file (type pdf)
<use rigidity_v102_archive.pdf, page 100>
Package pdftex.def Info: rigidity_v102_archive.pdf , page100 used on input line
 7.
(pdftex.def)             Requested size: 562.12285pt x 795.00201pt.
File: rigidity_v102_archive.pdf Graphic file (type pdf)
<use rigidity_v102_archive.pdf, page 100>
Package pdftex.def Info: rigidity_v102_archive.pdf , page100 used on input line
 7.
(pdftex.def)             Requested size: 562.12285pt x 795.00201pt.
File: rigidity_v102_archive.pdf Graphic file (type pdf)
<use rigidity_v102_archive.pdf, page 100>
Package pdftex.def Info: rigidity_v102_archive.pdf , page100 used on input line
 7.
(pdftex.def)             Requested size: 562.12285pt x 795.00201pt.
 [113

 <./rigidity_v102_archive.pdf>]
<rigidity_v102_archive.pdf, id=1224, page=101, 597.50829pt x 845.0471pt>
File: rigidity_v102_archive.pdf Graphic file (type pdf)
<use rigidity_v102_archive.pdf, page 101>
Package pdftex.def Info: rigidity_v102_archive.pdf , page101 used on input line
 7.
(pdftex.def)             Requested size: 562.12285pt x 795.00201pt.
File: rigidity_v102_archive.pdf Graphic file (type pdf)
<use rigidity_v102_archive.pdf, page 101>
Package pdftex.def Info: rigidity_v102_archive.pdf , page101 used on input line
 7.
(pdftex.def)             Requested size: 562.12285pt x 795.00201pt.
File: rigidity_v102_archive.pdf Graphic file (type pdf)
<use rigidity_v102_archive.pdf, page 101>
Package pdftex.def Info: rigidity_v102_archive.pdf , page101 used on input line
 7.
(pdftex.def)             Requested size: 562.12285pt x 795.00201pt.

[114

 <./rigidity_v102_archive.pdf>]
<rigidity_v102_archive.pdf, id=1231, page=102, 597.50829pt x 845.0471pt>
File: rigidity_v102_archive.pdf Graphic file (type pdf)
<use rigidity_v102_archive.pdf, page 102>
Package pdftex.def Info: rigidity_v102_archive.pdf , page102 used on input line
 7.
(pdftex.def)             Requested size: 562.12285pt x 795.00201pt.
File: rigidity_v102_archive.pdf Graphic file (type pdf)
<use rigidity_v102_archive.pdf, page 102>
Package pdftex.def Info: rigidity_v102_archive.pdf , page102 used on input line
 7.
(pdftex.def)             Requested size: 562.12285pt x 795.00201pt.
File: rigidity_v102_archive.pdf Graphic file (type pdf)
<use rigidity_v102_archive.pdf, page 102>
Package pdftex.def Info: rigidity_v102_archive.pdf , page102 used on input line
 7.
(pdftex.def)             Requested size: 562.12285pt x 795.00201pt.
 [115

 <./rigidity_v102_archive.pdf>]
<rigidity_v102_archive.pdf, id=1239, page=103, 597.50829pt x 845.0471pt>
File: rigidity_v102_archive.pdf Graphic file (type pdf)
<use rigidity_v102_archive.pdf, page 103>
Package pdftex.def Info: rigidity_v102_archive.pdf , page103 used on input line
 7.
(pdftex.def)             Requested size: 562.12285pt x 795.00201pt.
File: rigidity_v102_archive.pdf Graphic file (type pdf)
<use rigidity_v102_archive.pdf, page 103>
Package pdftex.def Info: rigidity_v102_archive.pdf , page103 used on input line
 7.
(pdftex.def)             Requested size: 562.12285pt x 795.00201pt.
File: rigidity_v102_archive.pdf Graphic file (type pdf)
<use rigidity_v102_archive.pdf, page 103>
Package pdftex.def Info: rigidity_v102_archive.pdf , page103 used on input line
 7.
(pdftex.def)             Requested size: 562.12285pt x 795.00201pt.

[116

 <./rigidity_v102_archive.pdf>]
<rigidity_v102_archive.pdf, id=1246, page=104, 597.50829pt x 845.0471pt>
File: rigidity_v102_archive.pdf Graphic file (type pdf)
<use rigidity_v102_archive.pdf, page 104>
Package pdftex.def Info: rigidity_v102_archive.pdf , page104 used on input line
 7.
(pdftex.def)             Requested size: 562.12285pt x 795.00201pt.
File: rigidity_v102_archive.pdf Graphic file (type pdf)
<use rigidity_v102_archive.pdf, page 104>
Package pdftex.def Info: rigidity_v102_archive.pdf , page104 used on input line
 7.
(pdftex.def)             Requested size: 562.12285pt x 795.00201pt.
File: rigidity_v102_archive.pdf Graphic file (type pdf)
<use rigidity_v102_archive.pdf, page 104>
Package pdftex.def Info: rigidity_v102_archive.pdf , page104 used on input line
 7.
(pdftex.def)             Requested size: 562.12285pt x 795.00201pt.
 [117

 <./rigidity_v102_archive.pdf>]
<rigidity_v102_archive.pdf, id=1260, page=105, 597.50829pt x 845.0471pt>
File: rigidity_v102_archive.pdf Graphic file (type pdf)
<use rigidity_v102_archive.pdf, page 105>
Package pdftex.def Info: rigidity_v102_archive.pdf , page105 used on input line
 7.
(pdftex.def)             Requested size: 562.12285pt x 795.00201pt.
File: rigidity_v102_archive.pdf Graphic file (type pdf)
<use rigidity_v102_archive.pdf, page 105>
Package pdftex.def Info: rigidity_v102_archive.pdf , page105 used on input line
 7.
(pdftex.def)             Requested size: 562.12285pt x 795.00201pt.
File: rigidity_v102_archive.pdf Graphic file (type pdf)
<use rigidity_v102_archive.pdf, page 105>
Package pdftex.def Info: rigidity_v102_archive.pdf , page105 used on input line
 7.
(pdftex.def)             Requested size: 562.12285pt x 795.00201pt.

[118

 <./rigidity_v102_archive.pdf>]
<rigidity_v102_archive.pdf, id=1363, page=106, 597.50829pt x 845.0471pt>
File: rigidity_v102_archive.pdf Graphic file (type pdf)
<use rigidity_v102_archive.pdf, page 106>
Package pdftex.def Info: rigidity_v102_archive.pdf , page106 used on input line
 7.
(pdftex.def)             Requested size: 562.12285pt x 795.00201pt.
File: rigidity_v102_archive.pdf Graphic file (type pdf)
<use rigidity_v102_archive.pdf, page 106>
Package pdftex.def Info: rigidity_v102_archive.pdf , page106 used on input line
 7.
(pdftex.def)             Requested size: 562.12285pt x 795.00201pt.
File: rigidity_v102_archive.pdf Graphic file (type pdf)
<use rigidity_v102_archive.pdf, page 106>
Package pdftex.def Info: rigidity_v102_archive.pdf , page106 used on input line
 7.
(pdftex.def)             Requested size: 562.12285pt x 795.00201pt.
 [119

 <./rigidity_v102_archive.pdf>]
<rigidity_v102_archive.pdf, id=1399, page=107, 597.50829pt x 845.0471pt>
File: rigidity_v102_archive.pdf Graphic file (type pdf)
<use rigidity_v102_archive.pdf, page 107>
Package pdftex.def Info: rigidity_v102_archive.pdf , page107 used on input line
 7.
(pdftex.def)             Requested size: 562.12285pt x 795.00201pt.
File: rigidity_v102_archive.pdf Graphic file (type pdf)
<use rigidity_v102_archive.pdf, page 107>
Package pdftex.def Info: rigidity_v102_archive.pdf , page107 used on input line
 7.
(pdftex.def)             Requested size: 562.12285pt x 795.00201pt.
File: rigidity_v102_archive.pdf Graphic file (type pdf)
<use rigidity_v102_archive.pdf, page 107>
Package pdftex.def Info: rigidity_v102_archive.pdf , page107 used on input line
 7.
(pdftex.def)             Requested size: 562.12285pt x 795.00201pt.

[120

 <./rigidity_v102_archive.pdf>]
<rigidity_v102_archive.pdf, id=1407, page=108, 597.50829pt x 845.0471pt>
File: rigidity_v102_archive.pdf Graphic file (type pdf)
<use rigidity_v102_archive.pdf, page 108>
Package pdftex.def Info: rigidity_v102_archive.pdf , page108 used on input line
 7.
(pdftex.def)             Requested size: 562.12285pt x 795.00201pt.
File: rigidity_v102_archive.pdf Graphic file (type pdf)
<use rigidity_v102_archive.pdf, page 108>
Package pdftex.def Info: rigidity_v102_archive.pdf , page108 used on input line
 7.
(pdftex.def)             Requested size: 562.12285pt x 795.00201pt.
File: rigidity_v102_archive.pdf Graphic file (type pdf)
<use rigidity_v102_archive.pdf, page 108>
Package pdftex.def Info: rigidity_v102_archive.pdf , page108 used on input line
 7.
(pdftex.def)             Requested size: 562.12285pt x 795.00201pt.
 [121

 <./rigidity_v102_archive.pdf>]
<rigidity_v102_archive.pdf, id=1441, page=109, 597.50829pt x 845.0471pt>
File: rigidity_v102_archive.pdf Graphic file (type pdf)
<use rigidity_v102_archive.pdf, page 109>
Package pdftex.def Info: rigidity_v102_archive.pdf , page109 used on input line
 7.
(pdftex.def)             Requested size: 562.12285pt x 795.00201pt.
File: rigidity_v102_archive.pdf Graphic file (type pdf)
<use rigidity_v102_archive.pdf, page 109>
Package pdftex.def Info: rigidity_v102_archive.pdf , page109 used on input line
 7.
(pdftex.def)             Requested size: 562.12285pt x 795.00201pt.
File: rigidity_v102_archive.pdf Graphic file (type pdf)
<use rigidity_v102_archive.pdf, page 109>
Package pdftex.def Info: rigidity_v102_archive.pdf , page109 used on input line
 7.
(pdftex.def)             Requested size: 562.12285pt x 795.00201pt.

[122

 <./rigidity_v102_archive.pdf>]
<rigidity_v102_archive.pdf, id=1457, page=110, 597.50829pt x 845.0471pt>
File: rigidity_v102_archive.pdf Graphic file (type pdf)
<use rigidity_v102_archive.pdf, page 110>
Package pdftex.def Info: rigidity_v102_archive.pdf , page110 used on input line
 7.
(pdftex.def)             Requested size: 562.12285pt x 795.00201pt.
File: rigidity_v102_archive.pdf Graphic file (type pdf)
<use rigidity_v102_archive.pdf, page 110>
Package pdftex.def Info: rigidity_v102_archive.pdf , page110 used on input line
 7.
(pdftex.def)             Requested size: 562.12285pt x 795.00201pt.
File: rigidity_v102_archive.pdf Graphic file (type pdf)
<use rigidity_v102_archive.pdf, page 110>
Package pdftex.def Info: rigidity_v102_archive.pdf , page110 used on input line
 7.
(pdftex.def)             Requested size: 562.12285pt x 795.00201pt.
 [123

 <./rigidity_v102_archive.pdf>]
<rigidity_v102_archive.pdf, id=1465, page=111, 597.50829pt x 845.0471pt>
File: rigidity_v102_archive.pdf Graphic file (type pdf)
<use rigidity_v102_archive.pdf, page 111>
Package pdftex.def Info: rigidity_v102_archive.pdf , page111 used on input line
 7.
(pdftex.def)             Requested size: 562.12285pt x 795.00201pt.
File: rigidity_v102_archive.pdf Graphic file (type pdf)
<use rigidity_v102_archive.pdf, page 111>
Package pdftex.def Info: rigidity_v102_archive.pdf , page111 used on input line
 7.
(pdftex.def)             Requested size: 562.12285pt x 795.00201pt.
File: rigidity_v102_archive.pdf Graphic file (type pdf)
<use rigidity_v102_archive.pdf, page 111>
Package pdftex.def Info: rigidity_v102_archive.pdf , page111 used on input line
 7.
(pdftex.def)             Requested size: 562.12285pt x 795.00201pt.

[124

 <./rigidity_v102_archive.pdf>]
<rigidity_v102_archive.pdf, id=1480, page=112, 597.50829pt x 845.0471pt>
File: rigidity_v102_archive.pdf Graphic file (type pdf)
<use rigidity_v102_archive.pdf, page 112>
Package pdftex.def Info: rigidity_v102_archive.pdf , page112 used on input line
 7.
(pdftex.def)             Requested size: 562.12285pt x 795.00201pt.
File: rigidity_v102_archive.pdf Graphic file (type pdf)
<use rigidity_v102_archive.pdf, page 112>
Package pdftex.def Info: rigidity_v102_archive.pdf , page112 used on input line
 7.
(pdftex.def)             Requested size: 562.12285pt x 795.00201pt.
File: rigidity_v102_archive.pdf Graphic file (type pdf)
<use rigidity_v102_archive.pdf, page 112>
Package pdftex.def Info: rigidity_v102_archive.pdf , page112 used on input line
 7.
(pdftex.def)             Requested size: 562.12285pt x 795.00201pt.
 [125

 <./rigidity_v102_archive.pdf>]
<rigidity_v102_archive.pdf, id=1488, page=113, 597.50829pt x 845.0471pt>
File: rigidity_v102_archive.pdf Graphic file (type pdf)
<use rigidity_v102_archive.pdf, page 113>
Package pdftex.def Info: rigidity_v102_archive.pdf , page113 used on input line
 7.
(pdftex.def)             Requested size: 562.12285pt x 795.00201pt.
File: rigidity_v102_archive.pdf Graphic file (type pdf)
<use rigidity_v102_archive.pdf, page 113>
Package pdftex.def Info: rigidity_v102_archive.pdf , page113 used on input line
 7.
(pdftex.def)             Requested size: 562.12285pt x 795.00201pt.
File: rigidity_v102_archive.pdf Graphic file (type pdf)
<use rigidity_v102_archive.pdf, page 113>
Package pdftex.def Info: rigidity_v102_archive.pdf , page113 used on input line
 7.
(pdftex.def)             Requested size: 562.12285pt x 795.00201pt.

[126

 <./rigidity_v102_archive.pdf>]
<rigidity_v102_archive.pdf, id=1496, page=114, 597.50829pt x 845.0471pt>
File: rigidity_v102_archive.pdf Graphic file (type pdf)
<use rigidity_v102_archive.pdf, page 114>
Package pdftex.def Info: rigidity_v102_archive.pdf , page114 used on input line
 7.
(pdftex.def)             Requested size: 562.12285pt x 795.00201pt.
File: rigidity_v102_archive.pdf Graphic file (type pdf)
<use rigidity_v102_archive.pdf, page 114>
Package pdftex.def Info: rigidity_v102_archive.pdf , page114 used on input line
 7.
(pdftex.def)             Requested size: 562.12285pt x 795.00201pt.
File: rigidity_v102_archive.pdf Graphic file (type pdf)
<use rigidity_v102_archive.pdf, page 114>
Package pdftex.def Info: rigidity_v102_archive.pdf , page114 used on input line
 7.
(pdftex.def)             Requested size: 562.12285pt x 795.00201pt.
 [127

 <./rigidity_v102_archive.pdf>]
<rigidity_v102_archive.pdf, id=1505, page=115, 597.50829pt x 845.0471pt>
File: rigidity_v102_archive.pdf Graphic file (type pdf)
<use rigidity_v102_archive.pdf, page 115>
Package pdftex.def Info: rigidity_v102_archive.pdf , page115 used on input line
 7.
(pdftex.def)             Requested size: 562.12285pt x 795.00201pt.
File: rigidity_v102_archive.pdf Graphic file (type pdf)
<use rigidity_v102_archive.pdf, page 115>
Package pdftex.def Info: rigidity_v102_archive.pdf , page115 used on input line
 7.
(pdftex.def)             Requested size: 562.12285pt x 795.00201pt.
File: rigidity_v102_archive.pdf Graphic file (type pdf)
<use rigidity_v102_archive.pdf, page 115>
Package pdftex.def Info: rigidity_v102_archive.pdf , page115 used on input line
 7.
(pdftex.def)             Requested size: 562.12285pt x 795.00201pt.

[128

 <./rigidity_v102_archive.pdf>]
<rigidity_v102_archive.pdf, id=1513, page=116, 597.50829pt x 845.0471pt>
File: rigidity_v102_archive.pdf Graphic file (type pdf)
<use rigidity_v102_archive.pdf, page 116>
Package pdftex.def Info: rigidity_v102_archive.pdf , page116 used on input line
 7.
(pdftex.def)             Requested size: 562.12285pt x 795.00201pt.
File: rigidity_v102_archive.pdf Graphic file (type pdf)
<use rigidity_v102_archive.pdf, page 116>
Package pdftex.def Info: rigidity_v102_archive.pdf , page116 used on input line
 7.
(pdftex.def)             Requested size: 562.12285pt x 795.00201pt.
File: rigidity_v102_archive.pdf Graphic file (type pdf)
<use rigidity_v102_archive.pdf, page 116>
Package pdftex.def Info: rigidity_v102_archive.pdf , page116 used on input line
 7.
(pdftex.def)             Requested size: 562.12285pt x 795.00201pt.
 [129

 <./rigidity_v102_archive.pdf>]
<rigidity_v102_archive.pdf, id=1521, page=117, 597.50829pt x 845.0471pt>
File: rigidity_v102_archive.pdf Graphic file (type pdf)
<use rigidity_v102_archive.pdf, page 117>
Package pdftex.def Info: rigidity_v102_archive.pdf , page117 used on input line
 7.
(pdftex.def)             Requested size: 562.12285pt x 795.00201pt.
File: rigidity_v102_archive.pdf Graphic file (type pdf)
<use rigidity_v102_archive.pdf, page 117>
Package pdftex.def Info: rigidity_v102_archive.pdf , page117 used on input line
 7.
(pdftex.def)             Requested size: 562.12285pt x 795.00201pt.
File: rigidity_v102_archive.pdf Graphic file (type pdf)
<use rigidity_v102_archive.pdf, page 117>
Package pdftex.def Info: rigidity_v102_archive.pdf , page117 used on input line
 7.
(pdftex.def)             Requested size: 562.12285pt x 795.00201pt.

[130

 <./rigidity_v102_archive.pdf>]
<rigidity_v102_archive.pdf, id=1529, page=118, 597.50829pt x 845.0471pt>
File: rigidity_v102_archive.pdf Graphic file (type pdf)
<use rigidity_v102_archive.pdf, page 118>
Package pdftex.def Info: rigidity_v102_archive.pdf , page118 used on input line
 7.
(pdftex.def)             Requested size: 562.12285pt x 795.00201pt.
File: rigidity_v102_archive.pdf Graphic file (type pdf)
<use rigidity_v102_archive.pdf, page 118>
Package pdftex.def Info: rigidity_v102_archive.pdf , page118 used on input line
 7.
(pdftex.def)             Requested size: 562.12285pt x 795.00201pt.
File: rigidity_v102_archive.pdf Graphic file (type pdf)
<use rigidity_v102_archive.pdf, page 118>
Package pdftex.def Info: rigidity_v102_archive.pdf , page118 used on input line
 7.
(pdftex.def)             Requested size: 562.12285pt x 795.00201pt.
 [131

 <./rigidity_v102_archive.pdf>]
<rigidity_v102_archive.pdf, id=1537, page=119, 597.50829pt x 845.0471pt>
File: rigidity_v102_archive.pdf Graphic file (type pdf)
<use rigidity_v102_archive.pdf, page 119>
Package pdftex.def Info: rigidity_v102_archive.pdf , page119 used on input line
 7.
(pdftex.def)             Requested size: 562.12285pt x 795.00201pt.
File: rigidity_v102_archive.pdf Graphic file (type pdf)
<use rigidity_v102_archive.pdf, page 119>
Package pdftex.def Info: rigidity_v102_archive.pdf , page119 used on input line
 7.
(pdftex.def)             Requested size: 562.12285pt x 795.00201pt.
File: rigidity_v102_archive.pdf Graphic file (type pdf)
<use rigidity_v102_archive.pdf, page 119>
Package pdftex.def Info: rigidity_v102_archive.pdf , page119 used on input line
 7.
(pdftex.def)             Requested size: 562.12285pt x 795.00201pt.

[132

 <./rigidity_v102_archive.pdf>]
<rigidity_v102_archive.pdf, id=1545, page=120, 597.50829pt x 845.0471pt>
File: rigidity_v102_archive.pdf Graphic file (type pdf)
<use rigidity_v102_archive.pdf, page 120>
Package pdftex.def Info: rigidity_v102_archive.pdf , page120 used on input line
 7.
(pdftex.def)             Requested size: 562.12285pt x 795.00201pt.
File: rigidity_v102_archive.pdf Graphic file (type pdf)
<use rigidity_v102_archive.pdf, page 120>
Package pdftex.def Info: rigidity_v102_archive.pdf , page120 used on input line
 7.
(pdftex.def)             Requested size: 562.12285pt x 795.00201pt.
File: rigidity_v102_archive.pdf Graphic file (type pdf)
<use rigidity_v102_archive.pdf, page 120>
Package pdftex.def Info: rigidity_v102_archive.pdf , page120 used on input line
 7.
(pdftex.def)             Requested size: 562.12285pt x 795.00201pt.
 [133

 <./rigidity_v102_archive.pdf>]
<rigidity_v102_archive.pdf, id=1561, page=121, 597.50829pt x 845.0471pt>
File: rigidity_v102_archive.pdf Graphic file (type pdf)
<use rigidity_v102_archive.pdf, page 121>
Package pdftex.def Info: rigidity_v102_archive.pdf , page121 used on input line
 7.
(pdftex.def)             Requested size: 562.12285pt x 795.00201pt.
File: rigidity_v102_archive.pdf Graphic file (type pdf)
<use rigidity_v102_archive.pdf, page 121>
Package pdftex.def Info: rigidity_v102_archive.pdf , page121 used on input line
 7.
(pdftex.def)             Requested size: 562.12285pt x 795.00201pt.
File: rigidity_v102_archive.pdf Graphic file (type pdf)
<use rigidity_v102_archive.pdf, page 121>
Package pdftex.def Info: rigidity_v102_archive.pdf , page121 used on input line
 7.
(pdftex.def)             Requested size: 562.12285pt x 795.00201pt.

[134

 <./rigidity_v102_archive.pdf>]
<rigidity_v102_archive.pdf, id=1569, page=122, 597.50829pt x 845.0471pt>
File: rigidity_v102_archive.pdf Graphic file (type pdf)
<use rigidity_v102_archive.pdf, page 122>
Package pdftex.def Info: rigidity_v102_archive.pdf , page122 used on input line
 7.
(pdftex.def)             Requested size: 562.12285pt x 795.00201pt.
File: rigidity_v102_archive.pdf Graphic file (type pdf)
<use rigidity_v102_archive.pdf, page 122>
Package pdftex.def Info: rigidity_v102_archive.pdf , page122 used on input line
 7.
(pdftex.def)             Requested size: 562.12285pt x 795.00201pt.
File: rigidity_v102_archive.pdf Graphic file (type pdf)
<use rigidity_v102_archive.pdf, page 122>
Package pdftex.def Info: rigidity_v102_archive.pdf , page122 used on input line
 7.
(pdftex.def)             Requested size: 562.12285pt x 795.00201pt.
 [135

 <./rigidity_v102_archive.pdf>]
<rigidity_v102_archive.pdf, id=1577, page=123, 597.50829pt x 845.0471pt>
File: rigidity_v102_archive.pdf Graphic file (type pdf)
<use rigidity_v102_archive.pdf, page 123>
Package pdftex.def Info: rigidity_v102_archive.pdf , page123 used on input line
 7.
(pdftex.def)             Requested size: 562.12285pt x 795.00201pt.
File: rigidity_v102_archive.pdf Graphic file (type pdf)
<use rigidity_v102_archive.pdf, page 123>
Package pdftex.def Info: rigidity_v102_archive.pdf , page123 used on input line
 7.
(pdftex.def)             Requested size: 562.12285pt x 795.00201pt.
File: rigidity_v102_archive.pdf Graphic file (type pdf)
<use rigidity_v102_archive.pdf, page 123>
Package pdftex.def Info: rigidity_v102_archive.pdf , page123 used on input line
 7.
(pdftex.def)             Requested size: 562.12285pt x 795.00201pt.

[136

 <./rigidity_v102_archive.pdf>]
<rigidity_v102_archive.pdf, id=1585, page=124, 597.50829pt x 845.0471pt>
File: rigidity_v102_archive.pdf Graphic file (type pdf)
<use rigidity_v102_archive.pdf, page 124>
Package pdftex.def Info: rigidity_v102_archive.pdf , page124 used on input line
 7.
(pdftex.def)             Requested size: 562.12285pt x 795.00201pt.
File: rigidity_v102_archive.pdf Graphic file (type pdf)
<use rigidity_v102_archive.pdf, page 124>
Package pdftex.def Info: rigidity_v102_archive.pdf , page124 used on input line
 7.
(pdftex.def)             Requested size: 562.12285pt x 795.00201pt.
File: rigidity_v102_archive.pdf Graphic file (type pdf)
<use rigidity_v102_archive.pdf, page 124>
Package pdftex.def Info: rigidity_v102_archive.pdf , page124 used on input line
 7.
(pdftex.def)             Requested size: 562.12285pt x 795.00201pt.
 [137

 <./rigidity_v102_archive.pdf>]
<rigidity_v102_archive.pdf, id=1593, page=125, 597.50829pt x 845.0471pt>
File: rigidity_v102_archive.pdf Graphic file (type pdf)
<use rigidity_v102_archive.pdf, page 125>
Package pdftex.def Info: rigidity_v102_archive.pdf , page125 used on input line
 7.
(pdftex.def)             Requested size: 562.12285pt x 795.00201pt.
File: rigidity_v102_archive.pdf Graphic file (type pdf)
<use rigidity_v102_archive.pdf, page 125>
Package pdftex.def Info: rigidity_v102_archive.pdf , page125 used on input line
 7.
(pdftex.def)             Requested size: 562.12285pt x 795.00201pt.
File: rigidity_v102_archive.pdf Graphic file (type pdf)
<use rigidity_v102_archive.pdf, page 125>
Package pdftex.def Info: rigidity_v102_archive.pdf , page125 used on input line
 7.
(pdftex.def)             Requested size: 562.12285pt x 795.00201pt.

[138

 <./rigidity_v102_archive.pdf>]
<rigidity_v102_archive.pdf, id=1601, page=126, 597.50829pt x 845.0471pt>
File: rigidity_v102_archive.pdf Graphic file (type pdf)
<use rigidity_v102_archive.pdf, page 126>
Package pdftex.def Info: rigidity_v102_archive.pdf , page126 used on input line
 7.
(pdftex.def)             Requested size: 562.12285pt x 795.00201pt.
File: rigidity_v102_archive.pdf Graphic file (type pdf)
<use rigidity_v102_archive.pdf, page 126>
Package pdftex.def Info: rigidity_v102_archive.pdf , page126 used on input line
 7.
(pdftex.def)             Requested size: 562.12285pt x 795.00201pt.
File: rigidity_v102_archive.pdf Graphic file (type pdf)
<use rigidity_v102_archive.pdf, page 126>
Package pdftex.def Info: rigidity_v102_archive.pdf , page126 used on input line
 7.
(pdftex.def)             Requested size: 562.12285pt x 795.00201pt.
 [139

 <./rigidity_v102_archive.pdf>]
<rigidity_v102_archive.pdf, id=1610, page=127, 597.50829pt x 845.0471pt>
File: rigidity_v102_archive.pdf Graphic file (type pdf)
<use rigidity_v102_archive.pdf, page 127>
Package pdftex.def Info: rigidity_v102_archive.pdf , page127 used on input line
 7.
(pdftex.def)             Requested size: 562.12285pt x 795.00201pt.
File: rigidity_v102_archive.pdf Graphic file (type pdf)
<use rigidity_v102_archive.pdf, page 127>
Package pdftex.def Info: rigidity_v102_archive.pdf , page127 used on input line
 7.
(pdftex.def)             Requested size: 562.12285pt x 795.00201pt.
File: rigidity_v102_archive.pdf Graphic file (type pdf)
<use rigidity_v102_archive.pdf, page 127>
Package pdftex.def Info: rigidity_v102_archive.pdf , page127 used on input line
 7.
(pdftex.def)             Requested size: 562.12285pt x 795.00201pt.

[140

 <./rigidity_v102_archive.pdf>]
<rigidity_v102_archive.pdf, id=1618, page=128, 597.50829pt x 845.0471pt>
File: rigidity_v102_archive.pdf Graphic file (type pdf)
<use rigidity_v102_archive.pdf, page 128>
Package pdftex.def Info: rigidity_v102_archive.pdf , page128 used on input line
 7.
(pdftex.def)             Requested size: 562.12285pt x 795.00201pt.
File: rigidity_v102_archive.pdf Graphic file (type pdf)
<use rigidity_v102_archive.pdf, page 128>
Package pdftex.def Info: rigidity_v102_archive.pdf , page128 used on input line
 7.
(pdftex.def)             Requested size: 562.12285pt x 795.00201pt.
File: rigidity_v102_archive.pdf Graphic file (type pdf)
<use rigidity_v102_archive.pdf, page 128>
Package pdftex.def Info: rigidity_v102_archive.pdf , page128 used on input line
 7.
(pdftex.def)             Requested size: 562.12285pt x 795.00201pt.
 [141

 <./rigidity_v102_archive.pdf>]
<rigidity_v102_archive.pdf, id=1626, page=129, 597.50829pt x 845.0471pt>
File: rigidity_v102_archive.pdf Graphic file (type pdf)
<use rigidity_v102_archive.pdf, page 129>
Package pdftex.def Info: rigidity_v102_archive.pdf , page129 used on input line
 7.
(pdftex.def)             Requested size: 562.12285pt x 795.00201pt.
File: rigidity_v102_archive.pdf Graphic file (type pdf)
<use rigidity_v102_archive.pdf, page 129>
Package pdftex.def Info: rigidity_v102_archive.pdf , page129 used on input line
 7.
(pdftex.def)             Requested size: 562.12285pt x 795.00201pt.
File: rigidity_v102_archive.pdf Graphic file (type pdf)
<use rigidity_v102_archive.pdf, page 129>
Package pdftex.def Info: rigidity_v102_archive.pdf , page129 used on input line
 7.
(pdftex.def)             Requested size: 562.12285pt x 795.00201pt.

[142

 <./rigidity_v102_archive.pdf>]
<rigidity_v102_archive.pdf, id=1634, page=130, 597.50829pt x 845.0471pt>
File: rigidity_v102_archive.pdf Graphic file (type pdf)
<use rigidity_v102_archive.pdf, page 130>
Package pdftex.def Info: rigidity_v102_archive.pdf , page130 used on input line
 7.
(pdftex.def)             Requested size: 562.12285pt x 795.00201pt.
File: rigidity_v102_archive.pdf Graphic file (type pdf)
<use rigidity_v102_archive.pdf, page 130>
Package pdftex.def Info: rigidity_v102_archive.pdf , page130 used on input line
 7.
(pdftex.def)             Requested size: 562.12285pt x 795.00201pt.
File: rigidity_v102_archive.pdf Graphic file (type pdf)
<use rigidity_v102_archive.pdf, page 130>
Package pdftex.def Info: rigidity_v102_archive.pdf , page130 used on input line
 7.
(pdftex.def)             Requested size: 562.12285pt x 795.00201pt.
 [143

 <./rigidity_v102_archive.pdf>]
<rigidity_v102_archive.pdf, id=1642, page=131, 597.50829pt x 845.0471pt>
File: rigidity_v102_archive.pdf Graphic file (type pdf)
<use rigidity_v102_archive.pdf, page 131>
Package pdftex.def Info: rigidity_v102_archive.pdf , page131 used on input line
 7.
(pdftex.def)             Requested size: 562.12285pt x 795.00201pt.
File: rigidity_v102_archive.pdf Graphic file (type pdf)
<use rigidity_v102_archive.pdf, page 131>
Package pdftex.def Info: rigidity_v102_archive.pdf , page131 used on input line
 7.
(pdftex.def)             Requested size: 562.12285pt x 795.00201pt.
File: rigidity_v102_archive.pdf Graphic file (type pdf)
<use rigidity_v102_archive.pdf, page 131>
Package pdftex.def Info: rigidity_v102_archive.pdf , page131 used on input line
 7.
(pdftex.def)             Requested size: 562.12285pt x 795.00201pt.

[144

 <./rigidity_v102_archive.pdf>]
<rigidity_v102_archive.pdf, id=1650, page=132, 597.50829pt x 845.0471pt>
File: rigidity_v102_archive.pdf Graphic file (type pdf)
<use rigidity_v102_archive.pdf, page 132>
Package pdftex.def Info: rigidity_v102_archive.pdf , page132 used on input line
 7.
(pdftex.def)             Requested size: 562.12285pt x 795.00201pt.
File: rigidity_v102_archive.pdf Graphic file (type pdf)
<use rigidity_v102_archive.pdf, page 132>
Package pdftex.def Info: rigidity_v102_archive.pdf , page132 used on input line
 7.
(pdftex.def)             Requested size: 562.12285pt x 795.00201pt.
File: rigidity_v102_archive.pdf Graphic file (type pdf)
<use rigidity_v102_archive.pdf, page 132>
Package pdftex.def Info: rigidity_v102_archive.pdf , page132 used on input line
 7.
(pdftex.def)             Requested size: 562.12285pt x 795.00201pt.
 [145

 <./rigidity_v102_archive.pdf>]
<rigidity_v102_archive.pdf, id=1659, page=133, 597.50829pt x 845.0471pt>
File: rigidity_v102_archive.pdf Graphic file (type pdf)
<use rigidity_v102_archive.pdf, page 133>
Package pdftex.def Info: rigidity_v102_archive.pdf , page133 used on input line
 7.
(pdftex.def)             Requested size: 562.12285pt x 795.00201pt.
File: rigidity_v102_archive.pdf Graphic file (type pdf)
<use rigidity_v102_archive.pdf, page 133>
Package pdftex.def Info: rigidity_v102_archive.pdf , page133 used on input line
 7.
(pdftex.def)             Requested size: 562.12285pt x 795.00201pt.
File: rigidity_v102_archive.pdf Graphic file (type pdf)
<use rigidity_v102_archive.pdf, page 133>
Package pdftex.def Info: rigidity_v102_archive.pdf , page133 used on input line
 7.
(pdftex.def)             Requested size: 562.12285pt x 795.00201pt.

[146

 <./rigidity_v102_archive.pdf>]
<rigidity_v102_archive.pdf, id=1667, page=134, 597.50829pt x 845.0471pt>
File: rigidity_v102_archive.pdf Graphic file (type pdf)
<use rigidity_v102_archive.pdf, page 134>
Package pdftex.def Info: rigidity_v102_archive.pdf , page134 used on input line
 7.
(pdftex.def)             Requested size: 562.12285pt x 795.00201pt.
File: rigidity_v102_archive.pdf Graphic file (type pdf)
<use rigidity_v102_archive.pdf, page 134>
Package pdftex.def Info: rigidity_v102_archive.pdf , page134 used on input line
 7.
(pdftex.def)             Requested size: 562.12285pt x 795.00201pt.
File: rigidity_v102_archive.pdf Graphic file (type pdf)
<use rigidity_v102_archive.pdf, page 134>
Package pdftex.def Info: rigidity_v102_archive.pdf , page134 used on input line
 7.
(pdftex.def)             Requested size: 562.12285pt x 795.00201pt.
 [147

 <./rigidity_v102_archive.pdf>]
<rigidity_v102_archive.pdf, id=1675, page=135, 597.50829pt x 845.0471pt>
File: rigidity_v102_archive.pdf Graphic file (type pdf)
<use rigidity_v102_archive.pdf, page 135>
Package pdftex.def Info: rigidity_v102_archive.pdf , page135 used on input line
 7.
(pdftex.def)             Requested size: 562.12285pt x 795.00201pt.
File: rigidity_v102_archive.pdf Graphic file (type pdf)
<use rigidity_v102_archive.pdf, page 135>
Package pdftex.def Info: rigidity_v102_archive.pdf , page135 used on input line
 7.
(pdftex.def)             Requested size: 562.12285pt x 795.00201pt.
File: rigidity_v102_archive.pdf Graphic file (type pdf)
<use rigidity_v102_archive.pdf, page 135>
Package pdftex.def Info: rigidity_v102_archive.pdf , page135 used on input line
 7.
(pdftex.def)             Requested size: 562.12285pt x 795.00201pt.

[148

 <./rigidity_v102_archive.pdf>]
<rigidity_v102_archive.pdf, id=1683, page=136, 597.50829pt x 845.0471pt>
File: rigidity_v102_archive.pdf Graphic file (type pdf)
<use rigidity_v102_archive.pdf, page 136>
Package pdftex.def Info: rigidity_v102_archive.pdf , page136 used on input line
 7.
(pdftex.def)             Requested size: 562.12285pt x 795.00201pt.
File: rigidity_v102_archive.pdf Graphic file (type pdf)
<use rigidity_v102_archive.pdf, page 136>
Package pdftex.def Info: rigidity_v102_archive.pdf , page136 used on input line
 7.
(pdftex.def)             Requested size: 562.12285pt x 795.00201pt.
File: rigidity_v102_archive.pdf Graphic file (type pdf)
<use rigidity_v102_archive.pdf, page 136>
Package pdftex.def Info: rigidity_v102_archive.pdf , page136 used on input line
 7.
(pdftex.def)             Requested size: 562.12285pt x 795.00201pt.
 [149

 <./rigidity_v102_archive.pdf>]
<rigidity_v102_archive.pdf, id=1691, page=137, 597.50829pt x 845.0471pt>
File: rigidity_v102_archive.pdf Graphic file (type pdf)
<use rigidity_v102_archive.pdf, page 137>
Package pdftex.def Info: rigidity_v102_archive.pdf , page137 used on input line
 7.
(pdftex.def)             Requested size: 562.12285pt x 795.00201pt.
File: rigidity_v102_archive.pdf Graphic file (type pdf)
<use rigidity_v102_archive.pdf, page 137>
Package pdftex.def Info: rigidity_v102_archive.pdf , page137 used on input line
 7.
(pdftex.def)             Requested size: 562.12285pt x 795.00201pt.
File: rigidity_v102_archive.pdf Graphic file (type pdf)
<use rigidity_v102_archive.pdf, page 137>
Package pdftex.def Info: rigidity_v102_archive.pdf , page137 used on input line
 7.
(pdftex.def)             Requested size: 562.12285pt x 795.00201pt.

[150

 <./rigidity_v102_archive.pdf>]
<rigidity_v102_archive.pdf, id=1699, page=138, 597.50829pt x 845.0471pt>
File: rigidity_v102_archive.pdf Graphic file (type pdf)
<use rigidity_v102_archive.pdf, page 138>
Package pdftex.def Info: rigidity_v102_archive.pdf , page138 used on input line
 7.
(pdftex.def)             Requested size: 562.12285pt x 795.00201pt.
File: rigidity_v102_archive.pdf Graphic file (type pdf)
<use rigidity_v102_archive.pdf, page 138>
Package pdftex.def Info: rigidity_v102_archive.pdf , page138 used on input line
 7.
(pdftex.def)             Requested size: 562.12285pt x 795.00201pt.
File: rigidity_v102_archive.pdf Graphic file (type pdf)
<use rigidity_v102_archive.pdf, page 138>
Package pdftex.def Info: rigidity_v102_archive.pdf , page138 used on input line
 7.
(pdftex.def)             Requested size: 562.12285pt x 795.00201pt.
 [151

 <./rigidity_v102_archive.pdf>]
<rigidity_v102_archive.pdf, id=1709, page=139, 597.50829pt x 845.0471pt>
File: rigidity_v102_archive.pdf Graphic file (type pdf)
<use rigidity_v102_archive.pdf, page 139>
Package pdftex.def Info: rigidity_v102_archive.pdf , page139 used on input line
 7.
(pdftex.def)             Requested size: 562.12285pt x 795.00201pt.
File: rigidity_v102_archive.pdf Graphic file (type pdf)
<use rigidity_v102_archive.pdf, page 139>
Package pdftex.def Info: rigidity_v102_archive.pdf , page139 used on input line
 7.
(pdftex.def)             Requested size: 562.12285pt x 795.00201pt.
File: rigidity_v102_archive.pdf Graphic file (type pdf)
<use rigidity_v102_archive.pdf, page 139>
Package pdftex.def Info: rigidity_v102_archive.pdf , page139 used on input line
 7.
(pdftex.def)             Requested size: 562.12285pt x 795.00201pt.

[152

 <./rigidity_v102_archive.pdf>]
<rigidity_v102_archive.pdf, id=1717, page=140, 597.50829pt x 845.0471pt>
File: rigidity_v102_archive.pdf Graphic file (type pdf)
<use rigidity_v102_archive.pdf, page 140>
Package pdftex.def Info: rigidity_v102_archive.pdf , page140 used on input line
 7.
(pdftex.def)             Requested size: 562.12285pt x 795.00201pt.
File: rigidity_v102_archive.pdf Graphic file (type pdf)
<use rigidity_v102_archive.pdf, page 140>
Package pdftex.def Info: rigidity_v102_archive.pdf , page140 used on input line
 7.
(pdftex.def)             Requested size: 562.12285pt x 795.00201pt.
File: rigidity_v102_archive.pdf Graphic file (type pdf)
<use rigidity_v102_archive.pdf, page 140>
Package pdftex.def Info: rigidity_v102_archive.pdf , page140 used on input line
 7.
(pdftex.def)             Requested size: 562.12285pt x 795.00201pt.
 [153

 <./rigidity_v102_archive.pdf>]
<rigidity_v102_archive.pdf, id=1725, page=141, 597.50829pt x 845.0471pt>
File: rigidity_v102_archive.pdf Graphic file (type pdf)
<use rigidity_v102_archive.pdf, page 141>
Package pdftex.def Info: rigidity_v102_archive.pdf , page141 used on input line
 7.
(pdftex.def)             Requested size: 562.12285pt x 795.00201pt.
File: rigidity_v102_archive.pdf Graphic file (type pdf)
<use rigidity_v102_archive.pdf, page 141>
Package pdftex.def Info: rigidity_v102_archive.pdf , page141 used on input line
 7.
(pdftex.def)             Requested size: 562.12285pt x 795.00201pt.
File: rigidity_v102_archive.pdf Graphic file (type pdf)
<use rigidity_v102_archive.pdf, page 141>
Package pdftex.def Info: rigidity_v102_archive.pdf , page141 used on input line
 7.
(pdftex.def)             Requested size: 562.12285pt x 795.00201pt.

[154

 <./rigidity_v102_archive.pdf>]
<rigidity_v102_archive.pdf, id=1733, page=142, 597.50829pt x 845.0471pt>
File: rigidity_v102_archive.pdf Graphic file (type pdf)
<use rigidity_v102_archive.pdf, page 142>
Package pdftex.def Info: rigidity_v102_archive.pdf , page142 used on input line
 7.
(pdftex.def)             Requested size: 562.12285pt x 795.00201pt.
File: rigidity_v102_archive.pdf Graphic file (type pdf)
<use rigidity_v102_archive.pdf, page 142>
Package pdftex.def Info: rigidity_v102_archive.pdf , page142 used on input line
 7.
(pdftex.def)             Requested size: 562.12285pt x 795.00201pt.
File: rigidity_v102_archive.pdf Graphic file (type pdf)
<use rigidity_v102_archive.pdf, page 142>
Package pdftex.def Info: rigidity_v102_archive.pdf , page142 used on input line
 7.
(pdftex.def)             Requested size: 562.12285pt x 795.00201pt.
 [155

 <./rigidity_v102_archive.pdf>]
<rigidity_v102_archive.pdf, id=1741, page=143, 597.50829pt x 845.0471pt>
File: rigidity_v102_archive.pdf Graphic file (type pdf)
<use rigidity_v102_archive.pdf, page 143>
Package pdftex.def Info: rigidity_v102_archive.pdf , page143 used on input line
 7.
(pdftex.def)             Requested size: 562.12285pt x 795.00201pt.
File: rigidity_v102_archive.pdf Graphic file (type pdf)
<use rigidity_v102_archive.pdf, page 143>
Package pdftex.def Info: rigidity_v102_archive.pdf , page143 used on input line
 7.
(pdftex.def)             Requested size: 562.12285pt x 795.00201pt.
File: rigidity_v102_archive.pdf Graphic file (type pdf)
<use rigidity_v102_archive.pdf, page 143>
Package pdftex.def Info: rigidity_v102_archive.pdf , page143 used on input line
 7.
(pdftex.def)             Requested size: 562.12285pt x 795.00201pt.

[156

 <./rigidity_v102_archive.pdf>]
<rigidity_v102_archive.pdf, id=1756, page=144, 597.50829pt x 845.0471pt>
File: rigidity_v102_archive.pdf Graphic file (type pdf)
<use rigidity_v102_archive.pdf, page 144>
Package pdftex.def Info: rigidity_v102_archive.pdf , page144 used on input line
 7.
(pdftex.def)             Requested size: 562.12285pt x 795.00201pt.
File: rigidity_v102_archive.pdf Graphic file (type pdf)
<use rigidity_v102_archive.pdf, page 144>
Package pdftex.def Info: rigidity_v102_archive.pdf , page144 used on input line
 7.
(pdftex.def)             Requested size: 562.12285pt x 795.00201pt.
File: rigidity_v102_archive.pdf Graphic file (type pdf)
<use rigidity_v102_archive.pdf, page 144>
Package pdftex.def Info: rigidity_v102_archive.pdf , page144 used on input line
 7.
(pdftex.def)             Requested size: 562.12285pt x 795.00201pt.
 [157

 <./rigidity_v102_archive.pdf>]
<rigidity_v102_archive.pdf, id=1879, page=145, 597.50829pt x 845.0471pt>
File: rigidity_v102_archive.pdf Graphic file (type pdf)
<use rigidity_v102_archive.pdf, page 145>
Package pdftex.def Info: rigidity_v102_archive.pdf , page145 used on input line
 7.
(pdftex.def)             Requested size: 562.12285pt x 795.00201pt.
File: rigidity_v102_archive.pdf Graphic file (type pdf)
<use rigidity_v102_archive.pdf, page 145>
Package pdftex.def Info: rigidity_v102_archive.pdf , page145 used on input line
 7.
(pdftex.def)             Requested size: 562.12285pt x 795.00201pt.
File: rigidity_v102_archive.pdf Graphic file (type pdf)
<use rigidity_v102_archive.pdf, page 145>
Package pdftex.def Info: rigidity_v102_archive.pdf , page145 used on input line
 7.
(pdftex.def)             Requested size: 562.12285pt x 795.00201pt.

[158

 <./rigidity_v102_archive.pdf>]
<rigidity_v102_archive.pdf, id=1902, page=146, 597.50829pt x 845.0471pt>
File: rigidity_v102_archive.pdf Graphic file (type pdf)
<use rigidity_v102_archive.pdf, page 146>
Package pdftex.def Info: rigidity_v102_archive.pdf , page146 used on input line
 7.
(pdftex.def)             Requested size: 562.12285pt x 795.00201pt.
File: rigidity_v102_archive.pdf Graphic file (type pdf)
<use rigidity_v102_archive.pdf, page 146>
Package pdftex.def Info: rigidity_v102_archive.pdf , page146 used on input line
 7.
(pdftex.def)             Requested size: 562.12285pt x 795.00201pt.
File: rigidity_v102_archive.pdf Graphic file (type pdf)
<use rigidity_v102_archive.pdf, page 146>
Package pdftex.def Info: rigidity_v102_archive.pdf , page146 used on input line
 7.
(pdftex.def)             Requested size: 562.12285pt x 795.00201pt.
 [159

 <./rigidity_v102_archive.pdf>]
<rigidity_v102_archive.pdf, id=1929, page=147, 597.50829pt x 845.0471pt>
File: rigidity_v102_archive.pdf Graphic file (type pdf)
<use rigidity_v102_archive.pdf, page 147>
Package pdftex.def Info: rigidity_v102_archive.pdf , page147 used on input line
 7.
(pdftex.def)             Requested size: 562.12285pt x 795.00201pt.
File: rigidity_v102_archive.pdf Graphic file (type pdf)
<use rigidity_v102_archive.pdf, page 147>
Package pdftex.def Info: rigidity_v102_archive.pdf , page147 used on input line
 7.
(pdftex.def)             Requested size: 562.12285pt x 795.00201pt.
File: rigidity_v102_archive.pdf Graphic file (type pdf)
<use rigidity_v102_archive.pdf, page 147>
Package pdftex.def Info: rigidity_v102_archive.pdf , page147 used on input line
 7.
(pdftex.def)             Requested size: 562.12285pt x 795.00201pt.

[160

 <./rigidity_v102_archive.pdf>]
<rigidity_v102_archive.pdf, id=1945, page=148, 597.50829pt x 845.0471pt>
File: rigidity_v102_archive.pdf Graphic file (type pdf)
<use rigidity_v102_archive.pdf, page 148>
Package pdftex.def Info: rigidity_v102_archive.pdf , page148 used on input line
 7.
(pdftex.def)             Requested size: 562.12285pt x 795.00201pt.
File: rigidity_v102_archive.pdf Graphic file (type pdf)
<use rigidity_v102_archive.pdf, page 148>
Package pdftex.def Info: rigidity_v102_archive.pdf , page148 used on input line
 7.
(pdftex.def)             Requested size: 562.12285pt x 795.00201pt.
File: rigidity_v102_archive.pdf Graphic file (type pdf)
<use rigidity_v102_archive.pdf, page 148>
Package pdftex.def Info: rigidity_v102_archive.pdf , page148 used on input line
 7.
(pdftex.def)             Requested size: 562.12285pt x 795.00201pt.
 [161

 <./rigidity_v102_archive.pdf>]
<rigidity_v102_archive.pdf, id=1954, page=149, 597.50829pt x 845.0471pt>
File: rigidity_v102_archive.pdf Graphic file (type pdf)
<use rigidity_v102_archive.pdf, page 149>
Package pdftex.def Info: rigidity_v102_archive.pdf , page149 used on input line
 7.
(pdftex.def)             Requested size: 562.12285pt x 795.00201pt.
File: rigidity_v102_archive.pdf Graphic file (type pdf)
<use rigidity_v102_archive.pdf, page 149>
Package pdftex.def Info: rigidity_v102_archive.pdf , page149 used on input line
 7.
(pdftex.def)             Requested size: 562.12285pt x 795.00201pt.
File: rigidity_v102_archive.pdf Graphic file (type pdf)
<use rigidity_v102_archive.pdf, page 149>
Package pdftex.def Info: rigidity_v102_archive.pdf , page149 used on input line
 7.
(pdftex.def)             Requested size: 562.12285pt x 795.00201pt.

[162

 <./rigidity_v102_archive.pdf>]
<rigidity_v102_archive.pdf, id=1963, page=150, 597.50829pt x 845.0471pt>
File: rigidity_v102_archive.pdf Graphic file (type pdf)
<use rigidity_v102_archive.pdf, page 150>
Package pdftex.def Info: rigidity_v102_archive.pdf , page150 used on input line
 7.
(pdftex.def)             Requested size: 562.12285pt x 795.00201pt.
File: rigidity_v102_archive.pdf Graphic file (type pdf)
<use rigidity_v102_archive.pdf, page 150>
Package pdftex.def Info: rigidity_v102_archive.pdf , page150 used on input line
 7.
(pdftex.def)             Requested size: 562.12285pt x 795.00201pt.
File: rigidity_v102_archive.pdf Graphic file (type pdf)
<use rigidity_v102_archive.pdf, page 150>
Package pdftex.def Info: rigidity_v102_archive.pdf , page150 used on input line
 7.
(pdftex.def)             Requested size: 562.12285pt x 795.00201pt.
 [163

 <./rigidity_v102_archive.pdf>]
<rigidity_v102_archive.pdf, id=1973, page=151, 597.50829pt x 845.0471pt>
File: rigidity_v102_archive.pdf Graphic file (type pdf)
<use rigidity_v102_archive.pdf, page 151>
Package pdftex.def Info: rigidity_v102_archive.pdf , page151 used on input line
 7.
(pdftex.def)             Requested size: 562.12285pt x 795.00201pt.
File: rigidity_v102_archive.pdf Graphic file (type pdf)
<use rigidity_v102_archive.pdf, page 151>
Package pdftex.def Info: rigidity_v102_archive.pdf , page151 used on input line
 7.
(pdftex.def)             Requested size: 562.12285pt x 795.00201pt.
File: rigidity_v102_archive.pdf Graphic file (type pdf)
<use rigidity_v102_archive.pdf, page 151>
Package pdftex.def Info: rigidity_v102_archive.pdf , page151 used on input line
 7.
(pdftex.def)             Requested size: 562.12285pt x 795.00201pt.

[164

 <./rigidity_v102_archive.pdf>]
<rigidity_v102_archive.pdf, id=1989, page=152, 597.50829pt x 845.0471pt>
File: rigidity_v102_archive.pdf Graphic file (type pdf)
<use rigidity_v102_archive.pdf, page 152>
Package pdftex.def Info: rigidity_v102_archive.pdf , page152 used on input line
 7.
(pdftex.def)             Requested size: 562.12285pt x 795.00201pt.
File: rigidity_v102_archive.pdf Graphic file (type pdf)
<use rigidity_v102_archive.pdf, page 152>
Package pdftex.def Info: rigidity_v102_archive.pdf , page152 used on input line
 7.
(pdftex.def)             Requested size: 562.12285pt x 795.00201pt.
File: rigidity_v102_archive.pdf Graphic file (type pdf)
<use rigidity_v102_archive.pdf, page 152>
Package pdftex.def Info: rigidity_v102_archive.pdf , page152 used on input line
 7.
(pdftex.def)             Requested size: 562.12285pt x 795.00201pt.
 [165

 <./rigidity_v102_archive.pdf>]
<rigidity_v102_archive.pdf, id=2012, page=153, 597.50829pt x 845.0471pt>
File: rigidity_v102_archive.pdf Graphic file (type pdf)
<use rigidity_v102_archive.pdf, page 153>
Package pdftex.def Info: rigidity_v102_archive.pdf , page153 used on input line
 7.
(pdftex.def)             Requested size: 562.12285pt x 795.00201pt.
File: rigidity_v102_archive.pdf Graphic file (type pdf)
<use rigidity_v102_archive.pdf, page 153>
Package pdftex.def Info: rigidity_v102_archive.pdf , page153 used on input line
 7.
(pdftex.def)             Requested size: 562.12285pt x 795.00201pt.
File: rigidity_v102_archive.pdf Graphic file (type pdf)
<use rigidity_v102_archive.pdf, page 153>
Package pdftex.def Info: rigidity_v102_archive.pdf , page153 used on input line
 7.
(pdftex.def)             Requested size: 562.12285pt x 795.00201pt.

[166

 <./rigidity_v102_archive.pdf>]
<rigidity_v102_archive.pdf, id=2021, page=154, 597.50829pt x 845.0471pt>
File: rigidity_v102_archive.pdf Graphic file (type pdf)
<use rigidity_v102_archive.pdf, page 154>
Package pdftex.def Info: rigidity_v102_archive.pdf , page154 used on input line
 7.
(pdftex.def)             Requested size: 562.12285pt x 795.00201pt.
File: rigidity_v102_archive.pdf Graphic file (type pdf)
<use rigidity_v102_archive.pdf, page 154>
Package pdftex.def Info: rigidity_v102_archive.pdf , page154 used on input line
 7.
(pdftex.def)             Requested size: 562.12285pt x 795.00201pt.
File: rigidity_v102_archive.pdf Graphic file (type pdf)
<use rigidity_v102_archive.pdf, page 154>
Package pdftex.def Info: rigidity_v102_archive.pdf , page154 used on input line
 7.
(pdftex.def)             Requested size: 562.12285pt x 795.00201pt.
 [167

 <./rigidity_v102_archive.pdf>]
<rigidity_v102_archive.pdf, id=2030, page=155, 597.50829pt x 845.0471pt>
File: rigidity_v102_archive.pdf Graphic file (type pdf)
<use rigidity_v102_archive.pdf, page 155>
Package pdftex.def Info: rigidity_v102_archive.pdf , page155 used on input line
 7.
(pdftex.def)             Requested size: 562.12285pt x 795.00201pt.
File: rigidity_v102_archive.pdf Graphic file (type pdf)
<use rigidity_v102_archive.pdf, page 155>
Package pdftex.def Info: rigidity_v102_archive.pdf , page155 used on input line
 7.
(pdftex.def)             Requested size: 562.12285pt x 795.00201pt.
File: rigidity_v102_archive.pdf Graphic file (type pdf)
<use rigidity_v102_archive.pdf, page 155>
Package pdftex.def Info: rigidity_v102_archive.pdf , page155 used on input line
 7.
(pdftex.def)             Requested size: 562.12285pt x 795.00201pt.

[168

 <./rigidity_v102_archive.pdf>]
<rigidity_v102_archive.pdf, id=2039, page=156, 597.50829pt x 845.0471pt>
File: rigidity_v102_archive.pdf Graphic file (type pdf)
<use rigidity_v102_archive.pdf, page 156>
Package pdftex.def Info: rigidity_v102_archive.pdf , page156 used on input line
 7.
(pdftex.def)             Requested size: 562.12285pt x 795.00201pt.
File: rigidity_v102_archive.pdf Graphic file (type pdf)
<use rigidity_v102_archive.pdf, page 156>
Package pdftex.def Info: rigidity_v102_archive.pdf , page156 used on input line
 7.
(pdftex.def)             Requested size: 562.12285pt x 795.00201pt.
File: rigidity_v102_archive.pdf Graphic file (type pdf)
<use rigidity_v102_archive.pdf, page 156>
Package pdftex.def Info: rigidity_v102_archive.pdf , page156 used on input line
 7.
(pdftex.def)             Requested size: 562.12285pt x 795.00201pt.
 [169

 <./rigidity_v102_archive.pdf>]
<rigidity_v102_archive.pdf, id=2049, page=157, 597.50829pt x 845.0471pt>
File: rigidity_v102_archive.pdf Graphic file (type pdf)
<use rigidity_v102_archive.pdf, page 157>
Package pdftex.def Info: rigidity_v102_archive.pdf , page157 used on input line
 7.
(pdftex.def)             Requested size: 562.12285pt x 795.00201pt.
File: rigidity_v102_archive.pdf Graphic file (type pdf)
<use rigidity_v102_archive.pdf, page 157>
Package pdftex.def Info: rigidity_v102_archive.pdf , page157 used on input line
 7.
(pdftex.def)             Requested size: 562.12285pt x 795.00201pt.
File: rigidity_v102_archive.pdf Graphic file (type pdf)
<use rigidity_v102_archive.pdf, page 157>
Package pdftex.def Info: rigidity_v102_archive.pdf , page157 used on input line
 7.
(pdftex.def)             Requested size: 562.12285pt x 795.00201pt.

[170

 <./rigidity_v102_archive.pdf>]
<rigidity_v102_archive.pdf, id=2058, page=158, 597.50829pt x 845.0471pt>
File: rigidity_v102_archive.pdf Graphic file (type pdf)
<use rigidity_v102_archive.pdf, page 158>
Package pdftex.def Info: rigidity_v102_archive.pdf , page158 used on input line
 7.
(pdftex.def)             Requested size: 562.12285pt x 795.00201pt.
File: rigidity_v102_archive.pdf Graphic file (type pdf)
<use rigidity_v102_archive.pdf, page 158>
Package pdftex.def Info: rigidity_v102_archive.pdf , page158 used on input line
 7.
(pdftex.def)             Requested size: 562.12285pt x 795.00201pt.
File: rigidity_v102_archive.pdf Graphic file (type pdf)
<use rigidity_v102_archive.pdf, page 158>
Package pdftex.def Info: rigidity_v102_archive.pdf , page158 used on input line
 7.
(pdftex.def)             Requested size: 562.12285pt x 795.00201pt.
 [171

 <./rigidity_v102_archive.pdf>]
<rigidity_v102_archive.pdf, id=2067, page=159, 597.50829pt x 845.0471pt>
File: rigidity_v102_archive.pdf Graphic file (type pdf)
<use rigidity_v102_archive.pdf, page 159>
Package pdftex.def Info: rigidity_v102_archive.pdf , page159 used on input line
 7.
(pdftex.def)             Requested size: 562.12285pt x 795.00201pt.
File: rigidity_v102_archive.pdf Graphic file (type pdf)
<use rigidity_v102_archive.pdf, page 159>
Package pdftex.def Info: rigidity_v102_archive.pdf , page159 used on input line
 7.
(pdftex.def)             Requested size: 562.12285pt x 795.00201pt.
File: rigidity_v102_archive.pdf Graphic file (type pdf)
<use rigidity_v102_archive.pdf, page 159>
Package pdftex.def Info: rigidity_v102_archive.pdf , page159 used on input line
 7.
(pdftex.def)             Requested size: 562.12285pt x 795.00201pt.

[172

 <./rigidity_v102_archive.pdf>]
<rigidity_v102_archive.pdf, id=2076, page=160, 597.50829pt x 845.0471pt>
File: rigidity_v102_archive.pdf Graphic file (type pdf)
<use rigidity_v102_archive.pdf, page 160>
Package pdftex.def Info: rigidity_v102_archive.pdf , page160 used on input line
 7.
(pdftex.def)             Requested size: 562.12285pt x 795.00201pt.
File: rigidity_v102_archive.pdf Graphic file (type pdf)
<use rigidity_v102_archive.pdf, page 160>
Package pdftex.def Info: rigidity_v102_archive.pdf , page160 used on input line
 7.
(pdftex.def)             Requested size: 562.12285pt x 795.00201pt.
File: rigidity_v102_archive.pdf Graphic file (type pdf)
<use rigidity_v102_archive.pdf, page 160>
Package pdftex.def Info: rigidity_v102_archive.pdf , page160 used on input line
 7.
(pdftex.def)             Requested size: 562.12285pt x 795.00201pt.
 [173

 <./rigidity_v102_archive.pdf>]
<rigidity_v102_archive.pdf, id=2093, page=161, 597.50829pt x 845.0471pt>
File: rigidity_v102_archive.pdf Graphic file (type pdf)
<use rigidity_v102_archive.pdf, page 161>
Package pdftex.def Info: rigidity_v102_archive.pdf , page161 used on input line
 7.
(pdftex.def)             Requested size: 562.12285pt x 795.00201pt.
File: rigidity_v102_archive.pdf Graphic file (type pdf)
<use rigidity_v102_archive.pdf, page 161>
Package pdftex.def Info: rigidity_v102_archive.pdf , page161 used on input line
 7.
(pdftex.def)             Requested size: 562.12285pt x 795.00201pt.
File: rigidity_v102_archive.pdf Graphic file (type pdf)
<use rigidity_v102_archive.pdf, page 161>
Package pdftex.def Info: rigidity_v102_archive.pdf , page161 used on input line
 7.
(pdftex.def)             Requested size: 562.12285pt x 795.00201pt.

[174

 <./rigidity_v102_archive.pdf>]
<rigidity_v102_archive.pdf, id=2102, page=162, 597.50829pt x 845.0471pt>
File: rigidity_v102_archive.pdf Graphic file (type pdf)
<use rigidity_v102_archive.pdf, page 162>
Package pdftex.def Info: rigidity_v102_archive.pdf , page162 used on input line
 7.
(pdftex.def)             Requested size: 562.12285pt x 795.00201pt.
File: rigidity_v102_archive.pdf Graphic file (type pdf)
<use rigidity_v102_archive.pdf, page 162>
Package pdftex.def Info: rigidity_v102_archive.pdf , page162 used on input line
 7.
(pdftex.def)             Requested size: 562.12285pt x 795.00201pt.
File: rigidity_v102_archive.pdf Graphic file (type pdf)
<use rigidity_v102_archive.pdf, page 162>
Package pdftex.def Info: rigidity_v102_archive.pdf , page162 used on input line
 7.
(pdftex.def)             Requested size: 562.12285pt x 795.00201pt.
 [175

 <./rigidity_v102_archive.pdf>]
<rigidity_v102_archive.pdf, id=2112, page=163, 597.50829pt x 845.0471pt>
File: rigidity_v102_archive.pdf Graphic file (type pdf)
<use rigidity_v102_archive.pdf, page 163>
Package pdftex.def Info: rigidity_v102_archive.pdf , page163 used on input line
 7.
(pdftex.def)             Requested size: 562.12285pt x 795.00201pt.
File: rigidity_v102_archive.pdf Graphic file (type pdf)
<use rigidity_v102_archive.pdf, page 163>
Package pdftex.def Info: rigidity_v102_archive.pdf , page163 used on input line
 7.
(pdftex.def)             Requested size: 562.12285pt x 795.00201pt.
File: rigidity_v102_archive.pdf Graphic file (type pdf)
<use rigidity_v102_archive.pdf, page 163>
Package pdftex.def Info: rigidity_v102_archive.pdf , page163 used on input line
 7.
(pdftex.def)             Requested size: 562.12285pt x 795.00201pt.

[176

 <./rigidity_v102_archive.pdf>]
<rigidity_v102_archive.pdf, id=2121, page=164, 597.50829pt x 845.0471pt>
File: rigidity_v102_archive.pdf Graphic file (type pdf)
<use rigidity_v102_archive.pdf, page 164>
Package pdftex.def Info: rigidity_v102_archive.pdf , page164 used on input line
 7.
(pdftex.def)             Requested size: 562.12285pt x 795.00201pt.
File: rigidity_v102_archive.pdf Graphic file (type pdf)
<use rigidity_v102_archive.pdf, page 164>
Package pdftex.def Info: rigidity_v102_archive.pdf , page164 used on input line
 7.
(pdftex.def)             Requested size: 562.12285pt x 795.00201pt.
File: rigidity_v102_archive.pdf Graphic file (type pdf)
<use rigidity_v102_archive.pdf, page 164>
Package pdftex.def Info: rigidity_v102_archive.pdf , page164 used on input line
 7.
(pdftex.def)             Requested size: 562.12285pt x 795.00201pt.
 [177

 <./rigidity_v102_archive.pdf>]
<rigidity_v102_archive.pdf, id=2130, page=165, 597.50829pt x 845.0471pt>
File: rigidity_v102_archive.pdf Graphic file (type pdf)
<use rigidity_v102_archive.pdf, page 165>
Package pdftex.def Info: rigidity_v102_archive.pdf , page165 used on input line
 7.
(pdftex.def)             Requested size: 562.12285pt x 795.00201pt.
File: rigidity_v102_archive.pdf Graphic file (type pdf)
<use rigidity_v102_archive.pdf, page 165>
Package pdftex.def Info: rigidity_v102_archive.pdf , page165 used on input line
 7.
(pdftex.def)             Requested size: 562.12285pt x 795.00201pt.
File: rigidity_v102_archive.pdf Graphic file (type pdf)
<use rigidity_v102_archive.pdf, page 165>
Package pdftex.def Info: rigidity_v102_archive.pdf , page165 used on input line
 7.
(pdftex.def)             Requested size: 562.12285pt x 795.00201pt.

[178

 <./rigidity_v102_archive.pdf>]
<rigidity_v102_archive.pdf, id=2139, page=166, 597.50829pt x 845.0471pt>
File: rigidity_v102_archive.pdf Graphic file (type pdf)
<use rigidity_v102_archive.pdf, page 166>
Package pdftex.def Info: rigidity_v102_archive.pdf , page166 used on input line
 7.
(pdftex.def)             Requested size: 562.12285pt x 795.00201pt.
File: rigidity_v102_archive.pdf Graphic file (type pdf)
<use rigidity_v102_archive.pdf, page 166>
Package pdftex.def Info: rigidity_v102_archive.pdf , page166 used on input line
 7.
(pdftex.def)             Requested size: 562.12285pt x 795.00201pt.
File: rigidity_v102_archive.pdf Graphic file (type pdf)
<use rigidity_v102_archive.pdf, page 166>
Package pdftex.def Info: rigidity_v102_archive.pdf , page166 used on input line
 7.
(pdftex.def)             Requested size: 562.12285pt x 795.00201pt.
 [179

 <./rigidity_v102_archive.pdf>]
<rigidity_v102_archive.pdf, id=2148, page=167, 597.50829pt x 845.0471pt>
File: rigidity_v102_archive.pdf Graphic file (type pdf)
<use rigidity_v102_archive.pdf, page 167>
Package pdftex.def Info: rigidity_v102_archive.pdf , page167 used on input line
 7.
(pdftex.def)             Requested size: 562.12285pt x 795.00201pt.
File: rigidity_v102_archive.pdf Graphic file (type pdf)
<use rigidity_v102_archive.pdf, page 167>
Package pdftex.def Info: rigidity_v102_archive.pdf , page167 used on input line
 7.
(pdftex.def)             Requested size: 562.12285pt x 795.00201pt.
File: rigidity_v102_archive.pdf Graphic file (type pdf)
<use rigidity_v102_archive.pdf, page 167>
Package pdftex.def Info: rigidity_v102_archive.pdf , page167 used on input line
 7.
(pdftex.def)             Requested size: 562.12285pt x 795.00201pt.

[180

 <./rigidity_v102_archive.pdf>]
<rigidity_v102_archive.pdf, id=2157, page=168, 597.50829pt x 845.0471pt>
File: rigidity_v102_archive.pdf Graphic file (type pdf)
<use rigidity_v102_archive.pdf, page 168>
Package pdftex.def Info: rigidity_v102_archive.pdf , page168 used on input line
 7.
(pdftex.def)             Requested size: 562.12285pt x 795.00201pt.
File: rigidity_v102_archive.pdf Graphic file (type pdf)
<use rigidity_v102_archive.pdf, page 168>
Package pdftex.def Info: rigidity_v102_archive.pdf , page168 used on input line
 7.
(pdftex.def)             Requested size: 562.12285pt x 795.00201pt.
File: rigidity_v102_archive.pdf Graphic file (type pdf)
<use rigidity_v102_archive.pdf, page 168>
Package pdftex.def Info: rigidity_v102_archive.pdf , page168 used on input line
 7.
(pdftex.def)             Requested size: 562.12285pt x 795.00201pt.
 [181

 <./rigidity_v102_archive.pdf>]
<rigidity_v102_archive.pdf, id=2167, page=169, 597.50829pt x 845.0471pt>
File: rigidity_v102_archive.pdf Graphic file (type pdf)
<use rigidity_v102_archive.pdf, page 169>
Package pdftex.def Info: rigidity_v102_archive.pdf , page169 used on input line
 7.
(pdftex.def)             Requested size: 562.12285pt x 795.00201pt.
File: rigidity_v102_archive.pdf Graphic file (type pdf)
<use rigidity_v102_archive.pdf, page 169>
Package pdftex.def Info: rigidity_v102_archive.pdf , page169 used on input line
 7.
(pdftex.def)             Requested size: 562.12285pt x 795.00201pt.
File: rigidity_v102_archive.pdf Graphic file (type pdf)
<use rigidity_v102_archive.pdf, page 169>
Package pdftex.def Info: rigidity_v102_archive.pdf , page169 used on input line
 7.
(pdftex.def)             Requested size: 562.12285pt x 795.00201pt.

[182

 <./rigidity_v102_archive.pdf>]
<rigidity_v102_archive.pdf, id=2183, page=170, 597.50829pt x 845.0471pt>
File: rigidity_v102_archive.pdf Graphic file (type pdf)
<use rigidity_v102_archive.pdf, page 170>
Package pdftex.def Info: rigidity_v102_archive.pdf , page170 used on input line
 7.
(pdftex.def)             Requested size: 562.12285pt x 795.00201pt.
File: rigidity_v102_archive.pdf Graphic file (type pdf)
<use rigidity_v102_archive.pdf, page 170>
Package pdftex.def Info: rigidity_v102_archive.pdf , page170 used on input line
 7.
(pdftex.def)             Requested size: 562.12285pt x 795.00201pt.
File: rigidity_v102_archive.pdf Graphic file (type pdf)
<use rigidity_v102_archive.pdf, page 170>
Package pdftex.def Info: rigidity_v102_archive.pdf , page170 used on input line
 7.
(pdftex.def)             Requested size: 562.12285pt x 795.00201pt.
 [183

 <./rigidity_v102_archive.pdf>]
<rigidity_v102_archive.pdf, id=2288, page=171, 597.50829pt x 845.0471pt>
File: rigidity_v102_archive.pdf Graphic file (type pdf)
<use rigidity_v102_archive.pdf, page 171>
Package pdftex.def Info: rigidity_v102_archive.pdf , page171 used on input line
 7.
(pdftex.def)             Requested size: 562.12285pt x 795.00201pt.
File: rigidity_v102_archive.pdf Graphic file (type pdf)
<use rigidity_v102_archive.pdf, page 171>
Package pdftex.def Info: rigidity_v102_archive.pdf , page171 used on input line
 7.
(pdftex.def)             Requested size: 562.12285pt x 795.00201pt.
File: rigidity_v102_archive.pdf Graphic file (type pdf)
<use rigidity_v102_archive.pdf, page 171>
Package pdftex.def Info: rigidity_v102_archive.pdf , page171 used on input line
 7.
(pdftex.def)             Requested size: 562.12285pt x 795.00201pt.

[184

 <./rigidity_v102_archive.pdf>]
<rigidity_v102_archive.pdf, id=2323, page=172, 597.50829pt x 845.0471pt>
File: rigidity_v102_archive.pdf Graphic file (type pdf)
<use rigidity_v102_archive.pdf, page 172>
Package pdftex.def Info: rigidity_v102_archive.pdf , page172 used on input line
 7.
(pdftex.def)             Requested size: 562.12285pt x 795.00201pt.
File: rigidity_v102_archive.pdf Graphic file (type pdf)
<use rigidity_v102_archive.pdf, page 172>
Package pdftex.def Info: rigidity_v102_archive.pdf , page172 used on input line
 7.
(pdftex.def)             Requested size: 562.12285pt x 795.00201pt.
File: rigidity_v102_archive.pdf Graphic file (type pdf)
<use rigidity_v102_archive.pdf, page 172>
Package pdftex.def Info: rigidity_v102_archive.pdf , page172 used on input line
 7.
(pdftex.def)             Requested size: 562.12285pt x 795.00201pt.
 [185

 <./rigidity_v102_archive.pdf>]
<rigidity_v102_archive.pdf, id=2344, page=173, 597.50829pt x 845.0471pt>
File: rigidity_v102_archive.pdf Graphic file (type pdf)
<use rigidity_v102_archive.pdf, page 173>
Package pdftex.def Info: rigidity_v102_archive.pdf , page173 used on input line
 7.
(pdftex.def)             Requested size: 562.12285pt x 795.00201pt.
File: rigidity_v102_archive.pdf Graphic file (type pdf)
<use rigidity_v102_archive.pdf, page 173>
Package pdftex.def Info: rigidity_v102_archive.pdf , page173 used on input line
 7.
(pdftex.def)             Requested size: 562.12285pt x 795.00201pt.
File: rigidity_v102_archive.pdf Graphic file (type pdf)
<use rigidity_v102_archive.pdf, page 173>
Package pdftex.def Info: rigidity_v102_archive.pdf , page173 used on input line
 7.
(pdftex.def)             Requested size: 562.12285pt x 795.00201pt.

[186

 <./rigidity_v102_archive.pdf>]
<rigidity_v102_archive.pdf, id=2368, page=174, 597.50829pt x 845.0471pt>
File: rigidity_v102_archive.pdf Graphic file (type pdf)
<use rigidity_v102_archive.pdf, page 174>
Package pdftex.def Info: rigidity_v102_archive.pdf , page174 used on input line
 7.
(pdftex.def)             Requested size: 562.12285pt x 795.00201pt.
File: rigidity_v102_archive.pdf Graphic file (type pdf)
<use rigidity_v102_archive.pdf, page 174>
Package pdftex.def Info: rigidity_v102_archive.pdf , page174 used on input line
 7.
(pdftex.def)             Requested size: 562.12285pt x 795.00201pt.
File: rigidity_v102_archive.pdf Graphic file (type pdf)
<use rigidity_v102_archive.pdf, page 174>
Package pdftex.def Info: rigidity_v102_archive.pdf , page174 used on input line
 7.
(pdftex.def)             Requested size: 562.12285pt x 795.00201pt.
 [187

 <./rigidity_v102_archive.pdf>]
<rigidity_v102_archive.pdf, id=2379, page=175, 597.50829pt x 845.0471pt>
File: rigidity_v102_archive.pdf Graphic file (type pdf)
<use rigidity_v102_archive.pdf, page 175>
Package pdftex.def Info: rigidity_v102_archive.pdf , page175 used on input line
 7.
(pdftex.def)             Requested size: 562.12285pt x 795.00201pt.
File: rigidity_v102_archive.pdf Graphic file (type pdf)
<use rigidity_v102_archive.pdf, page 175>
Package pdftex.def Info: rigidity_v102_archive.pdf , page175 used on input line
 7.
(pdftex.def)             Requested size: 562.12285pt x 795.00201pt.
File: rigidity_v102_archive.pdf Graphic file (type pdf)
<use rigidity_v102_archive.pdf, page 175>
Package pdftex.def Info: rigidity_v102_archive.pdf , page175 used on input line
 7.
(pdftex.def)             Requested size: 562.12285pt x 795.00201pt.

[188

 <./rigidity_v102_archive.pdf>]
<rigidity_v102_archive.pdf, id=2396, page=176, 597.50829pt x 845.0471pt>
File: rigidity_v102_archive.pdf Graphic file (type pdf)
<use rigidity_v102_archive.pdf, page 176>
Package pdftex.def Info: rigidity_v102_archive.pdf , page176 used on input line
 7.
(pdftex.def)             Requested size: 562.12285pt x 795.00201pt.
File: rigidity_v102_archive.pdf Graphic file (type pdf)
<use rigidity_v102_archive.pdf, page 176>
Package pdftex.def Info: rigidity_v102_archive.pdf , page176 used on input line
 7.
(pdftex.def)             Requested size: 562.12285pt x 795.00201pt.
File: rigidity_v102_archive.pdf Graphic file (type pdf)
<use rigidity_v102_archive.pdf, page 176>
Package pdftex.def Info: rigidity_v102_archive.pdf , page176 used on input line
 7.
(pdftex.def)             Requested size: 562.12285pt x 795.00201pt.
 [189

 <./rigidity_v102_archive.pdf>]
<rigidity_v102_archive.pdf, id=2427, page=177, 597.50829pt x 845.0471pt>
File: rigidity_v102_archive.pdf Graphic file (type pdf)
<use rigidity_v102_archive.pdf, page 177>
Package pdftex.def Info: rigidity_v102_archive.pdf , page177 used on input line
 7.
(pdftex.def)             Requested size: 562.12285pt x 795.00201pt.
File: rigidity_v102_archive.pdf Graphic file (type pdf)
<use rigidity_v102_archive.pdf, page 177>
Package pdftex.def Info: rigidity_v102_archive.pdf , page177 used on input line
 7.
(pdftex.def)             Requested size: 562.12285pt x 795.00201pt.
File: rigidity_v102_archive.pdf Graphic file (type pdf)
<use rigidity_v102_archive.pdf, page 177>
Package pdftex.def Info: rigidity_v102_archive.pdf , page177 used on input line
 7.
(pdftex.def)             Requested size: 562.12285pt x 795.00201pt.

[190

 <./rigidity_v102_archive.pdf>]
<rigidity_v102_archive.pdf, id=2444, page=178, 597.50829pt x 845.0471pt>
File: rigidity_v102_archive.pdf Graphic file (type pdf)
<use rigidity_v102_archive.pdf, page 178>
Package pdftex.def Info: rigidity_v102_archive.pdf , page178 used on input line
 7.
(pdftex.def)             Requested size: 562.12285pt x 795.00201pt.
File: rigidity_v102_archive.pdf Graphic file (type pdf)
<use rigidity_v102_archive.pdf, page 178>
Package pdftex.def Info: rigidity_v102_archive.pdf , page178 used on input line
 7.
(pdftex.def)             Requested size: 562.12285pt x 795.00201pt.
File: rigidity_v102_archive.pdf Graphic file (type pdf)
<use rigidity_v102_archive.pdf, page 178>
Package pdftex.def Info: rigidity_v102_archive.pdf , page178 used on input line
 7.
(pdftex.def)             Requested size: 562.12285pt x 795.00201pt.
 [191

 <./rigidity_v102_archive.pdf>]
<rigidity_v102_archive.pdf, id=2454, page=179, 597.50829pt x 845.0471pt>
File: rigidity_v102_archive.pdf Graphic file (type pdf)
<use rigidity_v102_archive.pdf, page 179>
Package pdftex.def Info: rigidity_v102_archive.pdf , page179 used on input line
 7.
(pdftex.def)             Requested size: 562.12285pt x 795.00201pt.
File: rigidity_v102_archive.pdf Graphic file (type pdf)
<use rigidity_v102_archive.pdf, page 179>
Package pdftex.def Info: rigidity_v102_archive.pdf , page179 used on input line
 7.
(pdftex.def)             Requested size: 562.12285pt x 795.00201pt.
File: rigidity_v102_archive.pdf Graphic file (type pdf)
<use rigidity_v102_archive.pdf, page 179>
Package pdftex.def Info: rigidity_v102_archive.pdf , page179 used on input line
 7.
(pdftex.def)             Requested size: 562.12285pt x 795.00201pt.

[192

 <./rigidity_v102_archive.pdf>]
<rigidity_v102_archive.pdf, id=2464, page=180, 597.50829pt x 845.0471pt>
File: rigidity_v102_archive.pdf Graphic file (type pdf)
<use rigidity_v102_archive.pdf, page 180>
Package pdftex.def Info: rigidity_v102_archive.pdf , page180 used on input line
 7.
(pdftex.def)             Requested size: 562.12285pt x 795.00201pt.
File: rigidity_v102_archive.pdf Graphic file (type pdf)
<use rigidity_v102_archive.pdf, page 180>
Package pdftex.def Info: rigidity_v102_archive.pdf , page180 used on input line
 7.
(pdftex.def)             Requested size: 562.12285pt x 795.00201pt.
File: rigidity_v102_archive.pdf Graphic file (type pdf)
<use rigidity_v102_archive.pdf, page 180>
Package pdftex.def Info: rigidity_v102_archive.pdf , page180 used on input line
 7.
(pdftex.def)             Requested size: 562.12285pt x 795.00201pt.
 [193

 <./rigidity_v102_archive.pdf>]
<rigidity_v102_archive.pdf, id=2475, page=181, 597.50829pt x 845.0471pt>
File: rigidity_v102_archive.pdf Graphic file (type pdf)
<use rigidity_v102_archive.pdf, page 181>
Package pdftex.def Info: rigidity_v102_archive.pdf , page181 used on input line
 7.
(pdftex.def)             Requested size: 562.12285pt x 795.00201pt.
File: rigidity_v102_archive.pdf Graphic file (type pdf)
<use rigidity_v102_archive.pdf, page 181>
Package pdftex.def Info: rigidity_v102_archive.pdf , page181 used on input line
 7.
(pdftex.def)             Requested size: 562.12285pt x 795.00201pt.
File: rigidity_v102_archive.pdf Graphic file (type pdf)
<use rigidity_v102_archive.pdf, page 181>
Package pdftex.def Info: rigidity_v102_archive.pdf , page181 used on input line
 7.
(pdftex.def)             Requested size: 562.12285pt x 795.00201pt.

[194

 <./rigidity_v102_archive.pdf>]
<rigidity_v102_archive.pdf, id=2485, page=182, 597.50829pt x 845.0471pt>
File: rigidity_v102_archive.pdf Graphic file (type pdf)
<use rigidity_v102_archive.pdf, page 182>
Package pdftex.def Info: rigidity_v102_archive.pdf , page182 used on input line
 7.
(pdftex.def)             Requested size: 562.12285pt x 795.00201pt.
File: rigidity_v102_archive.pdf Graphic file (type pdf)
<use rigidity_v102_archive.pdf, page 182>
Package pdftex.def Info: rigidity_v102_archive.pdf , page182 used on input line
 7.
(pdftex.def)             Requested size: 562.12285pt x 795.00201pt.
File: rigidity_v102_archive.pdf Graphic file (type pdf)
<use rigidity_v102_archive.pdf, page 182>
Package pdftex.def Info: rigidity_v102_archive.pdf , page182 used on input line
 7.
(pdftex.def)             Requested size: 562.12285pt x 795.00201pt.
 [195

 <./rigidity_v102_archive.pdf>]
<rigidity_v102_archive.pdf, id=2496, page=183, 597.50829pt x 845.0471pt>
File: rigidity_v102_archive.pdf Graphic file (type pdf)
<use rigidity_v102_archive.pdf, page 183>
Package pdftex.def Info: rigidity_v102_archive.pdf , page183 used on input line
 7.
(pdftex.def)             Requested size: 562.12285pt x 795.00201pt.
File: rigidity_v102_archive.pdf Graphic file (type pdf)
<use rigidity_v102_archive.pdf, page 183>
Package pdftex.def Info: rigidity_v102_archive.pdf , page183 used on input line
 7.
(pdftex.def)             Requested size: 562.12285pt x 795.00201pt.
File: rigidity_v102_archive.pdf Graphic file (type pdf)
<use rigidity_v102_archive.pdf, page 183>
Package pdftex.def Info: rigidity_v102_archive.pdf , page183 used on input line
 7.
(pdftex.def)             Requested size: 562.12285pt x 795.00201pt.

[196

 <./rigidity_v102_archive.pdf>]
<rigidity_v102_archive.pdf, id=2506, page=184, 597.50829pt x 845.0471pt>
File: rigidity_v102_archive.pdf Graphic file (type pdf)
<use rigidity_v102_archive.pdf, page 184>
Package pdftex.def Info: rigidity_v102_archive.pdf , page184 used on input line
 7.
(pdftex.def)             Requested size: 562.12285pt x 795.00201pt.
File: rigidity_v102_archive.pdf Graphic file (type pdf)
<use rigidity_v102_archive.pdf, page 184>
Package pdftex.def Info: rigidity_v102_archive.pdf , page184 used on input line
 7.
(pdftex.def)             Requested size: 562.12285pt x 795.00201pt.
File: rigidity_v102_archive.pdf Graphic file (type pdf)
<use rigidity_v102_archive.pdf, page 184>
Package pdftex.def Info: rigidity_v102_archive.pdf , page184 used on input line
 7.
(pdftex.def)             Requested size: 562.12285pt x 795.00201pt.
 [197

 <./rigidity_v102_archive.pdf>]
<rigidity_v102_archive.pdf, id=2516, page=185, 597.50829pt x 845.0471pt>
File: rigidity_v102_archive.pdf Graphic file (type pdf)
<use rigidity_v102_archive.pdf, page 185>
Package pdftex.def Info: rigidity_v102_archive.pdf , page185 used on input line
 7.
(pdftex.def)             Requested size: 562.12285pt x 795.00201pt.
File: rigidity_v102_archive.pdf Graphic file (type pdf)
<use rigidity_v102_archive.pdf, page 185>
Package pdftex.def Info: rigidity_v102_archive.pdf , page185 used on input line
 7.
(pdftex.def)             Requested size: 562.12285pt x 795.00201pt.
File: rigidity_v102_archive.pdf Graphic file (type pdf)
<use rigidity_v102_archive.pdf, page 185>
Package pdftex.def Info: rigidity_v102_archive.pdf , page185 used on input line
 7.
(pdftex.def)             Requested size: 562.12285pt x 795.00201pt.

[198

 <./rigidity_v102_archive.pdf>]
<rigidity_v102_archive.pdf, id=2526, page=186, 597.50829pt x 845.0471pt>
File: rigidity_v102_archive.pdf Graphic file (type pdf)
<use rigidity_v102_archive.pdf, page 186>
Package pdftex.def Info: rigidity_v102_archive.pdf , page186 used on input line
 7.
(pdftex.def)             Requested size: 562.12285pt x 795.00201pt.
File: rigidity_v102_archive.pdf Graphic file (type pdf)
<use rigidity_v102_archive.pdf, page 186>
Package pdftex.def Info: rigidity_v102_archive.pdf , page186 used on input line
 7.
(pdftex.def)             Requested size: 562.12285pt x 795.00201pt.
File: rigidity_v102_archive.pdf Graphic file (type pdf)
<use rigidity_v102_archive.pdf, page 186>
Package pdftex.def Info: rigidity_v102_archive.pdf , page186 used on input line
 7.
(pdftex.def)             Requested size: 562.12285pt x 795.00201pt.
 [199

 <./rigidity_v102_archive.pdf>]
<rigidity_v102_archive.pdf, id=2537, page=187, 597.50829pt x 845.0471pt>
File: rigidity_v102_archive.pdf Graphic file (type pdf)
<use rigidity_v102_archive.pdf, page 187>
Package pdftex.def Info: rigidity_v102_archive.pdf , page187 used on input line
 7.
(pdftex.def)             Requested size: 562.12285pt x 795.00201pt.
File: rigidity_v102_archive.pdf Graphic file (type pdf)
<use rigidity_v102_archive.pdf, page 187>
Package pdftex.def Info: rigidity_v102_archive.pdf , page187 used on input line
 7.
(pdftex.def)             Requested size: 562.12285pt x 795.00201pt.
File: rigidity_v102_archive.pdf Graphic file (type pdf)
<use rigidity_v102_archive.pdf, page 187>
Package pdftex.def Info: rigidity_v102_archive.pdf , page187 used on input line
 7.
(pdftex.def)             Requested size: 562.12285pt x 795.00201pt.

[200

 <./rigidity_v102_archive.pdf>]
<rigidity_v102_archive.pdf, id=2554, page=188, 597.50829pt x 845.0471pt>
File: rigidity_v102_archive.pdf Graphic file (type pdf)
<use rigidity_v102_archive.pdf, page 188>
Package pdftex.def Info: rigidity_v102_archive.pdf , page188 used on input line
 7.
(pdftex.def)             Requested size: 562.12285pt x 795.00201pt.
File: rigidity_v102_archive.pdf Graphic file (type pdf)
<use rigidity_v102_archive.pdf, page 188>
Package pdftex.def Info: rigidity_v102_archive.pdf , page188 used on input line
 7.
(pdftex.def)             Requested size: 562.12285pt x 795.00201pt.
File: rigidity_v102_archive.pdf Graphic file (type pdf)
<use rigidity_v102_archive.pdf, page 188>
Package pdftex.def Info: rigidity_v102_archive.pdf , page188 used on input line
 7.
(pdftex.def)             Requested size: 562.12285pt x 795.00201pt.
 [201

 <./rigidity_v102_archive.pdf>]
<rigidity_v102_archive.pdf, id=2564, page=189, 597.50829pt x 845.0471pt>
File: rigidity_v102_archive.pdf Graphic file (type pdf)
<use rigidity_v102_archive.pdf, page 189>
Package pdftex.def Info: rigidity_v102_archive.pdf , page189 used on input line
 7.
(pdftex.def)             Requested size: 562.12285pt x 795.00201pt.
File: rigidity_v102_archive.pdf Graphic file (type pdf)
<use rigidity_v102_archive.pdf, page 189>
Package pdftex.def Info: rigidity_v102_archive.pdf , page189 used on input line
 7.
(pdftex.def)             Requested size: 562.12285pt x 795.00201pt.
File: rigidity_v102_archive.pdf Graphic file (type pdf)
<use rigidity_v102_archive.pdf, page 189>
Package pdftex.def Info: rigidity_v102_archive.pdf , page189 used on input line
 7.
(pdftex.def)             Requested size: 562.12285pt x 795.00201pt.

[202

 <./rigidity_v102_archive.pdf>]
<rigidity_v102_archive.pdf, id=2574, page=190, 597.50829pt x 845.0471pt>
File: rigidity_v102_archive.pdf Graphic file (type pdf)
<use rigidity_v102_archive.pdf, page 190>
Package pdftex.def Info: rigidity_v102_archive.pdf , page190 used on input line
 7.
(pdftex.def)             Requested size: 562.12285pt x 795.00201pt.
File: rigidity_v102_archive.pdf Graphic file (type pdf)
<use rigidity_v102_archive.pdf, page 190>
Package pdftex.def Info: rigidity_v102_archive.pdf , page190 used on input line
 7.
(pdftex.def)             Requested size: 562.12285pt x 795.00201pt.
File: rigidity_v102_archive.pdf Graphic file (type pdf)
<use rigidity_v102_archive.pdf, page 190>
Package pdftex.def Info: rigidity_v102_archive.pdf , page190 used on input line
 7.
(pdftex.def)             Requested size: 562.12285pt x 795.00201pt.
 [203

 <./rigidity_v102_archive.pdf>]
<rigidity_v102_archive.pdf, id=2591, page=191, 597.50829pt x 845.0471pt>
File: rigidity_v102_archive.pdf Graphic file (type pdf)
<use rigidity_v102_archive.pdf, page 191>
Package pdftex.def Info: rigidity_v102_archive.pdf , page191 used on input line
 7.
(pdftex.def)             Requested size: 562.12285pt x 795.00201pt.
File: rigidity_v102_archive.pdf Graphic file (type pdf)
<use rigidity_v102_archive.pdf, page 191>
Package pdftex.def Info: rigidity_v102_archive.pdf , page191 used on input line
 7.
(pdftex.def)             Requested size: 562.12285pt x 795.00201pt.
File: rigidity_v102_archive.pdf Graphic file (type pdf)
<use rigidity_v102_archive.pdf, page 191>
Package pdftex.def Info: rigidity_v102_archive.pdf , page191 used on input line
 7.
(pdftex.def)             Requested size: 562.12285pt x 795.00201pt.

[204

 <./rigidity_v102_archive.pdf>]
<rigidity_v102_archive.pdf, id=2666, page=192, 597.50829pt x 845.0471pt>
File: rigidity_v102_archive.pdf Graphic file (type pdf)
<use rigidity_v102_archive.pdf, page 192>
Package pdftex.def Info: rigidity_v102_archive.pdf , page192 used on input line
 7.
(pdftex.def)             Requested size: 562.12285pt x 795.00201pt.
File: rigidity_v102_archive.pdf Graphic file (type pdf)
<use rigidity_v102_archive.pdf, page 192>
Package pdftex.def Info: rigidity_v102_archive.pdf , page192 used on input line
 7.
(pdftex.def)             Requested size: 562.12285pt x 795.00201pt.
File: rigidity_v102_archive.pdf Graphic file (type pdf)
<use rigidity_v102_archive.pdf, page 192>
Package pdftex.def Info: rigidity_v102_archive.pdf , page192 used on input line
 7.
(pdftex.def)             Requested size: 562.12285pt x 795.00201pt.
 [205

 <./rigidity_v102_archive.pdf>]
<rigidity_v102_archive.pdf, id=2685, page=193, 597.50829pt x 845.0471pt>
File: rigidity_v102_archive.pdf Graphic file (type pdf)
<use rigidity_v102_archive.pdf, page 193>
Package pdftex.def Info: rigidity_v102_archive.pdf , page193 used on input line
 7.
(pdftex.def)             Requested size: 562.12285pt x 795.00201pt.
File: rigidity_v102_archive.pdf Graphic file (type pdf)
<use rigidity_v102_archive.pdf, page 193>
Package pdftex.def Info: rigidity_v102_archive.pdf , page193 used on input line
 7.
(pdftex.def)             Requested size: 562.12285pt x 795.00201pt.
File: rigidity_v102_archive.pdf Graphic file (type pdf)
<use rigidity_v102_archive.pdf, page 193>
Package pdftex.def Info: rigidity_v102_archive.pdf , page193 used on input line
 7.
(pdftex.def)             Requested size: 562.12285pt x 795.00201pt.

[206

 <./rigidity_v102_archive.pdf>]
<rigidity_v102_archive.pdf, id=2712, page=194, 597.50829pt x 845.0471pt>
File: rigidity_v102_archive.pdf Graphic file (type pdf)
<use rigidity_v102_archive.pdf, page 194>
Package pdftex.def Info: rigidity_v102_archive.pdf , page194 used on input line
 7.
(pdftex.def)             Requested size: 562.12285pt x 795.00201pt.
File: rigidity_v102_archive.pdf Graphic file (type pdf)
<use rigidity_v102_archive.pdf, page 194>
Package pdftex.def Info: rigidity_v102_archive.pdf , page194 used on input line
 7.
(pdftex.def)             Requested size: 562.12285pt x 795.00201pt.
File: rigidity_v102_archive.pdf Graphic file (type pdf)
<use rigidity_v102_archive.pdf, page 194>
Package pdftex.def Info: rigidity_v102_archive.pdf , page194 used on input line
 7.
(pdftex.def)             Requested size: 562.12285pt x 795.00201pt.
 [207

 <./rigidity_v102_archive.pdf>]
<rigidity_v102_archive.pdf, id=2726, page=195, 597.50829pt x 845.0471pt>
File: rigidity_v102_archive.pdf Graphic file (type pdf)
<use rigidity_v102_archive.pdf, page 195>
Package pdftex.def Info: rigidity_v102_archive.pdf , page195 used on input line
 7.
(pdftex.def)             Requested size: 562.12285pt x 795.00201pt.
File: rigidity_v102_archive.pdf Graphic file (type pdf)
<use rigidity_v102_archive.pdf, page 195>
Package pdftex.def Info: rigidity_v102_archive.pdf , page195 used on input line
 7.
(pdftex.def)             Requested size: 562.12285pt x 795.00201pt.
File: rigidity_v102_archive.pdf Graphic file (type pdf)
<use rigidity_v102_archive.pdf, page 195>
Package pdftex.def Info: rigidity_v102_archive.pdf , page195 used on input line
 7.
(pdftex.def)             Requested size: 562.12285pt x 795.00201pt.

[208

 <./rigidity_v102_archive.pdf>]
<rigidity_v102_archive.pdf, id=2740, page=196, 597.50829pt x 845.0471pt>
File: rigidity_v102_archive.pdf Graphic file (type pdf)
<use rigidity_v102_archive.pdf, page 196>
Package pdftex.def Info: rigidity_v102_archive.pdf , page196 used on input line
 7.
(pdftex.def)             Requested size: 562.12285pt x 795.00201pt.
File: rigidity_v102_archive.pdf Graphic file (type pdf)
<use rigidity_v102_archive.pdf, page 196>
Package pdftex.def Info: rigidity_v102_archive.pdf , page196 used on input line
 7.
(pdftex.def)             Requested size: 562.12285pt x 795.00201pt.
File: rigidity_v102_archive.pdf Graphic file (type pdf)
<use rigidity_v102_archive.pdf, page 196>
Package pdftex.def Info: rigidity_v102_archive.pdf , page196 used on input line
 7.
(pdftex.def)             Requested size: 562.12285pt x 795.00201pt.
 [209

 <./rigidity_v102_archive.pdf>]
<rigidity_v102_archive.pdf, id=2754, page=197, 597.50829pt x 845.0471pt>
File: rigidity_v102_archive.pdf Graphic file (type pdf)
<use rigidity_v102_archive.pdf, page 197>
Package pdftex.def Info: rigidity_v102_archive.pdf , page197 used on input line
 7.
(pdftex.def)             Requested size: 562.12285pt x 795.00201pt.
File: rigidity_v102_archive.pdf Graphic file (type pdf)
<use rigidity_v102_archive.pdf, page 197>
Package pdftex.def Info: rigidity_v102_archive.pdf , page197 used on input line
 7.
(pdftex.def)             Requested size: 562.12285pt x 795.00201pt.
File: rigidity_v102_archive.pdf Graphic file (type pdf)
<use rigidity_v102_archive.pdf, page 197>
Package pdftex.def Info: rigidity_v102_archive.pdf , page197 used on input line
 7.
(pdftex.def)             Requested size: 562.12285pt x 795.00201pt.

[210

 <./rigidity_v102_archive.pdf>]
<rigidity_v102_archive.pdf, id=2768, page=198, 597.50829pt x 845.0471pt>
File: rigidity_v102_archive.pdf Graphic file (type pdf)
<use rigidity_v102_archive.pdf, page 198>
Package pdftex.def Info: rigidity_v102_archive.pdf , page198 used on input line
 7.
(pdftex.def)             Requested size: 562.12285pt x 795.00201pt.
File: rigidity_v102_archive.pdf Graphic file (type pdf)
<use rigidity_v102_archive.pdf, page 198>
Package pdftex.def Info: rigidity_v102_archive.pdf , page198 used on input line
 7.
(pdftex.def)             Requested size: 562.12285pt x 795.00201pt.
File: rigidity_v102_archive.pdf Graphic file (type pdf)
<use rigidity_v102_archive.pdf, page 198>
Package pdftex.def Info: rigidity_v102_archive.pdf , page198 used on input line
 7.
(pdftex.def)             Requested size: 562.12285pt x 795.00201pt.
 [211

 <./rigidity_v102_archive.pdf>]
<rigidity_v102_archive.pdf, id=2779, page=199, 597.50829pt x 845.0471pt>
File: rigidity_v102_archive.pdf Graphic file (type pdf)
<use rigidity_v102_archive.pdf, page 199>
Package pdftex.def Info: rigidity_v102_archive.pdf , page199 used on input line
 7.
(pdftex.def)             Requested size: 562.12285pt x 795.00201pt.
File: rigidity_v102_archive.pdf Graphic file (type pdf)
<use rigidity_v102_archive.pdf, page 199>
Package pdftex.def Info: rigidity_v102_archive.pdf , page199 used on input line
 7.
(pdftex.def)             Requested size: 562.12285pt x 795.00201pt.
File: rigidity_v102_archive.pdf Graphic file (type pdf)
<use rigidity_v102_archive.pdf, page 199>
Package pdftex.def Info: rigidity_v102_archive.pdf , page199 used on input line
 7.
(pdftex.def)             Requested size: 562.12285pt x 795.00201pt.

[212

 <./rigidity_v102_archive.pdf>]
<rigidity_v102_archive.pdf, id=2789, page=200, 597.50829pt x 845.0471pt>
File: rigidity_v102_archive.pdf Graphic file (type pdf)
<use rigidity_v102_archive.pdf, page 200>
Package pdftex.def Info: rigidity_v102_archive.pdf , page200 used on input line
 7.
(pdftex.def)             Requested size: 562.12285pt x 795.00201pt.
File: rigidity_v102_archive.pdf Graphic file (type pdf)
<use rigidity_v102_archive.pdf, page 200>
Package pdftex.def Info: rigidity_v102_archive.pdf , page200 used on input line
 7.
(pdftex.def)             Requested size: 562.12285pt x 795.00201pt.
File: rigidity_v102_archive.pdf Graphic file (type pdf)
<use rigidity_v102_archive.pdf, page 200>
Package pdftex.def Info: rigidity_v102_archive.pdf , page200 used on input line
 7.
(pdftex.def)             Requested size: 562.12285pt x 795.00201pt.
 [213

 <./rigidity_v102_archive.pdf>]
<rigidity_v102_archive.pdf, id=2799, page=201, 597.50829pt x 845.0471pt>
File: rigidity_v102_archive.pdf Graphic file (type pdf)
<use rigidity_v102_archive.pdf, page 201>
Package pdftex.def Info: rigidity_v102_archive.pdf , page201 used on input line
 7.
(pdftex.def)             Requested size: 562.12285pt x 795.00201pt.
File: rigidity_v102_archive.pdf Graphic file (type pdf)
<use rigidity_v102_archive.pdf, page 201>
Package pdftex.def Info: rigidity_v102_archive.pdf , page201 used on input line
 7.
(pdftex.def)             Requested size: 562.12285pt x 795.00201pt.
File: rigidity_v102_archive.pdf Graphic file (type pdf)
<use rigidity_v102_archive.pdf, page 201>
Package pdftex.def Info: rigidity_v102_archive.pdf , page201 used on input line
 7.
(pdftex.def)             Requested size: 562.12285pt x 795.00201pt.

[214

 <./rigidity_v102_archive.pdf>]
<rigidity_v102_archive.pdf, id=2809, page=202, 597.50829pt x 845.0471pt>
File: rigidity_v102_archive.pdf Graphic file (type pdf)
<use rigidity_v102_archive.pdf, page 202>
Package pdftex.def Info: rigidity_v102_archive.pdf , page202 used on input line
 7.
(pdftex.def)             Requested size: 562.12285pt x 795.00201pt.
File: rigidity_v102_archive.pdf Graphic file (type pdf)
<use rigidity_v102_archive.pdf, page 202>
Package pdftex.def Info: rigidity_v102_archive.pdf , page202 used on input line
 7.
(pdftex.def)             Requested size: 562.12285pt x 795.00201pt.
File: rigidity_v102_archive.pdf Graphic file (type pdf)
<use rigidity_v102_archive.pdf, page 202>
Package pdftex.def Info: rigidity_v102_archive.pdf , page202 used on input line
 7.
(pdftex.def)             Requested size: 562.12285pt x 795.00201pt.
 [215

 <./rigidity_v102_archive.pdf>]
<rigidity_v102_archive.pdf, id=2819, page=203, 597.50829pt x 845.0471pt>
File: rigidity_v102_archive.pdf Graphic file (type pdf)
<use rigidity_v102_archive.pdf, page 203>
Package pdftex.def Info: rigidity_v102_archive.pdf , page203 used on input line
 7.
(pdftex.def)             Requested size: 562.12285pt x 795.00201pt.
File: rigidity_v102_archive.pdf Graphic file (type pdf)
<use rigidity_v102_archive.pdf, page 203>
Package pdftex.def Info: rigidity_v102_archive.pdf , page203 used on input line
 7.
(pdftex.def)             Requested size: 562.12285pt x 795.00201pt.
File: rigidity_v102_archive.pdf Graphic file (type pdf)
<use rigidity_v102_archive.pdf, page 203>
Package pdftex.def Info: rigidity_v102_archive.pdf , page203 used on input line
 7.
(pdftex.def)             Requested size: 562.12285pt x 795.00201pt.

[216

 <./rigidity_v102_archive.pdf>]
<rigidity_v102_archive.pdf, id=2829, page=204, 597.50829pt x 845.0471pt>
File: rigidity_v102_archive.pdf Graphic file (type pdf)
<use rigidity_v102_archive.pdf, page 204>
Package pdftex.def Info: rigidity_v102_archive.pdf , page204 used on input line
 7.
(pdftex.def)             Requested size: 562.12285pt x 795.00201pt.
File: rigidity_v102_archive.pdf Graphic file (type pdf)
<use rigidity_v102_archive.pdf, page 204>
Package pdftex.def Info: rigidity_v102_archive.pdf , page204 used on input line
 7.
(pdftex.def)             Requested size: 562.12285pt x 795.00201pt.
File: rigidity_v102_archive.pdf Graphic file (type pdf)
<use rigidity_v102_archive.pdf, page 204>
Package pdftex.def Info: rigidity_v102_archive.pdf , page204 used on input line
 7.
(pdftex.def)             Requested size: 562.12285pt x 795.00201pt.
 [217

 <./rigidity_v102_archive.pdf>]
<rigidity_v102_archive.pdf, id=2840, page=205, 597.50829pt x 845.0471pt>
File: rigidity_v102_archive.pdf Graphic file (type pdf)
<use rigidity_v102_archive.pdf, page 205>
Package pdftex.def Info: rigidity_v102_archive.pdf , page205 used on input line
 7.
(pdftex.def)             Requested size: 562.12285pt x 795.00201pt.
File: rigidity_v102_archive.pdf Graphic file (type pdf)
<use rigidity_v102_archive.pdf, page 205>
Package pdftex.def Info: rigidity_v102_archive.pdf , page205 used on input line
 7.
(pdftex.def)             Requested size: 562.12285pt x 795.00201pt.
File: rigidity_v102_archive.pdf Graphic file (type pdf)
<use rigidity_v102_archive.pdf, page 205>
Package pdftex.def Info: rigidity_v102_archive.pdf , page205 used on input line
 7.
(pdftex.def)             Requested size: 562.12285pt x 795.00201pt.

[218

 <./rigidity_v102_archive.pdf>]
<rigidity_v102_archive.pdf, id=2850, page=206, 597.50829pt x 845.0471pt>
File: rigidity_v102_archive.pdf Graphic file (type pdf)
<use rigidity_v102_archive.pdf, page 206>
Package pdftex.def Info: rigidity_v102_archive.pdf , page206 used on input line
 7.
(pdftex.def)             Requested size: 562.12285pt x 795.00201pt.
File: rigidity_v102_archive.pdf Graphic file (type pdf)
<use rigidity_v102_archive.pdf, page 206>
Package pdftex.def Info: rigidity_v102_archive.pdf , page206 used on input line
 7.
(pdftex.def)             Requested size: 562.12285pt x 795.00201pt.
File: rigidity_v102_archive.pdf Graphic file (type pdf)
<use rigidity_v102_archive.pdf, page 206>
Package pdftex.def Info: rigidity_v102_archive.pdf , page206 used on input line
 7.
(pdftex.def)             Requested size: 562.12285pt x 795.00201pt.
 [219

 <./rigidity_v102_archive.pdf>]
<rigidity_v102_archive.pdf, id=2860, page=207, 597.50829pt x 845.0471pt>
File: rigidity_v102_archive.pdf Graphic file (type pdf)
<use rigidity_v102_archive.pdf, page 207>
Package pdftex.def Info: rigidity_v102_archive.pdf , page207 used on input line
 7.
(pdftex.def)             Requested size: 562.12285pt x 795.00201pt.
File: rigidity_v102_archive.pdf Graphic file (type pdf)
<use rigidity_v102_archive.pdf, page 207>
Package pdftex.def Info: rigidity_v102_archive.pdf , page207 used on input line
 7.
(pdftex.def)             Requested size: 562.12285pt x 795.00201pt.
File: rigidity_v102_archive.pdf Graphic file (type pdf)
<use rigidity_v102_archive.pdf, page 207>
Package pdftex.def Info: rigidity_v102_archive.pdf , page207 used on input line
 7.
(pdftex.def)             Requested size: 562.12285pt x 795.00201pt.

[220

 <./rigidity_v102_archive.pdf>]
<rigidity_v102_archive.pdf, id=2870, page=208, 597.50829pt x 845.0471pt>
File: rigidity_v102_archive.pdf Graphic file (type pdf)
<use rigidity_v102_archive.pdf, page 208>
Package pdftex.def Info: rigidity_v102_archive.pdf , page208 used on input line
 7.
(pdftex.def)             Requested size: 562.12285pt x 795.00201pt.
File: rigidity_v102_archive.pdf Graphic file (type pdf)
<use rigidity_v102_archive.pdf, page 208>
Package pdftex.def Info: rigidity_v102_archive.pdf , page208 used on input line
 7.
(pdftex.def)             Requested size: 562.12285pt x 795.00201pt.
File: rigidity_v102_archive.pdf Graphic file (type pdf)
<use rigidity_v102_archive.pdf, page 208>
Package pdftex.def Info: rigidity_v102_archive.pdf , page208 used on input line
 7.
(pdftex.def)             Requested size: 562.12285pt x 795.00201pt.
 [221

 <./rigidity_v102_archive.pdf>]
<rigidity_v102_archive.pdf, id=2880, page=209, 597.50829pt x 845.0471pt>
File: rigidity_v102_archive.pdf Graphic file (type pdf)
<use rigidity_v102_archive.pdf, page 209>
Package pdftex.def Info: rigidity_v102_archive.pdf , page209 used on input line
 7.
(pdftex.def)             Requested size: 562.12285pt x 795.00201pt.
File: rigidity_v102_archive.pdf Graphic file (type pdf)
<use rigidity_v102_archive.pdf, page 209>
Package pdftex.def Info: rigidity_v102_archive.pdf , page209 used on input line
 7.
(pdftex.def)             Requested size: 562.12285pt x 795.00201pt.
File: rigidity_v102_archive.pdf Graphic file (type pdf)
<use rigidity_v102_archive.pdf, page 209>
Package pdftex.def Info: rigidity_v102_archive.pdf , page209 used on input line
 7.
(pdftex.def)             Requested size: 562.12285pt x 795.00201pt.

[222

 <./rigidity_v102_archive.pdf>]
<rigidity_v102_archive.pdf, id=2890, page=210, 597.50829pt x 845.0471pt>
File: rigidity_v102_archive.pdf Graphic file (type pdf)
<use rigidity_v102_archive.pdf, page 210>
Package pdftex.def Info: rigidity_v102_archive.pdf , page210 used on input line
 7.
(pdftex.def)             Requested size: 562.12285pt x 795.00201pt.
File: rigidity_v102_archive.pdf Graphic file (type pdf)
<use rigidity_v102_archive.pdf, page 210>
Package pdftex.def Info: rigidity_v102_archive.pdf , page210 used on input line
 7.
(pdftex.def)             Requested size: 562.12285pt x 795.00201pt.
File: rigidity_v102_archive.pdf Graphic file (type pdf)
<use rigidity_v102_archive.pdf, page 210>
Package pdftex.def Info: rigidity_v102_archive.pdf , page210 used on input line
 7.
(pdftex.def)             Requested size: 562.12285pt x 795.00201pt.
 [223

 <./rigidity_v102_archive.pdf>]
<rigidity_v102_archive.pdf, id=2901, page=211, 597.50829pt x 845.0471pt>
File: rigidity_v102_archive.pdf Graphic file (type pdf)
<use rigidity_v102_archive.pdf, page 211>
Package pdftex.def Info: rigidity_v102_archive.pdf , page211 used on input line
 7.
(pdftex.def)             Requested size: 562.12285pt x 795.00201pt.
File: rigidity_v102_archive.pdf Graphic file (type pdf)
<use rigidity_v102_archive.pdf, page 211>
Package pdftex.def Info: rigidity_v102_archive.pdf , page211 used on input line
 7.
(pdftex.def)             Requested size: 562.12285pt x 795.00201pt.
File: rigidity_v102_archive.pdf Graphic file (type pdf)
<use rigidity_v102_archive.pdf, page 211>
Package pdftex.def Info: rigidity_v102_archive.pdf , page211 used on input line
 7.
(pdftex.def)             Requested size: 562.12285pt x 795.00201pt.

[224

 <./rigidity_v102_archive.pdf>]
<rigidity_v102_archive.pdf, id=2911, page=212, 597.50829pt x 845.0471pt>
File: rigidity_v102_archive.pdf Graphic file (type pdf)
<use rigidity_v102_archive.pdf, page 212>
Package pdftex.def Info: rigidity_v102_archive.pdf , page212 used on input line
 7.
(pdftex.def)             Requested size: 562.12285pt x 795.00201pt.
File: rigidity_v102_archive.pdf Graphic file (type pdf)
<use rigidity_v102_archive.pdf, page 212>
Package pdftex.def Info: rigidity_v102_archive.pdf , page212 used on input line
 7.
(pdftex.def)             Requested size: 562.12285pt x 795.00201pt.
File: rigidity_v102_archive.pdf Graphic file (type pdf)
<use rigidity_v102_archive.pdf, page 212>
Package pdftex.def Info: rigidity_v102_archive.pdf , page212 used on input line
 7.
(pdftex.def)             Requested size: 562.12285pt x 795.00201pt.
 [225

 <./rigidity_v102_archive.pdf>]
<rigidity_v102_archive.pdf, id=2921, page=213, 597.50829pt x 845.0471pt>
File: rigidity_v102_archive.pdf Graphic file (type pdf)
<use rigidity_v102_archive.pdf, page 213>
Package pdftex.def Info: rigidity_v102_archive.pdf , page213 used on input line
 7.
(pdftex.def)             Requested size: 562.12285pt x 795.00201pt.
File: rigidity_v102_archive.pdf Graphic file (type pdf)
<use rigidity_v102_archive.pdf, page 213>
Package pdftex.def Info: rigidity_v102_archive.pdf , page213 used on input line
 7.
(pdftex.def)             Requested size: 562.12285pt x 795.00201pt.
File: rigidity_v102_archive.pdf Graphic file (type pdf)
<use rigidity_v102_archive.pdf, page 213>
Package pdftex.def Info: rigidity_v102_archive.pdf , page213 used on input line
 7.
(pdftex.def)             Requested size: 562.12285pt x 795.00201pt.

[226

 <./rigidity_v102_archive.pdf>]
<rigidity_v102_archive.pdf, id=2931, page=214, 597.50829pt x 845.0471pt>
File: rigidity_v102_archive.pdf Graphic file (type pdf)
<use rigidity_v102_archive.pdf, page 214>
Package pdftex.def Info: rigidity_v102_archive.pdf , page214 used on input line
 7.
(pdftex.def)             Requested size: 562.12285pt x 795.00201pt.
File: rigidity_v102_archive.pdf Graphic file (type pdf)
<use rigidity_v102_archive.pdf, page 214>
Package pdftex.def Info: rigidity_v102_archive.pdf , page214 used on input line
 7.
(pdftex.def)             Requested size: 562.12285pt x 795.00201pt.
File: rigidity_v102_archive.pdf Graphic file (type pdf)
<use rigidity_v102_archive.pdf, page 214>
Package pdftex.def Info: rigidity_v102_archive.pdf , page214 used on input line
 7.
(pdftex.def)             Requested size: 562.12285pt x 795.00201pt.
 [227

 <./rigidity_v102_archive.pdf>]
<rigidity_v102_archive.pdf, id=2941, page=215, 597.50829pt x 845.0471pt>
File: rigidity_v102_archive.pdf Graphic file (type pdf)
<use rigidity_v102_archive.pdf, page 215>
Package pdftex.def Info: rigidity_v102_archive.pdf , page215 used on input line
 7.
(pdftex.def)             Requested size: 562.12285pt x 795.00201pt.
File: rigidity_v102_archive.pdf Graphic file (type pdf)
<use rigidity_v102_archive.pdf, page 215>
Package pdftex.def Info: rigidity_v102_archive.pdf , page215 used on input line
 7.
(pdftex.def)             Requested size: 562.12285pt x 795.00201pt.
File: rigidity_v102_archive.pdf Graphic file (type pdf)
<use rigidity_v102_archive.pdf, page 215>
Package pdftex.def Info: rigidity_v102_archive.pdf , page215 used on input line
 7.
(pdftex.def)             Requested size: 562.12285pt x 795.00201pt.

[228

 <./rigidity_v102_archive.pdf>]
<rigidity_v102_archive.pdf, id=2951, page=216, 597.50829pt x 845.0471pt>
File: rigidity_v102_archive.pdf Graphic file (type pdf)
<use rigidity_v102_archive.pdf, page 216>
Package pdftex.def Info: rigidity_v102_archive.pdf , page216 used on input line
 7.
(pdftex.def)             Requested size: 562.12285pt x 795.00201pt.
File: rigidity_v102_archive.pdf Graphic file (type pdf)
<use rigidity_v102_archive.pdf, page 216>
Package pdftex.def Info: rigidity_v102_archive.pdf , page216 used on input line
 7.
(pdftex.def)             Requested size: 562.12285pt x 795.00201pt.
File: rigidity_v102_archive.pdf Graphic file (type pdf)
<use rigidity_v102_archive.pdf, page 216>
Package pdftex.def Info: rigidity_v102_archive.pdf , page216 used on input line
 7.
(pdftex.def)             Requested size: 562.12285pt x 795.00201pt.
 [229

 <./rigidity_v102_archive.pdf>]
<rigidity_v102_archive.pdf, id=2962, page=217, 597.50829pt x 845.0471pt>
File: rigidity_v102_archive.pdf Graphic file (type pdf)
<use rigidity_v102_archive.pdf, page 217>
Package pdftex.def Info: rigidity_v102_archive.pdf , page217 used on input line
 7.
(pdftex.def)             Requested size: 562.12285pt x 795.00201pt.
File: rigidity_v102_archive.pdf Graphic file (type pdf)
<use rigidity_v102_archive.pdf, page 217>
Package pdftex.def Info: rigidity_v102_archive.pdf , page217 used on input line
 7.
(pdftex.def)             Requested size: 562.12285pt x 795.00201pt.
File: rigidity_v102_archive.pdf Graphic file (type pdf)
<use rigidity_v102_archive.pdf, page 217>
Package pdftex.def Info: rigidity_v102_archive.pdf , page217 used on input line
 7.
(pdftex.def)             Requested size: 562.12285pt x 795.00201pt.

[230

 <./rigidity_v102_archive.pdf>]
<rigidity_v102_archive.pdf, id=2972, page=218, 597.50829pt x 845.0471pt>
File: rigidity_v102_archive.pdf Graphic file (type pdf)
<use rigidity_v102_archive.pdf, page 218>
Package pdftex.def Info: rigidity_v102_archive.pdf , page218 used on input line
 7.
(pdftex.def)             Requested size: 562.12285pt x 795.00201pt.
File: rigidity_v102_archive.pdf Graphic file (type pdf)
<use rigidity_v102_archive.pdf, page 218>
Package pdftex.def Info: rigidity_v102_archive.pdf , page218 used on input line
 7.
(pdftex.def)             Requested size: 562.12285pt x 795.00201pt.
File: rigidity_v102_archive.pdf Graphic file (type pdf)
<use rigidity_v102_archive.pdf, page 218>
Package pdftex.def Info: rigidity_v102_archive.pdf , page218 used on input line
 7.
(pdftex.def)             Requested size: 562.12285pt x 795.00201pt.
 [231

 <./rigidity_v102_archive.pdf>]
<rigidity_v102_archive.pdf, id=2982, page=219, 597.50829pt x 845.0471pt>
File: rigidity_v102_archive.pdf Graphic file (type pdf)
<use rigidity_v102_archive.pdf, page 219>
Package pdftex.def Info: rigidity_v102_archive.pdf , page219 used on input line
 7.
(pdftex.def)             Requested size: 562.12285pt x 795.00201pt.
File: rigidity_v102_archive.pdf Graphic file (type pdf)
<use rigidity_v102_archive.pdf, page 219>
Package pdftex.def Info: rigidity_v102_archive.pdf , page219 used on input line
 7.
(pdftex.def)             Requested size: 562.12285pt x 795.00201pt.
File: rigidity_v102_archive.pdf Graphic file (type pdf)
<use rigidity_v102_archive.pdf, page 219>
Package pdftex.def Info: rigidity_v102_archive.pdf , page219 used on input line
 7.
(pdftex.def)             Requested size: 562.12285pt x 795.00201pt.

[232

 <./rigidity_v102_archive.pdf>]
<rigidity_v102_archive.pdf, id=2993, page=220, 597.50829pt x 845.0471pt>
File: rigidity_v102_archive.pdf Graphic file (type pdf)
<use rigidity_v102_archive.pdf, page 220>
Package pdftex.def Info: rigidity_v102_archive.pdf , page220 used on input line
 7.
(pdftex.def)             Requested size: 562.12285pt x 795.00201pt.
File: rigidity_v102_archive.pdf Graphic file (type pdf)
<use rigidity_v102_archive.pdf, page 220>
Package pdftex.def Info: rigidity_v102_archive.pdf , page220 used on input line
 7.
(pdftex.def)             Requested size: 562.12285pt x 795.00201pt.
File: rigidity_v102_archive.pdf Graphic file (type pdf)
<use rigidity_v102_archive.pdf, page 220>
Package pdftex.def Info: rigidity_v102_archive.pdf , page220 used on input line
 7.
(pdftex.def)             Requested size: 562.12285pt x 795.00201pt.
 [233

 <./rigidity_v102_archive.pdf>]
<rigidity_v102_archive.pdf, id=3003, page=221, 597.50829pt x 845.0471pt>
File: rigidity_v102_archive.pdf Graphic file (type pdf)
<use rigidity_v102_archive.pdf, page 221>
Package pdftex.def Info: rigidity_v102_archive.pdf , page221 used on input line
 7.
(pdftex.def)             Requested size: 562.12285pt x 795.00201pt.
File: rigidity_v102_archive.pdf Graphic file (type pdf)
<use rigidity_v102_archive.pdf, page 221>
Package pdftex.def Info: rigidity_v102_archive.pdf , page221 used on input line
 7.
(pdftex.def)             Requested size: 562.12285pt x 795.00201pt.
File: rigidity_v102_archive.pdf Graphic file (type pdf)
<use rigidity_v102_archive.pdf, page 221>
Package pdftex.def Info: rigidity_v102_archive.pdf , page221 used on input line
 7.
(pdftex.def)             Requested size: 562.12285pt x 795.00201pt.

[234

 <./rigidity_v102_archive.pdf>]
<rigidity_v102_archive.pdf, id=3013, page=222, 597.50829pt x 845.0471pt>
File: rigidity_v102_archive.pdf Graphic file (type pdf)
<use rigidity_v102_archive.pdf, page 222>
Package pdftex.def Info: rigidity_v102_archive.pdf , page222 used on input line
 7.
(pdftex.def)             Requested size: 562.12285pt x 795.00201pt.
File: rigidity_v102_archive.pdf Graphic file (type pdf)
<use rigidity_v102_archive.pdf, page 222>
Package pdftex.def Info: rigidity_v102_archive.pdf , page222 used on input line
 7.
(pdftex.def)             Requested size: 562.12285pt x 795.00201pt.
File: rigidity_v102_archive.pdf Graphic file (type pdf)
<use rigidity_v102_archive.pdf, page 222>
Package pdftex.def Info: rigidity_v102_archive.pdf , page222 used on input line
 7.
(pdftex.def)             Requested size: 562.12285pt x 795.00201pt.
 [235

 <./rigidity_v102_archive.pdf>]
<rigidity_v102_archive.pdf, id=3024, page=223, 597.50829pt x 845.0471pt>
File: rigidity_v102_archive.pdf Graphic file (type pdf)
<use rigidity_v102_archive.pdf, page 223>
Package pdftex.def Info: rigidity_v102_archive.pdf , page223 used on input line
 7.
(pdftex.def)             Requested size: 562.12285pt x 795.00201pt.
File: rigidity_v102_archive.pdf Graphic file (type pdf)
<use rigidity_v102_archive.pdf, page 223>
Package pdftex.def Info: rigidity_v102_archive.pdf , page223 used on input line
 7.
(pdftex.def)             Requested size: 562.12285pt x 795.00201pt.
File: rigidity_v102_archive.pdf Graphic file (type pdf)
<use rigidity_v102_archive.pdf, page 223>
Package pdftex.def Info: rigidity_v102_archive.pdf , page223 used on input line
 7.
(pdftex.def)             Requested size: 562.12285pt x 795.00201pt.

[236

 <./rigidity_v102_archive.pdf>]
<rigidity_v102_archive.pdf, id=3034, page=224, 597.50829pt x 845.0471pt>
File: rigidity_v102_archive.pdf Graphic file (type pdf)
<use rigidity_v102_archive.pdf, page 224>
Package pdftex.def Info: rigidity_v102_archive.pdf , page224 used on input line
 7.
(pdftex.def)             Requested size: 562.12285pt x 795.00201pt.
File: rigidity_v102_archive.pdf Graphic file (type pdf)
<use rigidity_v102_archive.pdf, page 224>
Package pdftex.def Info: rigidity_v102_archive.pdf , page224 used on input line
 7.
(pdftex.def)             Requested size: 562.12285pt x 795.00201pt.
File: rigidity_v102_archive.pdf Graphic file (type pdf)
<use rigidity_v102_archive.pdf, page 224>
Package pdftex.def Info: rigidity_v102_archive.pdf , page224 used on input line
 7.
(pdftex.def)             Requested size: 562.12285pt x 795.00201pt.
 [237

 <./rigidity_v102_archive.pdf>]
<rigidity_v102_archive.pdf, id=3044, page=225, 597.50829pt x 845.0471pt>
File: rigidity_v102_archive.pdf Graphic file (type pdf)
<use rigidity_v102_archive.pdf, page 225>
Package pdftex.def Info: rigidity_v102_archive.pdf , page225 used on input line
 7.
(pdftex.def)             Requested size: 562.12285pt x 795.00201pt.
File: rigidity_v102_archive.pdf Graphic file (type pdf)
<use rigidity_v102_archive.pdf, page 225>
Package pdftex.def Info: rigidity_v102_archive.pdf , page225 used on input line
 7.
(pdftex.def)             Requested size: 562.12285pt x 795.00201pt.
File: rigidity_v102_archive.pdf Graphic file (type pdf)
<use rigidity_v102_archive.pdf, page 225>
Package pdftex.def Info: rigidity_v102_archive.pdf , page225 used on input line
 7.
(pdftex.def)             Requested size: 562.12285pt x 795.00201pt.

[238

 <./rigidity_v102_archive.pdf>]
<rigidity_v102_archive.pdf, id=3054, page=226, 597.50829pt x 845.0471pt>
File: rigidity_v102_archive.pdf Graphic file (type pdf)
<use rigidity_v102_archive.pdf, page 226>
Package pdftex.def Info: rigidity_v102_archive.pdf , page226 used on input line
 7.
(pdftex.def)             Requested size: 562.12285pt x 795.00201pt.
File: rigidity_v102_archive.pdf Graphic file (type pdf)
<use rigidity_v102_archive.pdf, page 226>
Package pdftex.def Info: rigidity_v102_archive.pdf , page226 used on input line
 7.
(pdftex.def)             Requested size: 562.12285pt x 795.00201pt.
File: rigidity_v102_archive.pdf Graphic file (type pdf)
<use rigidity_v102_archive.pdf, page 226>
Package pdftex.def Info: rigidity_v102_archive.pdf , page226 used on input line
 7.
(pdftex.def)             Requested size: 562.12285pt x 795.00201pt.
 [239

 <./rigidity_v102_archive.pdf>]
<rigidity_v102_archive.pdf, id=3064, page=227, 597.50829pt x 845.0471pt>
File: rigidity_v102_archive.pdf Graphic file (type pdf)
<use rigidity_v102_archive.pdf, page 227>
Package pdftex.def Info: rigidity_v102_archive.pdf , page227 used on input line
 7.
(pdftex.def)             Requested size: 562.12285pt x 795.00201pt.
File: rigidity_v102_archive.pdf Graphic file (type pdf)
<use rigidity_v102_archive.pdf, page 227>
Package pdftex.def Info: rigidity_v102_archive.pdf , page227 used on input line
 7.
(pdftex.def)             Requested size: 562.12285pt x 795.00201pt.
File: rigidity_v102_archive.pdf Graphic file (type pdf)
<use rigidity_v102_archive.pdf, page 227>
Package pdftex.def Info: rigidity_v102_archive.pdf , page227 used on input line
 7.
(pdftex.def)             Requested size: 562.12285pt x 795.00201pt.

[240

 <./rigidity_v102_archive.pdf>]
<rigidity_v102_archive.pdf, id=3074, page=228, 597.50829pt x 845.0471pt>
File: rigidity_v102_archive.pdf Graphic file (type pdf)
<use rigidity_v102_archive.pdf, page 228>
Package pdftex.def Info: rigidity_v102_archive.pdf , page228 used on input line
 7.
(pdftex.def)             Requested size: 562.12285pt x 795.00201pt.
File: rigidity_v102_archive.pdf Graphic file (type pdf)
<use rigidity_v102_archive.pdf, page 228>
Package pdftex.def Info: rigidity_v102_archive.pdf , page228 used on input line
 7.
(pdftex.def)             Requested size: 562.12285pt x 795.00201pt.
File: rigidity_v102_archive.pdf Graphic file (type pdf)
<use rigidity_v102_archive.pdf, page 228>
Package pdftex.def Info: rigidity_v102_archive.pdf , page228 used on input line
 7.
(pdftex.def)             Requested size: 562.12285pt x 795.00201pt.
 [241

 <./rigidity_v102_archive.pdf>]
<rigidity_v102_archive.pdf, id=3085, page=229, 597.50829pt x 845.0471pt>
File: rigidity_v102_archive.pdf Graphic file (type pdf)
<use rigidity_v102_archive.pdf, page 229>
Package pdftex.def Info: rigidity_v102_archive.pdf , page229 used on input line
 7.
(pdftex.def)             Requested size: 562.12285pt x 795.00201pt.
File: rigidity_v102_archive.pdf Graphic file (type pdf)
<use rigidity_v102_archive.pdf, page 229>
Package pdftex.def Info: rigidity_v102_archive.pdf , page229 used on input line
 7.
(pdftex.def)             Requested size: 562.12285pt x 795.00201pt.
File: rigidity_v102_archive.pdf Graphic file (type pdf)
<use rigidity_v102_archive.pdf, page 229>
Package pdftex.def Info: rigidity_v102_archive.pdf , page229 used on input line
 7.
(pdftex.def)             Requested size: 562.12285pt x 795.00201pt.

[242

 <./rigidity_v102_archive.pdf>]
<rigidity_v102_archive.pdf, id=3095, page=230, 597.50829pt x 845.0471pt>
File: rigidity_v102_archive.pdf Graphic file (type pdf)
<use rigidity_v102_archive.pdf, page 230>
Package pdftex.def Info: rigidity_v102_archive.pdf , page230 used on input line
 7.
(pdftex.def)             Requested size: 562.12285pt x 795.00201pt.
File: rigidity_v102_archive.pdf Graphic file (type pdf)
<use rigidity_v102_archive.pdf, page 230>
Package pdftex.def Info: rigidity_v102_archive.pdf , page230 used on input line
 7.
(pdftex.def)             Requested size: 562.12285pt x 795.00201pt.
File: rigidity_v102_archive.pdf Graphic file (type pdf)
<use rigidity_v102_archive.pdf, page 230>
Package pdftex.def Info: rigidity_v102_archive.pdf , page230 used on input line
 7.
(pdftex.def)             Requested size: 562.12285pt x 795.00201pt.
 [243

 <./rigidity_v102_archive.pdf>]
<rigidity_v102_archive.pdf, id=3105, page=231, 597.50829pt x 845.0471pt>
File: rigidity_v102_archive.pdf Graphic file (type pdf)
<use rigidity_v102_archive.pdf, page 231>
Package pdftex.def Info: rigidity_v102_archive.pdf , page231 used on input line
 7.
(pdftex.def)             Requested size: 562.12285pt x 795.00201pt.
File: rigidity_v102_archive.pdf Graphic file (type pdf)
<use rigidity_v102_archive.pdf, page 231>
Package pdftex.def Info: rigidity_v102_archive.pdf , page231 used on input line
 7.
(pdftex.def)             Requested size: 562.12285pt x 795.00201pt.
File: rigidity_v102_archive.pdf Graphic file (type pdf)
<use rigidity_v102_archive.pdf, page 231>
Package pdftex.def Info: rigidity_v102_archive.pdf , page231 used on input line
 7.
(pdftex.def)             Requested size: 562.12285pt x 795.00201pt.

[244

 <./rigidity_v102_archive.pdf>]
<rigidity_v102_archive.pdf, id=3119, page=232, 597.50829pt x 845.0471pt>
File: rigidity_v102_archive.pdf Graphic file (type pdf)
<use rigidity_v102_archive.pdf, page 232>
Package pdftex.def Info: rigidity_v102_archive.pdf , page232 used on input line
 7.
(pdftex.def)             Requested size: 562.12285pt x 795.00201pt.
File: rigidity_v102_archive.pdf Graphic file (type pdf)
<use rigidity_v102_archive.pdf, page 232>
Package pdftex.def Info: rigidity_v102_archive.pdf , page232 used on input line
 7.
(pdftex.def)             Requested size: 562.12285pt x 795.00201pt.
File: rigidity_v102_archive.pdf Graphic file (type pdf)
<use rigidity_v102_archive.pdf, page 232>
Package pdftex.def Info: rigidity_v102_archive.pdf , page232 used on input line
 7.
(pdftex.def)             Requested size: 562.12285pt x 795.00201pt.
 [245

 <./rigidity_v102_archive.pdf>]
<rigidity_v102_archive.pdf, id=3129, page=233, 597.50829pt x 845.0471pt>
File: rigidity_v102_archive.pdf Graphic file (type pdf)
<use rigidity_v102_archive.pdf, page 233>
Package pdftex.def Info: rigidity_v102_archive.pdf , page233 used on input line
 7.
(pdftex.def)             Requested size: 562.12285pt x 795.00201pt.
File: rigidity_v102_archive.pdf Graphic file (type pdf)
<use rigidity_v102_archive.pdf, page 233>
Package pdftex.def Info: rigidity_v102_archive.pdf , page233 used on input line
 7.
(pdftex.def)             Requested size: 562.12285pt x 795.00201pt.
File: rigidity_v102_archive.pdf Graphic file (type pdf)
<use rigidity_v102_archive.pdf, page 233>
Package pdftex.def Info: rigidity_v102_archive.pdf , page233 used on input line
 7.
(pdftex.def)             Requested size: 562.12285pt x 795.00201pt.

[246

 <./rigidity_v102_archive.pdf>]
<rigidity_v102_archive.pdf, id=3139, page=234, 597.50829pt x 845.0471pt>
File: rigidity_v102_archive.pdf Graphic file (type pdf)
<use rigidity_v102_archive.pdf, page 234>
Package pdftex.def Info: rigidity_v102_archive.pdf , page234 used on input line
 7.
(pdftex.def)             Requested size: 562.12285pt x 795.00201pt.
File: rigidity_v102_archive.pdf Graphic file (type pdf)
<use rigidity_v102_archive.pdf, page 234>
Package pdftex.def Info: rigidity_v102_archive.pdf , page234 used on input line
 7.
(pdftex.def)             Requested size: 562.12285pt x 795.00201pt.
File: rigidity_v102_archive.pdf Graphic file (type pdf)
<use rigidity_v102_archive.pdf, page 234>
Package pdftex.def Info: rigidity_v102_archive.pdf , page234 used on input line
 7.
(pdftex.def)             Requested size: 562.12285pt x 795.00201pt.
 [247

 <./rigidity_v102_archive.pdf>]
<rigidity_v102_archive.pdf, id=3150, page=235, 597.50829pt x 845.0471pt>
File: rigidity_v102_archive.pdf Graphic file (type pdf)
<use rigidity_v102_archive.pdf, page 235>
Package pdftex.def Info: rigidity_v102_archive.pdf , page235 used on input line
 7.
(pdftex.def)             Requested size: 562.12285pt x 795.00201pt.
File: rigidity_v102_archive.pdf Graphic file (type pdf)
<use rigidity_v102_archive.pdf, page 235>
Package pdftex.def Info: rigidity_v102_archive.pdf , page235 used on input line
 7.
(pdftex.def)             Requested size: 562.12285pt x 795.00201pt.
File: rigidity_v102_archive.pdf Graphic file (type pdf)
<use rigidity_v102_archive.pdf, page 235>
Package pdftex.def Info: rigidity_v102_archive.pdf , page235 used on input line
 7.
(pdftex.def)             Requested size: 562.12285pt x 795.00201pt.

[248

 <./rigidity_v102_archive.pdf>]
<rigidity_v102_archive.pdf, id=3160, page=236, 597.50829pt x 845.0471pt>
File: rigidity_v102_archive.pdf Graphic file (type pdf)
<use rigidity_v102_archive.pdf, page 236>
Package pdftex.def Info: rigidity_v102_archive.pdf , page236 used on input line
 7.
(pdftex.def)             Requested size: 562.12285pt x 795.00201pt.
File: rigidity_v102_archive.pdf Graphic file (type pdf)
<use rigidity_v102_archive.pdf, page 236>
Package pdftex.def Info: rigidity_v102_archive.pdf , page236 used on input line
 7.
(pdftex.def)             Requested size: 562.12285pt x 795.00201pt.
File: rigidity_v102_archive.pdf Graphic file (type pdf)
<use rigidity_v102_archive.pdf, page 236>
Package pdftex.def Info: rigidity_v102_archive.pdf , page236 used on input line
 7.
(pdftex.def)             Requested size: 562.12285pt x 795.00201pt.
 [249

 <./rigidity_v102_archive.pdf>]
<rigidity_v102_archive.pdf, id=3170, page=237, 597.50829pt x 845.0471pt>
File: rigidity_v102_archive.pdf Graphic file (type pdf)
<use rigidity_v102_archive.pdf, page 237>
Package pdftex.def Info: rigidity_v102_archive.pdf , page237 used on input line
 7.
(pdftex.def)             Requested size: 562.12285pt x 795.00201pt.
File: rigidity_v102_archive.pdf Graphic file (type pdf)
<use rigidity_v102_archive.pdf, page 237>
Package pdftex.def Info: rigidity_v102_archive.pdf , page237 used on input line
 7.
(pdftex.def)             Requested size: 562.12285pt x 795.00201pt.
File: rigidity_v102_archive.pdf Graphic file (type pdf)
<use rigidity_v102_archive.pdf, page 237>
Package pdftex.def Info: rigidity_v102_archive.pdf , page237 used on input line
 7.
(pdftex.def)             Requested size: 562.12285pt x 795.00201pt.

[250

 <./rigidity_v102_archive.pdf>]
<rigidity_v102_archive.pdf, id=3180, page=238, 597.50829pt x 845.0471pt>
File: rigidity_v102_archive.pdf Graphic file (type pdf)
<use rigidity_v102_archive.pdf, page 238>
Package pdftex.def Info: rigidity_v102_archive.pdf , page238 used on input line
 7.
(pdftex.def)             Requested size: 562.12285pt x 795.00201pt.
File: rigidity_v102_archive.pdf Graphic file (type pdf)
<use rigidity_v102_archive.pdf, page 238>
Package pdftex.def Info: rigidity_v102_archive.pdf , page238 used on input line
 7.
(pdftex.def)             Requested size: 562.12285pt x 795.00201pt.
File: rigidity_v102_archive.pdf Graphic file (type pdf)
<use rigidity_v102_archive.pdf, page 238>
Package pdftex.def Info: rigidity_v102_archive.pdf , page238 used on input line
 7.
(pdftex.def)             Requested size: 562.12285pt x 795.00201pt.
 [251

 <./rigidity_v102_archive.pdf>]
<rigidity_v102_archive.pdf, id=3190, page=239, 597.50829pt x 845.0471pt>
File: rigidity_v102_archive.pdf Graphic file (type pdf)
<use rigidity_v102_archive.pdf, page 239>
Package pdftex.def Info: rigidity_v102_archive.pdf , page239 used on input line
 7.
(pdftex.def)             Requested size: 562.12285pt x 795.00201pt.
File: rigidity_v102_archive.pdf Graphic file (type pdf)
<use rigidity_v102_archive.pdf, page 239>
Package pdftex.def Info: rigidity_v102_archive.pdf , page239 used on input line
 7.
(pdftex.def)             Requested size: 562.12285pt x 795.00201pt.
File: rigidity_v102_archive.pdf Graphic file (type pdf)
<use rigidity_v102_archive.pdf, page 239>
Package pdftex.def Info: rigidity_v102_archive.pdf , page239 used on input line
 7.
(pdftex.def)             Requested size: 562.12285pt x 795.00201pt.

[252

 <./rigidity_v102_archive.pdf>]
<rigidity_v102_archive.pdf, id=3200, page=240, 597.50829pt x 845.0471pt>
File: rigidity_v102_archive.pdf Graphic file (type pdf)
<use rigidity_v102_archive.pdf, page 240>
Package pdftex.def Info: rigidity_v102_archive.pdf , page240 used on input line
 7.
(pdftex.def)             Requested size: 562.12285pt x 795.00201pt.
File: rigidity_v102_archive.pdf Graphic file (type pdf)
<use rigidity_v102_archive.pdf, page 240>
Package pdftex.def Info: rigidity_v102_archive.pdf , page240 used on input line
 7.
(pdftex.def)             Requested size: 562.12285pt x 795.00201pt.
File: rigidity_v102_archive.pdf Graphic file (type pdf)
<use rigidity_v102_archive.pdf, page 240>
Package pdftex.def Info: rigidity_v102_archive.pdf , page240 used on input line
 7.
(pdftex.def)             Requested size: 562.12285pt x 795.00201pt.
 [253

 <./rigidity_v102_archive.pdf>]
<rigidity_v102_archive.pdf, id=3211, page=241, 597.50829pt x 845.0471pt>
File: rigidity_v102_archive.pdf Graphic file (type pdf)
<use rigidity_v102_archive.pdf, page 241>
Package pdftex.def Info: rigidity_v102_archive.pdf , page241 used on input line
 7.
(pdftex.def)             Requested size: 562.12285pt x 795.00201pt.
File: rigidity_v102_archive.pdf Graphic file (type pdf)
<use rigidity_v102_archive.pdf, page 241>
Package pdftex.def Info: rigidity_v102_archive.pdf , page241 used on input line
 7.
(pdftex.def)             Requested size: 562.12285pt x 795.00201pt.
File: rigidity_v102_archive.pdf Graphic file (type pdf)
<use rigidity_v102_archive.pdf, page 241>
Package pdftex.def Info: rigidity_v102_archive.pdf , page241 used on input line
 7.
(pdftex.def)             Requested size: 562.12285pt x 795.00201pt.

[254

 <./rigidity_v102_archive.pdf>]
<rigidity_v102_archive.pdf, id=3225, page=242, 597.50829pt x 845.0471pt>
File: rigidity_v102_archive.pdf Graphic file (type pdf)
<use rigidity_v102_archive.pdf, page 242>
Package pdftex.def Info: rigidity_v102_archive.pdf , page242 used on input line
 7.
(pdftex.def)             Requested size: 562.12285pt x 795.00201pt.
File: rigidity_v102_archive.pdf Graphic file (type pdf)
<use rigidity_v102_archive.pdf, page 242>
Package pdftex.def Info: rigidity_v102_archive.pdf , page242 used on input line
 7.
(pdftex.def)             Requested size: 562.12285pt x 795.00201pt.
File: rigidity_v102_archive.pdf Graphic file (type pdf)
<use rigidity_v102_archive.pdf, page 242>
Package pdftex.def Info: rigidity_v102_archive.pdf , page242 used on input line
 7.
(pdftex.def)             Requested size: 562.12285pt x 795.00201pt.
 [255

 <./rigidity_v102_archive.pdf>]
<rigidity_v102_archive.pdf, id=3235, page=243, 597.50829pt x 845.0471pt>
File: rigidity_v102_archive.pdf Graphic file (type pdf)
<use rigidity_v102_archive.pdf, page 243>
Package pdftex.def Info: rigidity_v102_archive.pdf , page243 used on input line
 7.
(pdftex.def)             Requested size: 562.12285pt x 795.00201pt.
File: rigidity_v102_archive.pdf Graphic file (type pdf)
<use rigidity_v102_archive.pdf, page 243>
Package pdftex.def Info: rigidity_v102_archive.pdf , page243 used on input line
 7.
(pdftex.def)             Requested size: 562.12285pt x 795.00201pt.
File: rigidity_v102_archive.pdf Graphic file (type pdf)
<use rigidity_v102_archive.pdf, page 243>
Package pdftex.def Info: rigidity_v102_archive.pdf , page243 used on input line
 7.
(pdftex.def)             Requested size: 562.12285pt x 795.00201pt.

[256

 <./rigidity_v102_archive.pdf>]
<rigidity_v102_archive.pdf, id=3245, page=244, 597.50829pt x 845.0471pt>
File: rigidity_v102_archive.pdf Graphic file (type pdf)
<use rigidity_v102_archive.pdf, page 244>
Package pdftex.def Info: rigidity_v102_archive.pdf , page244 used on input line
 7.
(pdftex.def)             Requested size: 562.12285pt x 795.00201pt.
File: rigidity_v102_archive.pdf Graphic file (type pdf)
<use rigidity_v102_archive.pdf, page 244>
Package pdftex.def Info: rigidity_v102_archive.pdf , page244 used on input line
 7.
(pdftex.def)             Requested size: 562.12285pt x 795.00201pt.
File: rigidity_v102_archive.pdf Graphic file (type pdf)
<use rigidity_v102_archive.pdf, page 244>
Package pdftex.def Info: rigidity_v102_archive.pdf , page244 used on input line
 7.
(pdftex.def)             Requested size: 562.12285pt x 795.00201pt.
 [257

 <./rigidity_v102_archive.pdf>]
<rigidity_v102_archive.pdf, id=3255, page=245, 597.50829pt x 845.0471pt>
File: rigidity_v102_archive.pdf Graphic file (type pdf)
<use rigidity_v102_archive.pdf, page 245>
Package pdftex.def Info: rigidity_v102_archive.pdf , page245 used on input line
 7.
(pdftex.def)             Requested size: 562.12285pt x 795.00201pt.
File: rigidity_v102_archive.pdf Graphic file (type pdf)
<use rigidity_v102_archive.pdf, page 245>
Package pdftex.def Info: rigidity_v102_archive.pdf , page245 used on input line
 7.
(pdftex.def)             Requested size: 562.12285pt x 795.00201pt.
File: rigidity_v102_archive.pdf Graphic file (type pdf)
<use rigidity_v102_archive.pdf, page 245>
Package pdftex.def Info: rigidity_v102_archive.pdf , page245 used on input line
 7.
(pdftex.def)             Requested size: 562.12285pt x 795.00201pt.

[258

 <./rigidity_v102_archive.pdf>]
<rigidity_v102_archive.pdf, id=3265, page=246, 597.50829pt x 845.0471pt>
File: rigidity_v102_archive.pdf Graphic file (type pdf)
<use rigidity_v102_archive.pdf, page 246>
Package pdftex.def Info: rigidity_v102_archive.pdf , page246 used on input line
 7.
(pdftex.def)             Requested size: 562.12285pt x 795.00201pt.
File: rigidity_v102_archive.pdf Graphic file (type pdf)
<use rigidity_v102_archive.pdf, page 246>
Package pdftex.def Info: rigidity_v102_archive.pdf , page246 used on input line
 7.
(pdftex.def)             Requested size: 562.12285pt x 795.00201pt.
File: rigidity_v102_archive.pdf Graphic file (type pdf)
<use rigidity_v102_archive.pdf, page 246>
Package pdftex.def Info: rigidity_v102_archive.pdf , page246 used on input line
 7.
(pdftex.def)             Requested size: 562.12285pt x 795.00201pt.
 [259

 <./rigidity_v102_archive.pdf>]
<rigidity_v102_archive.pdf, id=3276, page=247, 597.50829pt x 845.0471pt>
File: rigidity_v102_archive.pdf Graphic file (type pdf)
<use rigidity_v102_archive.pdf, page 247>
Package pdftex.def Info: rigidity_v102_archive.pdf , page247 used on input line
 7.
(pdftex.def)             Requested size: 562.12285pt x 795.00201pt.
File: rigidity_v102_archive.pdf Graphic file (type pdf)
<use rigidity_v102_archive.pdf, page 247>
Package pdftex.def Info: rigidity_v102_archive.pdf , page247 used on input line
 7.
(pdftex.def)             Requested size: 562.12285pt x 795.00201pt.
File: rigidity_v102_archive.pdf Graphic file (type pdf)
<use rigidity_v102_archive.pdf, page 247>
Package pdftex.def Info: rigidity_v102_archive.pdf , page247 used on input line
 7.
(pdftex.def)             Requested size: 562.12285pt x 795.00201pt.

[260

 <./rigidity_v102_archive.pdf>]
<rigidity_v102_archive.pdf, id=3286, page=248, 597.50829pt x 845.0471pt>
File: rigidity_v102_archive.pdf Graphic file (type pdf)
<use rigidity_v102_archive.pdf, page 248>
Package pdftex.def Info: rigidity_v102_archive.pdf , page248 used on input line
 7.
(pdftex.def)             Requested size: 562.12285pt x 795.00201pt.
File: rigidity_v102_archive.pdf Graphic file (type pdf)
<use rigidity_v102_archive.pdf, page 248>
Package pdftex.def Info: rigidity_v102_archive.pdf , page248 used on input line
 7.
(pdftex.def)             Requested size: 562.12285pt x 795.00201pt.
File: rigidity_v102_archive.pdf Graphic file (type pdf)
<use rigidity_v102_archive.pdf, page 248>
Package pdftex.def Info: rigidity_v102_archive.pdf , page248 used on input line
 7.
(pdftex.def)             Requested size: 562.12285pt x 795.00201pt.
 [261

 <./rigidity_v102_archive.pdf>]
<rigidity_v102_archive.pdf, id=3296, page=249, 597.50829pt x 845.0471pt>
File: rigidity_v102_archive.pdf Graphic file (type pdf)
<use rigidity_v102_archive.pdf, page 249>
Package pdftex.def Info: rigidity_v102_archive.pdf , page249 used on input line
 7.
(pdftex.def)             Requested size: 562.12285pt x 795.00201pt.
File: rigidity_v102_archive.pdf Graphic file (type pdf)
<use rigidity_v102_archive.pdf, page 249>
Package pdftex.def Info: rigidity_v102_archive.pdf , page249 used on input line
 7.
(pdftex.def)             Requested size: 562.12285pt x 795.00201pt.
File: rigidity_v102_archive.pdf Graphic file (type pdf)
<use rigidity_v102_archive.pdf, page 249>
Package pdftex.def Info: rigidity_v102_archive.pdf , page249 used on input line
 7.
(pdftex.def)             Requested size: 562.12285pt x 795.00201pt.

[262

 <./rigidity_v102_archive.pdf>]
<rigidity_v102_archive.pdf, id=3306, page=250, 597.50829pt x 845.0471pt>
File: rigidity_v102_archive.pdf Graphic file (type pdf)
<use rigidity_v102_archive.pdf, page 250>
Package pdftex.def Info: rigidity_v102_archive.pdf , page250 used on input line
 7.
(pdftex.def)             Requested size: 562.12285pt x 795.00201pt.
File: rigidity_v102_archive.pdf Graphic file (type pdf)
<use rigidity_v102_archive.pdf, page 250>
Package pdftex.def Info: rigidity_v102_archive.pdf , page250 used on input line
 7.
(pdftex.def)             Requested size: 562.12285pt x 795.00201pt.
File: rigidity_v102_archive.pdf Graphic file (type pdf)
<use rigidity_v102_archive.pdf, page 250>
Package pdftex.def Info: rigidity_v102_archive.pdf , page250 used on input line
 7.
(pdftex.def)             Requested size: 562.12285pt x 795.00201pt.
 [263

 <./rigidity_v102_archive.pdf>]
<rigidity_v102_archive.pdf, id=3317, page=251, 597.50829pt x 845.0471pt>
File: rigidity_v102_archive.pdf Graphic file (type pdf)
<use rigidity_v102_archive.pdf, page 251>
Package pdftex.def Info: rigidity_v102_archive.pdf , page251 used on input line
 7.
(pdftex.def)             Requested size: 562.12285pt x 795.00201pt.
File: rigidity_v102_archive.pdf Graphic file (type pdf)
<use rigidity_v102_archive.pdf, page 251>
Package pdftex.def Info: rigidity_v102_archive.pdf , page251 used on input line
 7.
(pdftex.def)             Requested size: 562.12285pt x 795.00201pt.
File: rigidity_v102_archive.pdf Graphic file (type pdf)
<use rigidity_v102_archive.pdf, page 251>
Package pdftex.def Info: rigidity_v102_archive.pdf , page251 used on input line
 7.
(pdftex.def)             Requested size: 562.12285pt x 795.00201pt.

[264

 <./rigidity_v102_archive.pdf>]
<rigidity_v102_archive.pdf, id=3327, page=252, 597.50829pt x 845.0471pt>
File: rigidity_v102_archive.pdf Graphic file (type pdf)
<use rigidity_v102_archive.pdf, page 252>
Package pdftex.def Info: rigidity_v102_archive.pdf , page252 used on input line
 7.
(pdftex.def)             Requested size: 562.12285pt x 795.00201pt.
File: rigidity_v102_archive.pdf Graphic file (type pdf)
<use rigidity_v102_archive.pdf, page 252>
Package pdftex.def Info: rigidity_v102_archive.pdf , page252 used on input line
 7.
(pdftex.def)             Requested size: 562.12285pt x 795.00201pt.
File: rigidity_v102_archive.pdf Graphic file (type pdf)
<use rigidity_v102_archive.pdf, page 252>
Package pdftex.def Info: rigidity_v102_archive.pdf , page252 used on input line
 7.
(pdftex.def)             Requested size: 562.12285pt x 795.00201pt.
 [265

 <./rigidity_v102_archive.pdf>]
<rigidity_v102_archive.pdf, id=3338, page=253, 597.50829pt x 845.0471pt>
File: rigidity_v102_archive.pdf Graphic file (type pdf)
<use rigidity_v102_archive.pdf, page 253>
Package pdftex.def Info: rigidity_v102_archive.pdf , page253 used on input line
 7.
(pdftex.def)             Requested size: 562.12285pt x 795.00201pt.
File: rigidity_v102_archive.pdf Graphic file (type pdf)
<use rigidity_v102_archive.pdf, page 253>
Package pdftex.def Info: rigidity_v102_archive.pdf , page253 used on input line
 7.
(pdftex.def)             Requested size: 562.12285pt x 795.00201pt.
File: rigidity_v102_archive.pdf Graphic file (type pdf)
<use rigidity_v102_archive.pdf, page 253>
Package pdftex.def Info: rigidity_v102_archive.pdf , page253 used on input line
 7.
(pdftex.def)             Requested size: 562.12285pt x 795.00201pt.

[266

 <./rigidity_v102_archive.pdf>]
<rigidity_v102_archive.pdf, id=3348, page=254, 597.50829pt x 845.0471pt>
File: rigidity_v102_archive.pdf Graphic file (type pdf)
<use rigidity_v102_archive.pdf, page 254>
Package pdftex.def Info: rigidity_v102_archive.pdf , page254 used on input line
 7.
(pdftex.def)             Requested size: 562.12285pt x 795.00201pt.
File: rigidity_v102_archive.pdf Graphic file (type pdf)
<use rigidity_v102_archive.pdf, page 254>
Package pdftex.def Info: rigidity_v102_archive.pdf , page254 used on input line
 7.
(pdftex.def)             Requested size: 562.12285pt x 795.00201pt.
File: rigidity_v102_archive.pdf Graphic file (type pdf)
<use rigidity_v102_archive.pdf, page 254>
Package pdftex.def Info: rigidity_v102_archive.pdf , page254 used on input line
 7.
(pdftex.def)             Requested size: 562.12285pt x 795.00201pt.
 [267

 <./rigidity_v102_archive.pdf>]
<rigidity_v102_archive.pdf, id=3358, page=255, 597.50829pt x 845.0471pt>
File: rigidity_v102_archive.pdf Graphic file (type pdf)
<use rigidity_v102_archive.pdf, page 255>
Package pdftex.def Info: rigidity_v102_archive.pdf , page255 used on input line
 7.
(pdftex.def)             Requested size: 562.12285pt x 795.00201pt.
File: rigidity_v102_archive.pdf Graphic file (type pdf)
<use rigidity_v102_archive.pdf, page 255>
Package pdftex.def Info: rigidity_v102_archive.pdf , page255 used on input line
 7.
(pdftex.def)             Requested size: 562.12285pt x 795.00201pt.
File: rigidity_v102_archive.pdf Graphic file (type pdf)
<use rigidity_v102_archive.pdf, page 255>
Package pdftex.def Info: rigidity_v102_archive.pdf , page255 used on input line
 7.
(pdftex.def)             Requested size: 562.12285pt x 795.00201pt.

[268

 <./rigidity_v102_archive.pdf>]
<rigidity_v102_archive.pdf, id=3368, page=256, 597.50829pt x 845.0471pt>
File: rigidity_v102_archive.pdf Graphic file (type pdf)
<use rigidity_v102_archive.pdf, page 256>
Package pdftex.def Info: rigidity_v102_archive.pdf , page256 used on input line
 7.
(pdftex.def)             Requested size: 562.12285pt x 795.00201pt.
File: rigidity_v102_archive.pdf Graphic file (type pdf)
<use rigidity_v102_archive.pdf, page 256>
Package pdftex.def Info: rigidity_v102_archive.pdf , page256 used on input line
 7.
(pdftex.def)             Requested size: 562.12285pt x 795.00201pt.
File: rigidity_v102_archive.pdf Graphic file (type pdf)
<use rigidity_v102_archive.pdf, page 256>
Package pdftex.def Info: rigidity_v102_archive.pdf , page256 used on input line
 7.
(pdftex.def)             Requested size: 562.12285pt x 795.00201pt.
 [269

 <./rigidity_v102_archive.pdf>]
<rigidity_v102_archive.pdf, id=3378, page=257, 597.50829pt x 845.0471pt>
File: rigidity_v102_archive.pdf Graphic file (type pdf)
<use rigidity_v102_archive.pdf, page 257>
Package pdftex.def Info: rigidity_v102_archive.pdf , page257 used on input line
 7.
(pdftex.def)             Requested size: 562.12285pt x 795.00201pt.
File: rigidity_v102_archive.pdf Graphic file (type pdf)
<use rigidity_v102_archive.pdf, page 257>
Package pdftex.def Info: rigidity_v102_archive.pdf , page257 used on input line
 7.
(pdftex.def)             Requested size: 562.12285pt x 795.00201pt.
File: rigidity_v102_archive.pdf Graphic file (type pdf)
<use rigidity_v102_archive.pdf, page 257>
Package pdftex.def Info: rigidity_v102_archive.pdf , page257 used on input line
 7.
(pdftex.def)             Requested size: 562.12285pt x 795.00201pt.

[270

 <./rigidity_v102_archive.pdf>]
<rigidity_v102_archive.pdf, id=3388, page=258, 597.50829pt x 845.0471pt>
File: rigidity_v102_archive.pdf Graphic file (type pdf)
<use rigidity_v102_archive.pdf, page 258>
Package pdftex.def Info: rigidity_v102_archive.pdf , page258 used on input line
 7.
(pdftex.def)             Requested size: 562.12285pt x 795.00201pt.
File: rigidity_v102_archive.pdf Graphic file (type pdf)
<use rigidity_v102_archive.pdf, page 258>
Package pdftex.def Info: rigidity_v102_archive.pdf , page258 used on input line
 7.
(pdftex.def)             Requested size: 562.12285pt x 795.00201pt.
File: rigidity_v102_archive.pdf Graphic file (type pdf)
<use rigidity_v102_archive.pdf, page 258>
Package pdftex.def Info: rigidity_v102_archive.pdf , page258 used on input line
 7.
(pdftex.def)             Requested size: 562.12285pt x 795.00201pt.
 [271

 <./rigidity_v102_archive.pdf>]
<rigidity_v102_archive.pdf, id=3399, page=259, 597.50829pt x 845.0471pt>
File: rigidity_v102_archive.pdf Graphic file (type pdf)
<use rigidity_v102_archive.pdf, page 259>
Package pdftex.def Info: rigidity_v102_archive.pdf , page259 used on input line
 7.
(pdftex.def)             Requested size: 562.12285pt x 795.00201pt.
File: rigidity_v102_archive.pdf Graphic file (type pdf)
<use rigidity_v102_archive.pdf, page 259>
Package pdftex.def Info: rigidity_v102_archive.pdf , page259 used on input line
 7.
(pdftex.def)             Requested size: 562.12285pt x 795.00201pt.
File: rigidity_v102_archive.pdf Graphic file (type pdf)
<use rigidity_v102_archive.pdf, page 259>
Package pdftex.def Info: rigidity_v102_archive.pdf , page259 used on input line
 7.
(pdftex.def)             Requested size: 562.12285pt x 795.00201pt.

[272

 <./rigidity_v102_archive.pdf>]
<rigidity_v102_archive.pdf, id=3409, page=260, 597.50829pt x 845.0471pt>
File: rigidity_v102_archive.pdf Graphic file (type pdf)
<use rigidity_v102_archive.pdf, page 260>
Package pdftex.def Info: rigidity_v102_archive.pdf , page260 used on input line
 7.
(pdftex.def)             Requested size: 562.12285pt x 795.00201pt.
File: rigidity_v102_archive.pdf Graphic file (type pdf)
<use rigidity_v102_archive.pdf, page 260>
Package pdftex.def Info: rigidity_v102_archive.pdf , page260 used on input line
 7.
(pdftex.def)             Requested size: 562.12285pt x 795.00201pt.
File: rigidity_v102_archive.pdf Graphic file (type pdf)
<use rigidity_v102_archive.pdf, page 260>
Package pdftex.def Info: rigidity_v102_archive.pdf , page260 used on input line
 7.
(pdftex.def)             Requested size: 562.12285pt x 795.00201pt.
 [273

 <./rigidity_v102_archive.pdf>]
<rigidity_v102_archive.pdf, id=3419, page=261, 597.50829pt x 845.0471pt>
File: rigidity_v102_archive.pdf Graphic file (type pdf)
<use rigidity_v102_archive.pdf, page 261>
Package pdftex.def Info: rigidity_v102_archive.pdf , page261 used on input line
 7.
(pdftex.def)             Requested size: 562.12285pt x 795.00201pt.
File: rigidity_v102_archive.pdf Graphic file (type pdf)
<use rigidity_v102_archive.pdf, page 261>
Package pdftex.def Info: rigidity_v102_archive.pdf , page261 used on input line
 7.
(pdftex.def)             Requested size: 562.12285pt x 795.00201pt.
File: rigidity_v102_archive.pdf Graphic file (type pdf)
<use rigidity_v102_archive.pdf, page 261>
Package pdftex.def Info: rigidity_v102_archive.pdf , page261 used on input line
 7.
(pdftex.def)             Requested size: 562.12285pt x 795.00201pt.

[274

 <./rigidity_v102_archive.pdf>]
<rigidity_v102_archive.pdf, id=3429, page=262, 597.50829pt x 845.0471pt>
File: rigidity_v102_archive.pdf Graphic file (type pdf)
<use rigidity_v102_archive.pdf, page 262>
Package pdftex.def Info: rigidity_v102_archive.pdf , page262 used on input line
 7.
(pdftex.def)             Requested size: 562.12285pt x 795.00201pt.
File: rigidity_v102_archive.pdf Graphic file (type pdf)
<use rigidity_v102_archive.pdf, page 262>
Package pdftex.def Info: rigidity_v102_archive.pdf , page262 used on input line
 7.
(pdftex.def)             Requested size: 562.12285pt x 795.00201pt.
File: rigidity_v102_archive.pdf Graphic file (type pdf)
<use rigidity_v102_archive.pdf, page 262>
Package pdftex.def Info: rigidity_v102_archive.pdf , page262 used on input line
 7.
(pdftex.def)             Requested size: 562.12285pt x 795.00201pt.
 [275

 <./rigidity_v102_archive.pdf>]
<rigidity_v102_archive.pdf, id=3439, page=263, 597.50829pt x 845.0471pt>
File: rigidity_v102_archive.pdf Graphic file (type pdf)
<use rigidity_v102_archive.pdf, page 263>
Package pdftex.def Info: rigidity_v102_archive.pdf , page263 used on input line
 7.
(pdftex.def)             Requested size: 562.12285pt x 795.00201pt.
File: rigidity_v102_archive.pdf Graphic file (type pdf)
<use rigidity_v102_archive.pdf, page 263>
Package pdftex.def Info: rigidity_v102_archive.pdf , page263 used on input line
 7.
(pdftex.def)             Requested size: 562.12285pt x 795.00201pt.
File: rigidity_v102_archive.pdf Graphic file (type pdf)
<use rigidity_v102_archive.pdf, page 263>
Package pdftex.def Info: rigidity_v102_archive.pdf , page263 used on input line
 7.
(pdftex.def)             Requested size: 562.12285pt x 795.00201pt.

[276

 <./rigidity_v102_archive.pdf>]
<rigidity_v102_archive.pdf, id=3449, page=264, 597.50829pt x 845.0471pt>
File: rigidity_v102_archive.pdf Graphic file (type pdf)
<use rigidity_v102_archive.pdf, page 264>
Package pdftex.def Info: rigidity_v102_archive.pdf , page264 used on input line
 7.
(pdftex.def)             Requested size: 562.12285pt x 795.00201pt.
File: rigidity_v102_archive.pdf Graphic file (type pdf)
<use rigidity_v102_archive.pdf, page 264>
Package pdftex.def Info: rigidity_v102_archive.pdf , page264 used on input line
 7.
(pdftex.def)             Requested size: 562.12285pt x 795.00201pt.
File: rigidity_v102_archive.pdf Graphic file (type pdf)
<use rigidity_v102_archive.pdf, page 264>
Package pdftex.def Info: rigidity_v102_archive.pdf , page264 used on input line
 7.
(pdftex.def)             Requested size: 562.12285pt x 795.00201pt.
 [277

 <./rigidity_v102_archive.pdf>]
<rigidity_v102_archive.pdf, id=3460, page=265, 597.50829pt x 845.0471pt>
File: rigidity_v102_archive.pdf Graphic file (type pdf)
<use rigidity_v102_archive.pdf, page 265>
Package pdftex.def Info: rigidity_v102_archive.pdf , page265 used on input line
 7.
(pdftex.def)             Requested size: 562.12285pt x 795.00201pt.
File: rigidity_v102_archive.pdf Graphic file (type pdf)
<use rigidity_v102_archive.pdf, page 265>
Package pdftex.def Info: rigidity_v102_archive.pdf , page265 used on input line
 7.
(pdftex.def)             Requested size: 562.12285pt x 795.00201pt.
File: rigidity_v102_archive.pdf Graphic file (type pdf)
<use rigidity_v102_archive.pdf, page 265>
Package pdftex.def Info: rigidity_v102_archive.pdf , page265 used on input line
 7.
(pdftex.def)             Requested size: 562.12285pt x 795.00201pt.

[278

 <./rigidity_v102_archive.pdf>]
<rigidity_v102_archive.pdf, id=3470, page=266, 597.50829pt x 845.0471pt>
File: rigidity_v102_archive.pdf Graphic file (type pdf)
<use rigidity_v102_archive.pdf, page 266>
Package pdftex.def Info: rigidity_v102_archive.pdf , page266 used on input line
 7.
(pdftex.def)             Requested size: 562.12285pt x 795.00201pt.
File: rigidity_v102_archive.pdf Graphic file (type pdf)
<use rigidity_v102_archive.pdf, page 266>
Package pdftex.def Info: rigidity_v102_archive.pdf , page266 used on input line
 7.
(pdftex.def)             Requested size: 562.12285pt x 795.00201pt.
File: rigidity_v102_archive.pdf Graphic file (type pdf)
<use rigidity_v102_archive.pdf, page 266>
Package pdftex.def Info: rigidity_v102_archive.pdf , page266 used on input line
 7.
(pdftex.def)             Requested size: 562.12285pt x 795.00201pt.
 [279

 <./rigidity_v102_archive.pdf>]
<rigidity_v102_archive.pdf, id=3480, page=267, 597.50829pt x 845.0471pt>
File: rigidity_v102_archive.pdf Graphic file (type pdf)
<use rigidity_v102_archive.pdf, page 267>
Package pdftex.def Info: rigidity_v102_archive.pdf , page267 used on input line
 7.
(pdftex.def)             Requested size: 562.12285pt x 795.00201pt.
File: rigidity_v102_archive.pdf Graphic file (type pdf)
<use rigidity_v102_archive.pdf, page 267>
Package pdftex.def Info: rigidity_v102_archive.pdf , page267 used on input line
 7.
(pdftex.def)             Requested size: 562.12285pt x 795.00201pt.
File: rigidity_v102_archive.pdf Graphic file (type pdf)
<use rigidity_v102_archive.pdf, page 267>
Package pdftex.def Info: rigidity_v102_archive.pdf , page267 used on input line
 7.
(pdftex.def)             Requested size: 562.12285pt x 795.00201pt.

[280

 <./rigidity_v102_archive.pdf>]
<rigidity_v102_archive.pdf, id=3490, page=268, 597.50829pt x 845.0471pt>
File: rigidity_v102_archive.pdf Graphic file (type pdf)
<use rigidity_v102_archive.pdf, page 268>
Package pdftex.def Info: rigidity_v102_archive.pdf , page268 used on input line
 7.
(pdftex.def)             Requested size: 562.12285pt x 795.00201pt.
File: rigidity_v102_archive.pdf Graphic file (type pdf)
<use rigidity_v102_archive.pdf, page 268>
Package pdftex.def Info: rigidity_v102_archive.pdf , page268 used on input line
 7.
(pdftex.def)             Requested size: 562.12285pt x 795.00201pt.
File: rigidity_v102_archive.pdf Graphic file (type pdf)
<use rigidity_v102_archive.pdf, page 268>
Package pdftex.def Info: rigidity_v102_archive.pdf , page268 used on input line
 7.
(pdftex.def)             Requested size: 562.12285pt x 795.00201pt.
 [281

 <./rigidity_v102_archive.pdf>]
<rigidity_v102_archive.pdf, id=3500, page=269, 597.50829pt x 845.0471pt>
File: rigidity_v102_archive.pdf Graphic file (type pdf)
<use rigidity_v102_archive.pdf, page 269>
Package pdftex.def Info: rigidity_v102_archive.pdf , page269 used on input line
 7.
(pdftex.def)             Requested size: 562.12285pt x 795.00201pt.
File: rigidity_v102_archive.pdf Graphic file (type pdf)
<use rigidity_v102_archive.pdf, page 269>
Package pdftex.def Info: rigidity_v102_archive.pdf , page269 used on input line
 7.
(pdftex.def)             Requested size: 562.12285pt x 795.00201pt.
File: rigidity_v102_archive.pdf Graphic file (type pdf)
<use rigidity_v102_archive.pdf, page 269>
Package pdftex.def Info: rigidity_v102_archive.pdf , page269 used on input line
 7.
(pdftex.def)             Requested size: 562.12285pt x 795.00201pt.

[282

 <./rigidity_v102_archive.pdf>]
<rigidity_v102_archive.pdf, id=3514, page=270, 597.50829pt x 845.0471pt>
File: rigidity_v102_archive.pdf Graphic file (type pdf)
<use rigidity_v102_archive.pdf, page 270>
Package pdftex.def Info: rigidity_v102_archive.pdf , page270 used on input line
 7.
(pdftex.def)             Requested size: 562.12285pt x 795.00201pt.
File: rigidity_v102_archive.pdf Graphic file (type pdf)
<use rigidity_v102_archive.pdf, page 270>
Package pdftex.def Info: rigidity_v102_archive.pdf , page270 used on input line
 7.
(pdftex.def)             Requested size: 562.12285pt x 795.00201pt.
File: rigidity_v102_archive.pdf Graphic file (type pdf)
<use rigidity_v102_archive.pdf, page 270>
Package pdftex.def Info: rigidity_v102_archive.pdf , page270 used on input line
 7.
(pdftex.def)             Requested size: 562.12285pt x 795.00201pt.
 [283

 <./rigidity_v102_archive.pdf>]
(./rigidity_v103_archive.aux)
 ***********
LaTeX2e <2023-11-01> patch level 1
L3 programming layer <2024-01-22>
 ***********
Package rerunfilecheck Info: File `rigidity_v103_archive.out' has not changed.
(rerunfilecheck)             Checksum: D41D8CD98F00B204E9800998ECF8427E;0.
 ) ) 
Here is how much of TeX's memory you used:
 10771 strings out of 476182
 190205 string characters out of 5795595
 1924975 words of memory out of 5000000
 32392 multiletter control sequences out of 15000+600000
 558369 words of font info for 37 fonts, out of 8000000 for 9000
 14 hyphenation exceptions out of 8191
 80i,17n,82p,393b,569s stack positions out of 10000i,1000n,20000p,200000b,200000s
</usr/share/texmf/fonts/type1/public/lm/lmbx10.pfb></usr/share/texmf/fonts/
type1/public/lm/lmcsc10.pfb></usr/share/texmf/fonts/type1/public/lm/lmex10.pfb>
</usr/share/texmf/fonts/type1/public/lm/lmmi10.pfb></usr/share/texmf/fonts/type
1/public/lm/lmmi6.pfb></usr/share/texmf/fonts/type1/public/lm/lmmi8.pfb></usr/s
hare/texmf/fonts/type1/public/lm/lmr10.pfb></usr/share/texmf/fonts/type1/public
/lm/lmr6.pfb></usr/share/texmf/fonts/type1/public/lm/lmr8.pfb></usr/share/texmf
/fonts/type1/public/lm/lmr9.pfb></usr/share/texmf/fonts/type1/public/lm/lmri10.
pfb></usr/share/texmf/fonts/type1/public/lm/lmri9.pfb></usr/share/texmf/fonts/t
ype1/public/lm/lmss8.pfb></usr/share/texmf/fonts/type1/public/lm/lmsy10.pfb></u
sr/share/texmf/fonts/type1/public/lm/lmsy6.pfb></usr/share/texmf/fonts/type1/pu
blic/lm/lmsy8.pfb></usr/share/texlive/texmf-dist/fonts/type1/public/amsfonts/sy
mbols/msam10.pfb></usr/share/texlive/texmf-dist/fonts/type1/public/amsfonts/sym
bols/msbm10.pfb></usr/share/texlive/texmf-dist/fonts/type1/public/rsfs/rsfs10.p
fb>
Output written on rigidity_v103_archive.pdf (283 pages, 4417921 bytes).
PDF statistics:
 3619 PDF objects out of 4296 (max. 8388607)
 1823 compressed objects within 19 object streams
 284 named destinations out of 1000 (max. 500000)
 1446 words of extra memory for PDF output out of 10000 (max. 10000000)

