This is pdfTeX, Version 3.141592653-2.6-1.40.25 (TeX Live 2023/Debian) (preloaded format=pdflatex 2026.9.20)  20 SEP 2026 19:08
entering extended mode
 restricted \write18 enabled.
 file:line:error style messages enabled.
 %&-line parsing enabled.
**rigidity_v102_archive.tex
(./rigidity_v102_archive.tex
LaTeX2e <2023-11-01> patch level 1
L3 programming layer <2024-01-22>
(./rigidity_v101_complete.tex
(/usr/share/texlive/texmf-dist/tex/latex/base/article.cls
Document Class: article 2023/05/17 v1.4n Standard LaTeX document class
(/usr/share/texlive/texmf-dist/tex/latex/base/size10.clo
File: size10.clo 2023/05/17 v1.4n Standard LaTeX file (size option)
)
\c@part=\count187
\c@section=\count188
\c@subsection=\count189
\c@subsubsection=\count190
\c@paragraph=\count191
\c@subparagraph=\count192
\c@figure=\count193
\c@table=\count194
\abovecaptionskip=\skip48
\belowcaptionskip=\skip49
\bibindent=\dimen140
)
(/usr/share/texlive/texmf-dist/tex/latex/pdfpages/pdfpages.sty
Package: pdfpages 2024/01/21 v0.5y Insert pages of external PDF documents (AM)

(/usr/share/texlive/texmf-dist/tex/latex/base/ifthen.sty
Package: ifthen 2022/04/13 v1.1d Standard LaTeX ifthen package (DPC)
)
(/usr/share/texlive/texmf-dist/tex/latex/tools/calc.sty
Package: calc 2023/07/08 v4.3 Infix arithmetic (KKT,FJ)
\calc@Acount=\count195
\calc@Bcount=\count196
\calc@Adimen=\dimen141
\calc@Bdimen=\dimen142
\calc@Askip=\skip50
\calc@Bskip=\skip51
LaTeX Info: Redefining \setlength on input line 80.
LaTeX Info: Redefining \addtolength on input line 81.
\calc@Ccount=\count197
\calc@Cskip=\skip52
)
(/usr/share/texlive/texmf-dist/tex/latex/eso-pic/eso-pic.sty
Package: eso-pic 2023/05/03 v3.0c eso-pic (RN)
\ESO@tempdima=\dimen143
\ESO@tempdimb=\dimen144

(/usr/share/texlive/texmf-dist/tex/latex/graphics/keyval.sty
Package: keyval 2022/05/29 v1.15 key=value parser (DPC)
\KV@toks@=\toks17
)
(/usr/share/texlive/texmf-dist/tex/latex/xcolor/xcolor.sty
Package: xcolor 2023/11/15 v3.01 LaTeX color extensions (UK)

(/usr/share/texlive/texmf-dist/tex/latex/graphics-cfg/color.cfg
File: color.cfg 2016/01/02 v1.6 sample color configuration
)
Package xcolor Info: Driver file: pdftex.def on input line 274.

(/usr/share/texlive/texmf-dist/tex/latex/graphics-def/pdftex.def
File: pdftex.def 2022/09/22 v1.2b Graphics/color driver for pdftex
)
(/usr/share/texlive/texmf-dist/tex/latex/graphics/mathcolor.ltx)
Package xcolor Info: Model `cmy' substituted by `cmy0' on input line 1350.
Package xcolor Info: Model `hsb' substituted by `rgb' on input line 1354.
Package xcolor Info: Model `RGB' extended on input line 1366.
Package xcolor Info: Model `HTML' substituted by `rgb' on input line 1368.
Package xcolor Info: Model `Hsb' substituted by `hsb' on input line 1369.
Package xcolor Info: Model `tHsb' substituted by `hsb' on input line 1370.
Package xcolor Info: Model `HSB' substituted by `hsb' on input line 1371.
Package xcolor Info: Model `Gray' substituted by `gray' on input line 1372.
Package xcolor Info: Model `wave' substituted by `hsb' on input line 1373.
))
(/usr/share/texlive/texmf-dist/tex/latex/graphics/graphicx.sty
Package: graphicx 2021/09/16 v1.2d Enhanced LaTeX Graphics (DPC,SPQR)

(/usr/share/texlive/texmf-dist/tex/latex/graphics/graphics.sty
Package: graphics 2022/03/10 v1.4e Standard LaTeX Graphics (DPC,SPQR)

(/usr/share/texlive/texmf-dist/tex/latex/graphics/trig.sty
Package: trig 2021/08/11 v1.11 sin cos tan (DPC)
)
(/usr/share/texlive/texmf-dist/tex/latex/graphics-cfg/graphics.cfg
File: graphics.cfg 2016/06/04 v1.11 sample graphics configuration
)
Package graphics Info: Driver file: pdftex.def on input line 107.
)
\Gin@req@height=\dimen145
\Gin@req@width=\dimen146
)
\AM@pagewidth=\dimen147
\AM@pageheight=\dimen148
\AM@fboxrule=\dimen149

(/usr/share/texlive/texmf-dist/tex/latex/pdfpages/pppdftex.def
File: pppdftex.def 2024/01/21 v0.5y Pdfpages driver for pdfTeX (AM)
)
\pdfpages@includegraphics@status=\count198
\AM@pagebox=\box51
\AM@global@opts=\toks18
\AM@pagecnt=\count199
\AM@toc@title=\toks19
\AM@lof@heading=\toks20
\c@AM@survey=\count266
\AM@templatesizebox=\box52
)
(/usr/share/texlive/texmf-dist/tex/latex/l3backend/l3backend-pdftex.def
File: l3backend-pdftex.def 2024-01-04 L3 backend support: PDF output (pdfTeX)
\l__color_backend_stack_int=\count267
\l__pdf_internal_box=\box53
)
(./rigidity_v102_archive.aux)
\openout1 = `rigidity_v102_archive.aux'.

LaTeX Font Info:    Checking defaults for OML/cmm/m/it on input line 3.
LaTeX Font Info:    ... okay on input line 3.
LaTeX Font Info:    Checking defaults for OMS/cmsy/m/n on input line 3.
LaTeX Font Info:    ... okay on input line 3.
LaTeX Font Info:    Checking defaults for OT1/cmr/m/n on input line 3.
LaTeX Font Info:    ... okay on input line 3.
LaTeX Font Info:    Checking defaults for T1/cmr/m/n on input line 3.
LaTeX Font Info:    ... okay on input line 3.
LaTeX Font Info:    Checking defaults for TS1/cmr/m/n on input line 3.
LaTeX Font Info:    ... okay on input line 3.
LaTeX Font Info:    Checking defaults for OMX/cmex/m/n on input line 3.
LaTeX Font Info:    ... okay on input line 3.
LaTeX Font Info:    Checking defaults for U/cmr/m/n on input line 3.
LaTeX Font Info:    ... okay on input line 3.

(/usr/share/texlive/texmf-dist/tex/context/base/mkii/supp-pdf.mkii
[Loading MPS to PDF converter (version 2006.09.02).]
\scratchcounter=\count268
\scratchdimen=\dimen150
\scratchbox=\box54
\nofMPsegments=\count269
\nofMParguments=\count270
\everyMPshowfont=\toks21
\MPscratchCnt=\count271
\MPscratchDim=\dimen151
\MPnumerator=\count272
\makeMPintoPDFobject=\count273
\everyMPtoPDFconversion=\toks22
) (/usr/share/texlive/texmf-dist/tex/latex/epstopdf-pkg/epstopdf-base.sty
Package: epstopdf-base 2020-01-24 v2.11 Base part for package epstopdf
Package epstopdf-base Info: Redefining graphics rule for `.eps' on input line 4
85.

(/usr/share/texlive/texmf-dist/tex/latex/latexconfig/epstopdf-sys.cfg
File: epstopdf-sys.cfg 2010/07/13 v1.3 Configuration of (r)epstopdf for TeX Liv
e
))
(/usr/share/texlive/texmf-dist/tex/latex/pdflscape/pdflscape.sty
Package: pdflscape 2022-10-27 v0.13 Display of landscape pages in PDF

(/usr/share/texlive/texmf-dist/tex/latex/pdflscape/pdflscape-nometadata.sty
Package: pdflscape-nometadata 2022-10-28 v0.13 Display of landscape pages in PD
F (HO)

(/usr/share/texlive/texmf-dist/tex/generic/iftex/iftex.sty
Package: iftex 2022/02/03 v1.0f TeX engine tests
)
(/usr/share/texlive/texmf-dist/tex/latex/graphics/lscape.sty
Package: lscape 2020/05/28 v3.02 Landscape Pages (DPC)
)
Package pdflscape Info: Auto-detected driver: pdftex on input line 81.
))
<rigidity_v101.pdf, id=1, 614.295pt x 794.97pt>
File: rigidity_v101.pdf Graphic file (type pdf)
<use rigidity_v101.pdf>
Package pdftex.def Info: rigidity_v101.pdf  used on input line 4.
(pdftex.def)             Requested size: 614.29349pt x 794.96806pt.
File: rigidity_v101.pdf Graphic file (type pdf)
<use rigidity_v101.pdf>
Package pdftex.def Info: rigidity_v101.pdf  used on input line 4.
(pdftex.def)             Requested size: 614.29349pt x 794.96806pt.
<rigidity_v101.pdf, id=4, page=1, 614.295pt x 794.97pt>
File: rigidity_v101.pdf Graphic file (type pdf)
<use rigidity_v101.pdf, page 1>
Package pdftex.def Info: rigidity_v101.pdf , page1 used on input line 4.
(pdftex.def)             Requested size: 614.29349pt x 794.96806pt.
File: rigidity_v101.pdf Graphic file (type pdf)
<use rigidity_v101.pdf, page 1>
Package pdftex.def Info: rigidity_v101.pdf , page1 used on input line 4.
(pdftex.def)             Requested size: 597.78697pt x 773.60669pt.
File: rigidity_v101.pdf Graphic file (type pdf)
<use rigidity_v101.pdf, page 1>
Package pdftex.def Info: rigidity_v101.pdf , page1 used on input line 4.
(pdftex.def)             Requested size: 597.78697pt x 773.60669pt.
File: rigidity_v101.pdf Graphic file (type pdf)
<use rigidity_v101.pdf, page 1>
Package pdftex.def Info: rigidity_v101.pdf , page1 used on input line 4.
(pdftex.def)             Requested size: 597.78697pt x 773.60669pt.
File: rigidity_v101.pdf Graphic file (type pdf)
<use rigidity_v101.pdf, page 1>
Package pdftex.def Info: rigidity_v101.pdf , page1 used on input line 4.
(pdftex.def)             Requested size: 597.78697pt x 773.60669pt.
 [1


 <./rigidity_v101.pdf{/var/lib/texmf/fonts/map/pdftex/updmap/pdftex.map}>]
<rigidity_v101.pdf, id=105, page=2, 614.295pt x 794.97pt>
File: rigidity_v101.pdf Graphic file (type pdf)
<use rigidity_v101.pdf, page 2>
Package pdftex.def Info: rigidity_v101.pdf , page2 used on input line 4.
(pdftex.def)             Requested size: 597.78697pt x 773.60669pt.
File: rigidity_v101.pdf Graphic file (type pdf)
<use rigidity_v101.pdf, page 2>
Package pdftex.def Info: rigidity_v101.pdf , page2 used on input line 4.
(pdftex.def)             Requested size: 597.78697pt x 773.60669pt.
File: rigidity_v101.pdf Graphic file (type pdf)
<use rigidity_v101.pdf, page 2>
Package pdftex.def Info: rigidity_v101.pdf , page2 used on input line 4.
(pdftex.def)             Requested size: 597.78697pt x 773.60669pt.
 [2

 <./rigidity_v101.pdf>]
<rigidity_v101.pdf, id=115, page=3, 614.295pt x 794.97pt>
File: rigidity_v101.pdf Graphic file (type pdf)
<use rigidity_v101.pdf, page 3>
Package pdftex.def Info: rigidity_v101.pdf , page3 used on input line 4.
(pdftex.def)             Requested size: 597.78697pt x 773.60669pt.
File: rigidity_v101.pdf Graphic file (type pdf)
<use rigidity_v101.pdf, page 3>
Package pdftex.def Info: rigidity_v101.pdf , page3 used on input line 4.
(pdftex.def)             Requested size: 597.78697pt x 773.60669pt.
File: rigidity_v101.pdf Graphic file (type pdf)
<use rigidity_v101.pdf, page 3>
Package pdftex.def Info: rigidity_v101.pdf , page3 used on input line 4.
(pdftex.def)             Requested size: 597.78697pt x 773.60669pt.
 [3

 <./rigidity_v101.pdf>]
<rigidity_v101.pdf, id=137, page=4, 614.295pt x 794.97pt>
File: rigidity_v101.pdf Graphic file (type pdf)
<use rigidity_v101.pdf, page 4>
Package pdftex.def Info: rigidity_v101.pdf , page4 used on input line 4.
(pdftex.def)             Requested size: 597.78697pt x 773.60669pt.
File: rigidity_v101.pdf Graphic file (type pdf)
<use rigidity_v101.pdf, page 4>
Package pdftex.def Info: rigidity_v101.pdf , page4 used on input line 4.
(pdftex.def)             Requested size: 597.78697pt x 773.60669pt.
File: rigidity_v101.pdf Graphic file (type pdf)
<use rigidity_v101.pdf, page 4>
Package pdftex.def Info: rigidity_v101.pdf , page4 used on input line 4.
(pdftex.def)             Requested size: 597.78697pt x 773.60669pt.
 [4

 <./rigidity_v101.pdf>]
<rigidity_v101.pdf, id=147, page=5, 614.295pt x 794.97pt>
File: rigidity_v101.pdf Graphic file (type pdf)
<use rigidity_v101.pdf, page 5>
Package pdftex.def Info: rigidity_v101.pdf , page5 used on input line 4.
(pdftex.def)             Requested size: 597.78697pt x 773.60669pt.
File: rigidity_v101.pdf Graphic file (type pdf)
<use rigidity_v101.pdf, page 5>
Package pdftex.def Info: rigidity_v101.pdf , page5 used on input line 4.
(pdftex.def)             Requested size: 597.78697pt x 773.60669pt.
File: rigidity_v101.pdf Graphic file (type pdf)
<use rigidity_v101.pdf, page 5>
Package pdftex.def Info: rigidity_v101.pdf , page5 used on input line 4.
(pdftex.def)             Requested size: 597.78697pt x 773.60669pt.
 [5

 <./rigidity_v101.pdf>]
<rigidity_v101.pdf, id=151, page=6, 614.295pt x 794.97pt>
File: rigidity_v101.pdf Graphic file (type pdf)
<use rigidity_v101.pdf, page 6>
Package pdftex.def Info: rigidity_v101.pdf , page6 used on input line 4.
(pdftex.def)             Requested size: 597.78697pt x 773.60669pt.
File: rigidity_v101.pdf Graphic file (type pdf)
<use rigidity_v101.pdf, page 6>
Package pdftex.def Info: rigidity_v101.pdf , page6 used on input line 4.
(pdftex.def)             Requested size: 597.78697pt x 773.60669pt.
File: rigidity_v101.pdf Graphic file (type pdf)
<use rigidity_v101.pdf, page 6>
Package pdftex.def Info: rigidity_v101.pdf , page6 used on input line 4.
(pdftex.def)             Requested size: 597.78697pt x 773.60669pt.
 [6

 <./rigidity_v101.pdf>]
<rigidity_v101.pdf, id=161, page=7, 614.295pt x 794.97pt>
File: rigidity_v101.pdf Graphic file (type pdf)
<use rigidity_v101.pdf, page 7>
Package pdftex.def Info: rigidity_v101.pdf , page7 used on input line 4.
(pdftex.def)             Requested size: 597.78697pt x 773.60669pt.
File: rigidity_v101.pdf Graphic file (type pdf)
<use rigidity_v101.pdf, page 7>
Package pdftex.def Info: rigidity_v101.pdf , page7 used on input line 4.
(pdftex.def)             Requested size: 597.78697pt x 773.60669pt.
File: rigidity_v101.pdf Graphic file (type pdf)
<use rigidity_v101.pdf, page 7>
Package pdftex.def Info: rigidity_v101.pdf , page7 used on input line 4.
(pdftex.def)             Requested size: 597.78697pt x 773.60669pt.
 [7

 <./rigidity_v101.pdf>]
<rigidity_v101.pdf, id=166, page=8, 614.295pt x 794.97pt>
File: rigidity_v101.pdf Graphic file (type pdf)
<use rigidity_v101.pdf, page 8>
Package pdftex.def Info: rigidity_v101.pdf , page8 used on input line 4.
(pdftex.def)             Requested size: 597.78697pt x 773.60669pt.
File: rigidity_v101.pdf Graphic file (type pdf)
<use rigidity_v101.pdf, page 8>
Package pdftex.def Info: rigidity_v101.pdf , page8 used on input line 4.
(pdftex.def)             Requested size: 597.78697pt x 773.60669pt.
File: rigidity_v101.pdf Graphic file (type pdf)
<use rigidity_v101.pdf, page 8>
Package pdftex.def Info: rigidity_v101.pdf , page8 used on input line 4.
(pdftex.def)             Requested size: 597.78697pt x 773.60669pt.
 [8

 <./rigidity_v101.pdf>]
<rigidity_v101.pdf, id=170, page=9, 614.295pt x 794.97pt>
File: rigidity_v101.pdf Graphic file (type pdf)
<use rigidity_v101.pdf, page 9>
Package pdftex.def Info: rigidity_v101.pdf , page9 used on input line 4.
(pdftex.def)             Requested size: 597.78697pt x 773.60669pt.
File: rigidity_v101.pdf Graphic file (type pdf)
<use rigidity_v101.pdf, page 9>
Package pdftex.def Info: rigidity_v101.pdf , page9 used on input line 4.
(pdftex.def)             Requested size: 597.78697pt x 773.60669pt.
File: rigidity_v101.pdf Graphic file (type pdf)
<use rigidity_v101.pdf, page 9>
Package pdftex.def Info: rigidity_v101.pdf , page9 used on input line 4.
(pdftex.def)             Requested size: 597.78697pt x 773.60669pt.
 [9

 <./rigidity_v101.pdf>]
<rigidity_v101.pdf, id=180, page=10, 614.295pt x 794.97pt>
File: rigidity_v101.pdf Graphic file (type pdf)
<use rigidity_v101.pdf, page 10>
Package pdftex.def Info: rigidity_v101.pdf , page10 used on input line 4.
(pdftex.def)             Requested size: 597.78697pt x 773.60669pt.
File: rigidity_v101.pdf Graphic file (type pdf)
<use rigidity_v101.pdf, page 10>
Package pdftex.def Info: rigidity_v101.pdf , page10 used on input line 4.
(pdftex.def)             Requested size: 597.78697pt x 773.60669pt.
File: rigidity_v101.pdf Graphic file (type pdf)
<use rigidity_v101.pdf, page 10>
Package pdftex.def Info: rigidity_v101.pdf , page10 used on input line 4.
(pdftex.def)             Requested size: 597.78697pt x 773.60669pt.
 [10

 <./rigidity_v101.pdf>]
<rigidity_v101.pdf, id=184, page=11, 614.295pt x 794.97pt>
File: rigidity_v101.pdf Graphic file (type pdf)
<use rigidity_v101.pdf, page 11>
Package pdftex.def Info: rigidity_v101.pdf , page11 used on input line 4.
(pdftex.def)             Requested size: 597.78697pt x 773.60669pt.
File: rigidity_v101.pdf Graphic file (type pdf)
<use rigidity_v101.pdf, page 11>
Package pdftex.def Info: rigidity_v101.pdf , page11 used on input line 4.
(pdftex.def)             Requested size: 597.78697pt x 773.60669pt.
File: rigidity_v101.pdf Graphic file (type pdf)
<use rigidity_v101.pdf, page 11>
Package pdftex.def Info: rigidity_v101.pdf , page11 used on input line 4.
(pdftex.def)             Requested size: 597.78697pt x 773.60669pt.
 [11

 <./rigidity_v101.pdf>]
<rigidity_v101.pdf, id=188, page=12, 614.295pt x 794.97pt>
File: rigidity_v101.pdf Graphic file (type pdf)
<use rigidity_v101.pdf, page 12>
Package pdftex.def Info: rigidity_v101.pdf , page12 used on input line 4.
(pdftex.def)             Requested size: 597.78697pt x 773.60669pt.
File: rigidity_v101.pdf Graphic file (type pdf)
<use rigidity_v101.pdf, page 12>
Package pdftex.def Info: rigidity_v101.pdf , page12 used on input line 4.
(pdftex.def)             Requested size: 597.78697pt x 773.60669pt.
File: rigidity_v101.pdf Graphic file (type pdf)
<use rigidity_v101.pdf, page 12>
Package pdftex.def Info: rigidity_v101.pdf , page12 used on input line 4.
(pdftex.def)             Requested size: 597.78697pt x 773.60669pt.
 [12

 <./rigidity_v101.pdf>]
<rigidity_v101.pdf, id=198, page=13, 614.295pt x 794.97pt>
File: rigidity_v101.pdf Graphic file (type pdf)
<use rigidity_v101.pdf, page 13>
Package pdftex.def Info: rigidity_v101.pdf , page13 used on input line 4.
(pdftex.def)             Requested size: 597.78697pt x 773.60669pt.
File: rigidity_v101.pdf Graphic file (type pdf)
<use rigidity_v101.pdf, page 13>
Package pdftex.def Info: rigidity_v101.pdf , page13 used on input line 4.
(pdftex.def)             Requested size: 597.78697pt x 773.60669pt.
File: rigidity_v101.pdf Graphic file (type pdf)
<use rigidity_v101.pdf, page 13>
Package pdftex.def Info: rigidity_v101.pdf , page13 used on input line 4.
(pdftex.def)             Requested size: 597.78697pt x 773.60669pt.
 [13

 <./rigidity_v101.pdf>]
<rigidity_v101.pdf, id=204, page=14, 614.295pt x 794.97pt>
File: rigidity_v101.pdf Graphic file (type pdf)
<use rigidity_v101.pdf, page 14>
Package pdftex.def Info: rigidity_v101.pdf , page14 used on input line 4.
(pdftex.def)             Requested size: 597.78697pt x 773.60669pt.
File: rigidity_v101.pdf Graphic file (type pdf)
<use rigidity_v101.pdf, page 14>
Package pdftex.def Info: rigidity_v101.pdf , page14 used on input line 4.
(pdftex.def)             Requested size: 597.78697pt x 773.60669pt.
File: rigidity_v101.pdf Graphic file (type pdf)
<use rigidity_v101.pdf, page 14>
Package pdftex.def Info: rigidity_v101.pdf , page14 used on input line 4.
(pdftex.def)             Requested size: 597.78697pt x 773.60669pt.
 [14

 <./rigidity_v101.pdf>]
<rigidity_v101.pdf, id=208, page=15, 614.295pt x 794.97pt>
File: rigidity_v101.pdf Graphic file (type pdf)
<use rigidity_v101.pdf, page 15>
Package pdftex.def Info: rigidity_v101.pdf , page15 used on input line 4.
(pdftex.def)             Requested size: 597.78697pt x 773.60669pt.
File: rigidity_v101.pdf Graphic file (type pdf)
<use rigidity_v101.pdf, page 15>
Package pdftex.def Info: rigidity_v101.pdf , page15 used on input line 4.
(pdftex.def)             Requested size: 597.78697pt x 773.60669pt.
File: rigidity_v101.pdf Graphic file (type pdf)
<use rigidity_v101.pdf, page 15>
Package pdftex.def Info: rigidity_v101.pdf , page15 used on input line 4.
(pdftex.def)             Requested size: 597.78697pt x 773.60669pt.
 [15

 <./rigidity_v101.pdf>]
<rigidity_v101.pdf, id=212, page=16, 614.295pt x 794.97pt>
File: rigidity_v101.pdf Graphic file (type pdf)
<use rigidity_v101.pdf, page 16>
Package pdftex.def Info: rigidity_v101.pdf , page16 used on input line 4.
(pdftex.def)             Requested size: 597.78697pt x 773.60669pt.
File: rigidity_v101.pdf Graphic file (type pdf)
<use rigidity_v101.pdf, page 16>
Package pdftex.def Info: rigidity_v101.pdf , page16 used on input line 4.
(pdftex.def)             Requested size: 597.78697pt x 773.60669pt.
File: rigidity_v101.pdf Graphic file (type pdf)
<use rigidity_v101.pdf, page 16>
Package pdftex.def Info: rigidity_v101.pdf , page16 used on input line 4.
(pdftex.def)             Requested size: 597.78697pt x 773.60669pt.
 [16

 <./rigidity_v101.pdf>]
<rigidity_v101.pdf, id=216, page=17, 614.295pt x 794.97pt>
File: rigidity_v101.pdf Graphic file (type pdf)
<use rigidity_v101.pdf, page 17>
Package pdftex.def Info: rigidity_v101.pdf , page17 used on input line 4.
(pdftex.def)             Requested size: 597.78697pt x 773.60669pt.
File: rigidity_v101.pdf Graphic file (type pdf)
<use rigidity_v101.pdf, page 17>
Package pdftex.def Info: rigidity_v101.pdf , page17 used on input line 4.
(pdftex.def)             Requested size: 597.78697pt x 773.60669pt.
File: rigidity_v101.pdf Graphic file (type pdf)
<use rigidity_v101.pdf, page 17>
Package pdftex.def Info: rigidity_v101.pdf , page17 used on input line 4.
(pdftex.def)             Requested size: 597.78697pt x 773.60669pt.
 [17

 <./rigidity_v101.pdf>]
<rigidity_v101.pdf, id=220, page=18, 614.295pt x 794.97pt>
File: rigidity_v101.pdf Graphic file (type pdf)
<use rigidity_v101.pdf, page 18>
Package pdftex.def Info: rigidity_v101.pdf , page18 used on input line 4.
(pdftex.def)             Requested size: 597.78697pt x 773.60669pt.
File: rigidity_v101.pdf Graphic file (type pdf)
<use rigidity_v101.pdf, page 18>
Package pdftex.def Info: rigidity_v101.pdf , page18 used on input line 4.
(pdftex.def)             Requested size: 597.78697pt x 773.60669pt.
File: rigidity_v101.pdf Graphic file (type pdf)
<use rigidity_v101.pdf, page 18>
Package pdftex.def Info: rigidity_v101.pdf , page18 used on input line 4.
(pdftex.def)             Requested size: 597.78697pt x 773.60669pt.
 [18

 <./rigidity_v101.pdf>]
<rigidity_v101.pdf, id=230, page=19, 614.295pt x 794.97pt>
File: rigidity_v101.pdf Graphic file (type pdf)
<use rigidity_v101.pdf, page 19>
Package pdftex.def Info: rigidity_v101.pdf , page19 used on input line 4.
(pdftex.def)             Requested size: 597.78697pt x 773.60669pt.
File: rigidity_v101.pdf Graphic file (type pdf)
<use rigidity_v101.pdf, page 19>
Package pdftex.def Info: rigidity_v101.pdf , page19 used on input line 4.
(pdftex.def)             Requested size: 597.78697pt x 773.60669pt.
File: rigidity_v101.pdf Graphic file (type pdf)
<use rigidity_v101.pdf, page 19>
Package pdftex.def Info: rigidity_v101.pdf , page19 used on input line 4.
(pdftex.def)             Requested size: 597.78697pt x 773.60669pt.
 [19

 <./rigidity_v101.pdf>]
<rigidity_v101.pdf, id=235, page=20, 614.295pt x 794.97pt>
File: rigidity_v101.pdf Graphic file (type pdf)
<use rigidity_v101.pdf, page 20>
Package pdftex.def Info: rigidity_v101.pdf , page20 used on input line 4.
(pdftex.def)             Requested size: 597.78697pt x 773.60669pt.
File: rigidity_v101.pdf Graphic file (type pdf)
<use rigidity_v101.pdf, page 20>
Package pdftex.def Info: rigidity_v101.pdf , page20 used on input line 4.
(pdftex.def)             Requested size: 597.78697pt x 773.60669pt.
File: rigidity_v101.pdf Graphic file (type pdf)
<use rigidity_v101.pdf, page 20>
Package pdftex.def Info: rigidity_v101.pdf , page20 used on input line 4.
(pdftex.def)             Requested size: 597.78697pt x 773.60669pt.
 [20

 <./rigidity_v101.pdf>]
<rigidity_v101.pdf, id=239, page=21, 614.295pt x 794.97pt>
File: rigidity_v101.pdf Graphic file (type pdf)
<use rigidity_v101.pdf, page 21>
Package pdftex.def Info: rigidity_v101.pdf , page21 used on input line 4.
(pdftex.def)             Requested size: 597.78697pt x 773.60669pt.
File: rigidity_v101.pdf Graphic file (type pdf)
<use rigidity_v101.pdf, page 21>
Package pdftex.def Info: rigidity_v101.pdf , page21 used on input line 4.
(pdftex.def)             Requested size: 597.78697pt x 773.60669pt.
File: rigidity_v101.pdf Graphic file (type pdf)
<use rigidity_v101.pdf, page 21>
Package pdftex.def Info: rigidity_v101.pdf , page21 used on input line 4.
(pdftex.def)             Requested size: 597.78697pt x 773.60669pt.
 [21

 <./rigidity_v101.pdf>]
<rigidity_v101.pdf, id=243, page=22, 614.295pt x 794.97pt>
File: rigidity_v101.pdf Graphic file (type pdf)
<use rigidity_v101.pdf, page 22>
Package pdftex.def Info: rigidity_v101.pdf , page22 used on input line 4.
(pdftex.def)             Requested size: 597.78697pt x 773.60669pt.
File: rigidity_v101.pdf Graphic file (type pdf)
<use rigidity_v101.pdf, page 22>
Package pdftex.def Info: rigidity_v101.pdf , page22 used on input line 4.
(pdftex.def)             Requested size: 597.78697pt x 773.60669pt.
File: rigidity_v101.pdf Graphic file (type pdf)
<use rigidity_v101.pdf, page 22>
Package pdftex.def Info: rigidity_v101.pdf , page22 used on input line 4.
(pdftex.def)             Requested size: 597.78697pt x 773.60669pt.
 [22

 <./rigidity_v101.pdf>]
<rigidity_v101.pdf, id=247, page=23, 614.295pt x 794.97pt>
File: rigidity_v101.pdf Graphic file (type pdf)
<use rigidity_v101.pdf, page 23>
Package pdftex.def Info: rigidity_v101.pdf , page23 used on input line 4.
(pdftex.def)             Requested size: 597.78697pt x 773.60669pt.
File: rigidity_v101.pdf Graphic file (type pdf)
<use rigidity_v101.pdf, page 23>
Package pdftex.def Info: rigidity_v101.pdf , page23 used on input line 4.
(pdftex.def)             Requested size: 597.78697pt x 773.60669pt.
File: rigidity_v101.pdf Graphic file (type pdf)
<use rigidity_v101.pdf, page 23>
Package pdftex.def Info: rigidity_v101.pdf , page23 used on input line 4.
(pdftex.def)             Requested size: 597.78697pt x 773.60669pt.
 [23

 <./rigidity_v101.pdf>]
<rigidity_v101.pdf, id=251, page=24, 614.295pt x 794.97pt>
File: rigidity_v101.pdf Graphic file (type pdf)
<use rigidity_v101.pdf, page 24>
Package pdftex.def Info: rigidity_v101.pdf , page24 used on input line 4.
(pdftex.def)             Requested size: 597.78697pt x 773.60669pt.
File: rigidity_v101.pdf Graphic file (type pdf)
<use rigidity_v101.pdf, page 24>
Package pdftex.def Info: rigidity_v101.pdf , page24 used on input line 4.
(pdftex.def)             Requested size: 597.78697pt x 773.60669pt.
File: rigidity_v101.pdf Graphic file (type pdf)
<use rigidity_v101.pdf, page 24>
Package pdftex.def Info: rigidity_v101.pdf , page24 used on input line 4.
(pdftex.def)             Requested size: 597.78697pt x 773.60669pt.
 [24

 <./rigidity_v101.pdf>]
<rigidity_v101.pdf, id=255, page=25, 614.295pt x 794.97pt>
File: rigidity_v101.pdf Graphic file (type pdf)
<use rigidity_v101.pdf, page 25>
Package pdftex.def Info: rigidity_v101.pdf , page25 used on input line 4.
(pdftex.def)             Requested size: 597.78697pt x 773.60669pt.
File: rigidity_v101.pdf Graphic file (type pdf)
<use rigidity_v101.pdf, page 25>
Package pdftex.def Info: rigidity_v101.pdf , page25 used on input line 4.
(pdftex.def)             Requested size: 597.78697pt x 773.60669pt.
File: rigidity_v101.pdf Graphic file (type pdf)
<use rigidity_v101.pdf, page 25>
Package pdftex.def Info: rigidity_v101.pdf , page25 used on input line 4.
(pdftex.def)             Requested size: 597.78697pt x 773.60669pt.
 [25

 <./rigidity_v101.pdf>]
<rigidity_v101.pdf, id=260, page=26, 614.295pt x 794.97pt>
File: rigidity_v101.pdf Graphic file (type pdf)
<use rigidity_v101.pdf, page 26>
Package pdftex.def Info: rigidity_v101.pdf , page26 used on input line 4.
(pdftex.def)             Requested size: 597.78697pt x 773.60669pt.
File: rigidity_v101.pdf Graphic file (type pdf)
<use rigidity_v101.pdf, page 26>
Package pdftex.def Info: rigidity_v101.pdf , page26 used on input line 4.
(pdftex.def)             Requested size: 597.78697pt x 773.60669pt.
File: rigidity_v101.pdf Graphic file (type pdf)
<use rigidity_v101.pdf, page 26>
Package pdftex.def Info: rigidity_v101.pdf , page26 used on input line 4.
(pdftex.def)             Requested size: 597.78697pt x 773.60669pt.
 [26

 <./rigidity_v101.pdf>]
<rigidity_v101.pdf, id=264, page=27, 614.295pt x 794.97pt>
File: rigidity_v101.pdf Graphic file (type pdf)
<use rigidity_v101.pdf, page 27>
Package pdftex.def Info: rigidity_v101.pdf , page27 used on input line 4.
(pdftex.def)             Requested size: 597.78697pt x 773.60669pt.
File: rigidity_v101.pdf Graphic file (type pdf)
<use rigidity_v101.pdf, page 27>
Package pdftex.def Info: rigidity_v101.pdf , page27 used on input line 4.
(pdftex.def)             Requested size: 597.78697pt x 773.60669pt.
File: rigidity_v101.pdf Graphic file (type pdf)
<use rigidity_v101.pdf, page 27>
Package pdftex.def Info: rigidity_v101.pdf , page27 used on input line 4.
(pdftex.def)             Requested size: 597.78697pt x 773.60669pt.
 [27

 <./rigidity_v101.pdf>]
<rigidity_v101.pdf, id=268, page=28, 614.295pt x 794.97pt>
File: rigidity_v101.pdf Graphic file (type pdf)
<use rigidity_v101.pdf, page 28>
Package pdftex.def Info: rigidity_v101.pdf , page28 used on input line 4.
(pdftex.def)             Requested size: 597.78697pt x 773.60669pt.
File: rigidity_v101.pdf Graphic file (type pdf)
<use rigidity_v101.pdf, page 28>
Package pdftex.def Info: rigidity_v101.pdf , page28 used on input line 4.
(pdftex.def)             Requested size: 597.78697pt x 773.60669pt.
File: rigidity_v101.pdf Graphic file (type pdf)
<use rigidity_v101.pdf, page 28>
Package pdftex.def Info: rigidity_v101.pdf , page28 used on input line 4.
(pdftex.def)             Requested size: 597.78697pt x 773.60669pt.
 [28

 <./rigidity_v101.pdf>]
<rigidity_v101.pdf, id=272, page=29, 614.295pt x 794.97pt>
File: rigidity_v101.pdf Graphic file (type pdf)
<use rigidity_v101.pdf, page 29>
Package pdftex.def Info: rigidity_v101.pdf , page29 used on input line 4.
(pdftex.def)             Requested size: 597.78697pt x 773.60669pt.
File: rigidity_v101.pdf Graphic file (type pdf)
<use rigidity_v101.pdf, page 29>
Package pdftex.def Info: rigidity_v101.pdf , page29 used on input line 4.
(pdftex.def)             Requested size: 597.78697pt x 773.60669pt.
File: rigidity_v101.pdf Graphic file (type pdf)
<use rigidity_v101.pdf, page 29>
Package pdftex.def Info: rigidity_v101.pdf , page29 used on input line 4.
(pdftex.def)             Requested size: 597.78697pt x 773.60669pt.

[29

 <./rigidity_v101.pdf>]
<rigidity_v101.pdf, id=276, page=30, 614.295pt x 794.97pt>
File: rigidity_v101.pdf Graphic file (type pdf)
<use rigidity_v101.pdf, page 30>
Package pdftex.def Info: rigidity_v101.pdf , page30 used on input line 4.
(pdftex.def)             Requested size: 597.78697pt x 773.60669pt.
File: rigidity_v101.pdf Graphic file (type pdf)
<use rigidity_v101.pdf, page 30>
Package pdftex.def Info: rigidity_v101.pdf , page30 used on input line 4.
(pdftex.def)             Requested size: 597.78697pt x 773.60669pt.
File: rigidity_v101.pdf Graphic file (type pdf)
<use rigidity_v101.pdf, page 30>
Package pdftex.def Info: rigidity_v101.pdf , page30 used on input line 4.
(pdftex.def)             Requested size: 597.78697pt x 773.60669pt.
 [30

 <./rigidity_v101.pdf>]
<rigidity_v101.pdf, id=286, page=31, 614.295pt x 794.97pt>
File: rigidity_v101.pdf Graphic file (type pdf)
<use rigidity_v101.pdf, page 31>
Package pdftex.def Info: rigidity_v101.pdf , page31 used on input line 4.
(pdftex.def)             Requested size: 597.78697pt x 773.60669pt.
File: rigidity_v101.pdf Graphic file (type pdf)
<use rigidity_v101.pdf, page 31>
Package pdftex.def Info: rigidity_v101.pdf , page31 used on input line 4.
(pdftex.def)             Requested size: 597.78697pt x 773.60669pt.
File: rigidity_v101.pdf Graphic file (type pdf)
<use rigidity_v101.pdf, page 31>
Package pdftex.def Info: rigidity_v101.pdf , page31 used on input line 4.
(pdftex.def)             Requested size: 597.78697pt x 773.60669pt.
 [31

 <./rigidity_v101.pdf>]
<rigidity_v101.pdf, id=291, page=32, 614.295pt x 794.97pt>
File: rigidity_v101.pdf Graphic file (type pdf)
<use rigidity_v101.pdf, page 32>
Package pdftex.def Info: rigidity_v101.pdf , page32 used on input line 4.
(pdftex.def)             Requested size: 597.78697pt x 773.60669pt.
File: rigidity_v101.pdf Graphic file (type pdf)
<use rigidity_v101.pdf, page 32>
Package pdftex.def Info: rigidity_v101.pdf , page32 used on input line 4.
(pdftex.def)             Requested size: 597.78697pt x 773.60669pt.
File: rigidity_v101.pdf Graphic file (type pdf)
<use rigidity_v101.pdf, page 32>
Package pdftex.def Info: rigidity_v101.pdf , page32 used on input line 4.
(pdftex.def)             Requested size: 597.78697pt x 773.60669pt.
 [32

 <./rigidity_v101.pdf>]
<rigidity_v101.pdf, id=295, page=33, 614.295pt x 794.97pt>
File: rigidity_v101.pdf Graphic file (type pdf)
<use rigidity_v101.pdf, page 33>
Package pdftex.def Info: rigidity_v101.pdf , page33 used on input line 4.
(pdftex.def)             Requested size: 597.78697pt x 773.60669pt.
File: rigidity_v101.pdf Graphic file (type pdf)
<use rigidity_v101.pdf, page 33>
Package pdftex.def Info: rigidity_v101.pdf , page33 used on input line 4.
(pdftex.def)             Requested size: 597.78697pt x 773.60669pt.
File: rigidity_v101.pdf Graphic file (type pdf)
<use rigidity_v101.pdf, page 33>
Package pdftex.def Info: rigidity_v101.pdf , page33 used on input line 4.
(pdftex.def)             Requested size: 597.78697pt x 773.60669pt.
 [33

 <./rigidity_v101.pdf>]
<rigidity_v101.pdf, id=299, page=34, 614.295pt x 794.97pt>
File: rigidity_v101.pdf Graphic file (type pdf)
<use rigidity_v101.pdf, page 34>
Package pdftex.def Info: rigidity_v101.pdf , page34 used on input line 4.
(pdftex.def)             Requested size: 597.78697pt x 773.60669pt.
File: rigidity_v101.pdf Graphic file (type pdf)
<use rigidity_v101.pdf, page 34>
Package pdftex.def Info: rigidity_v101.pdf , page34 used on input line 4.
(pdftex.def)             Requested size: 597.78697pt x 773.60669pt.
File: rigidity_v101.pdf Graphic file (type pdf)
<use rigidity_v101.pdf, page 34>
Package pdftex.def Info: rigidity_v101.pdf , page34 used on input line 4.
(pdftex.def)             Requested size: 597.78697pt x 773.60669pt.
 [34

 <./rigidity_v101.pdf>]
<rigidity_v101.pdf, id=303, page=35, 614.295pt x 794.97pt>
File: rigidity_v101.pdf Graphic file (type pdf)
<use rigidity_v101.pdf, page 35>
Package pdftex.def Info: rigidity_v101.pdf , page35 used on input line 4.
(pdftex.def)             Requested size: 597.78697pt x 773.60669pt.
File: rigidity_v101.pdf Graphic file (type pdf)
<use rigidity_v101.pdf, page 35>
Package pdftex.def Info: rigidity_v101.pdf , page35 used on input line 4.
(pdftex.def)             Requested size: 597.78697pt x 773.60669pt.
File: rigidity_v101.pdf Graphic file (type pdf)
<use rigidity_v101.pdf, page 35>
Package pdftex.def Info: rigidity_v101.pdf , page35 used on input line 4.
(pdftex.def)             Requested size: 597.78697pt x 773.60669pt.
 [35

 <./rigidity_v101.pdf>]
<rigidity_v101.pdf, id=307, page=36, 614.295pt x 794.97pt>
File: rigidity_v101.pdf Graphic file (type pdf)
<use rigidity_v101.pdf, page 36>
Package pdftex.def Info: rigidity_v101.pdf , page36 used on input line 4.
(pdftex.def)             Requested size: 597.78697pt x 773.60669pt.
File: rigidity_v101.pdf Graphic file (type pdf)
<use rigidity_v101.pdf, page 36>
Package pdftex.def Info: rigidity_v101.pdf , page36 used on input line 4.
(pdftex.def)             Requested size: 597.78697pt x 773.60669pt.
File: rigidity_v101.pdf Graphic file (type pdf)
<use rigidity_v101.pdf, page 36>
Package pdftex.def Info: rigidity_v101.pdf , page36 used on input line 4.
(pdftex.def)             Requested size: 597.78697pt x 773.60669pt.
 [36

 <./rigidity_v101.pdf>]
<rigidity_v101.pdf, id=311, page=37, 614.295pt x 794.97pt>
File: rigidity_v101.pdf Graphic file (type pdf)
<use rigidity_v101.pdf, page 37>
Package pdftex.def Info: rigidity_v101.pdf , page37 used on input line 4.
(pdftex.def)             Requested size: 597.78697pt x 773.60669pt.
File: rigidity_v101.pdf Graphic file (type pdf)
<use rigidity_v101.pdf, page 37>
Package pdftex.def Info: rigidity_v101.pdf , page37 used on input line 4.
(pdftex.def)             Requested size: 597.78697pt x 773.60669pt.
File: rigidity_v101.pdf Graphic file (type pdf)
<use rigidity_v101.pdf, page 37>
Package pdftex.def Info: rigidity_v101.pdf , page37 used on input line 4.
(pdftex.def)             Requested size: 597.78697pt x 773.60669pt.
 [37

 <./rigidity_v101.pdf>]
<rigidity_v101.pdf, id=316, page=38, 614.295pt x 794.97pt>
File: rigidity_v101.pdf Graphic file (type pdf)
<use rigidity_v101.pdf, page 38>
Package pdftex.def Info: rigidity_v101.pdf , page38 used on input line 4.
(pdftex.def)             Requested size: 597.78697pt x 773.60669pt.
File: rigidity_v101.pdf Graphic file (type pdf)
<use rigidity_v101.pdf, page 38>
Package pdftex.def Info: rigidity_v101.pdf , page38 used on input line 4.
(pdftex.def)             Requested size: 597.78697pt x 773.60669pt.
File: rigidity_v101.pdf Graphic file (type pdf)
<use rigidity_v101.pdf, page 38>
Package pdftex.def Info: rigidity_v101.pdf , page38 used on input line 4.
(pdftex.def)             Requested size: 597.78697pt x 773.60669pt.
 [38

 <./rigidity_v101.pdf>]
<rigidity_v101.pdf, id=320, page=39, 614.295pt x 794.97pt>
File: rigidity_v101.pdf Graphic file (type pdf)
<use rigidity_v101.pdf, page 39>
Package pdftex.def Info: rigidity_v101.pdf , page39 used on input line 4.
(pdftex.def)             Requested size: 597.78697pt x 773.60669pt.
File: rigidity_v101.pdf Graphic file (type pdf)
<use rigidity_v101.pdf, page 39>
Package pdftex.def Info: rigidity_v101.pdf , page39 used on input line 4.
(pdftex.def)             Requested size: 597.78697pt x 773.60669pt.
File: rigidity_v101.pdf Graphic file (type pdf)
<use rigidity_v101.pdf, page 39>
Package pdftex.def Info: rigidity_v101.pdf , page39 used on input line 4.
(pdftex.def)             Requested size: 597.78697pt x 773.60669pt.
 [39

 <./rigidity_v101.pdf>]
<rigidity_v101.pdf, id=324, page=40, 614.295pt x 794.97pt>
File: rigidity_v101.pdf Graphic file (type pdf)
<use rigidity_v101.pdf, page 40>
Package pdftex.def Info: rigidity_v101.pdf , page40 used on input line 4.
(pdftex.def)             Requested size: 597.78697pt x 773.60669pt.
File: rigidity_v101.pdf Graphic file (type pdf)
<use rigidity_v101.pdf, page 40>
Package pdftex.def Info: rigidity_v101.pdf , page40 used on input line 4.
(pdftex.def)             Requested size: 597.78697pt x 773.60669pt.
File: rigidity_v101.pdf Graphic file (type pdf)
<use rigidity_v101.pdf, page 40>
Package pdftex.def Info: rigidity_v101.pdf , page40 used on input line 4.
(pdftex.def)             Requested size: 597.78697pt x 773.60669pt.
 [40

 <./rigidity_v101.pdf>]
<rigidity_v101.pdf, id=328, page=41, 614.295pt x 794.97pt>
File: rigidity_v101.pdf Graphic file (type pdf)
<use rigidity_v101.pdf, page 41>
Package pdftex.def Info: rigidity_v101.pdf , page41 used on input line 4.
(pdftex.def)             Requested size: 597.78697pt x 773.60669pt.
File: rigidity_v101.pdf Graphic file (type pdf)
<use rigidity_v101.pdf, page 41>
Package pdftex.def Info: rigidity_v101.pdf , page41 used on input line 4.
(pdftex.def)             Requested size: 597.78697pt x 773.60669pt.
File: rigidity_v101.pdf Graphic file (type pdf)
<use rigidity_v101.pdf, page 41>
Package pdftex.def Info: rigidity_v101.pdf , page41 used on input line 4.
(pdftex.def)             Requested size: 597.78697pt x 773.60669pt.
 [41

 <./rigidity_v101.pdf>]
<rigidity_v101.pdf, id=332, page=42, 614.295pt x 794.97pt>
File: rigidity_v101.pdf Graphic file (type pdf)
<use rigidity_v101.pdf, page 42>
Package pdftex.def Info: rigidity_v101.pdf , page42 used on input line 4.
(pdftex.def)             Requested size: 597.78697pt x 773.60669pt.
File: rigidity_v101.pdf Graphic file (type pdf)
<use rigidity_v101.pdf, page 42>
Package pdftex.def Info: rigidity_v101.pdf , page42 used on input line 4.
(pdftex.def)             Requested size: 597.78697pt x 773.60669pt.
File: rigidity_v101.pdf Graphic file (type pdf)
<use rigidity_v101.pdf, page 42>
Package pdftex.def Info: rigidity_v101.pdf , page42 used on input line 4.
(pdftex.def)             Requested size: 597.78697pt x 773.60669pt.
 [42

 <./rigidity_v101.pdf>]
<rigidity_v101.pdf, id=336, page=43, 614.295pt x 794.97pt>
File: rigidity_v101.pdf Graphic file (type pdf)
<use rigidity_v101.pdf, page 43>
Package pdftex.def Info: rigidity_v101.pdf , page43 used on input line 4.
(pdftex.def)             Requested size: 597.78697pt x 773.60669pt.
File: rigidity_v101.pdf Graphic file (type pdf)
<use rigidity_v101.pdf, page 43>
Package pdftex.def Info: rigidity_v101.pdf , page43 used on input line 4.
(pdftex.def)             Requested size: 597.78697pt x 773.60669pt.
File: rigidity_v101.pdf Graphic file (type pdf)
<use rigidity_v101.pdf, page 43>
Package pdftex.def Info: rigidity_v101.pdf , page43 used on input line 4.
(pdftex.def)             Requested size: 597.78697pt x 773.60669pt.
 [43

 <./rigidity_v101.pdf>]
<rigidity_v101.pdf, id=341, page=44, 614.295pt x 794.97pt>
File: rigidity_v101.pdf Graphic file (type pdf)
<use rigidity_v101.pdf, page 44>
Package pdftex.def Info: rigidity_v101.pdf , page44 used on input line 4.
(pdftex.def)             Requested size: 597.78697pt x 773.60669pt.
File: rigidity_v101.pdf Graphic file (type pdf)
<use rigidity_v101.pdf, page 44>
Package pdftex.def Info: rigidity_v101.pdf , page44 used on input line 4.
(pdftex.def)             Requested size: 597.78697pt x 773.60669pt.
File: rigidity_v101.pdf Graphic file (type pdf)
<use rigidity_v101.pdf, page 44>
Package pdftex.def Info: rigidity_v101.pdf , page44 used on input line 4.
(pdftex.def)             Requested size: 597.78697pt x 773.60669pt.
 [44

 <./rigidity_v101.pdf>]
<rigidity_v101.pdf, id=345, page=45, 614.295pt x 794.97pt>
File: rigidity_v101.pdf Graphic file (type pdf)
<use rigidity_v101.pdf, page 45>
Package pdftex.def Info: rigidity_v101.pdf , page45 used on input line 4.
(pdftex.def)             Requested size: 597.78697pt x 773.60669pt.
File: rigidity_v101.pdf Graphic file (type pdf)
<use rigidity_v101.pdf, page 45>
Package pdftex.def Info: rigidity_v101.pdf , page45 used on input line 4.
(pdftex.def)             Requested size: 597.78697pt x 773.60669pt.
File: rigidity_v101.pdf Graphic file (type pdf)
<use rigidity_v101.pdf, page 45>
Package pdftex.def Info: rigidity_v101.pdf , page45 used on input line 4.
(pdftex.def)             Requested size: 597.78697pt x 773.60669pt.
 [45

 <./rigidity_v101.pdf>]
<rigidity_v101.pdf, id=349, page=46, 614.295pt x 794.97pt>
File: rigidity_v101.pdf Graphic file (type pdf)
<use rigidity_v101.pdf, page 46>
Package pdftex.def Info: rigidity_v101.pdf , page46 used on input line 4.
(pdftex.def)             Requested size: 597.78697pt x 773.60669pt.
File: rigidity_v101.pdf Graphic file (type pdf)
<use rigidity_v101.pdf, page 46>
Package pdftex.def Info: rigidity_v101.pdf , page46 used on input line 4.
(pdftex.def)             Requested size: 597.78697pt x 773.60669pt.
File: rigidity_v101.pdf Graphic file (type pdf)
<use rigidity_v101.pdf, page 46>
Package pdftex.def Info: rigidity_v101.pdf , page46 used on input line 4.
(pdftex.def)             Requested size: 597.78697pt x 773.60669pt.
 [46

 <./rigidity_v101.pdf>]
<rigidity_v101.pdf, id=353, page=47, 614.295pt x 794.97pt>
File: rigidity_v101.pdf Graphic file (type pdf)
<use rigidity_v101.pdf, page 47>
Package pdftex.def Info: rigidity_v101.pdf , page47 used on input line 4.
(pdftex.def)             Requested size: 597.78697pt x 773.60669pt.
File: rigidity_v101.pdf Graphic file (type pdf)
<use rigidity_v101.pdf, page 47>
Package pdftex.def Info: rigidity_v101.pdf , page47 used on input line 4.
(pdftex.def)             Requested size: 597.78697pt x 773.60669pt.
File: rigidity_v101.pdf Graphic file (type pdf)
<use rigidity_v101.pdf, page 47>
Package pdftex.def Info: rigidity_v101.pdf , page47 used on input line 4.
(pdftex.def)             Requested size: 597.78697pt x 773.60669pt.
 [47

 <./rigidity_v101.pdf>]
<rigidity_v101.pdf, id=357, page=48, 614.295pt x 794.97pt>
File: rigidity_v101.pdf Graphic file (type pdf)
<use rigidity_v101.pdf, page 48>
Package pdftex.def Info: rigidity_v101.pdf , page48 used on input line 4.
(pdftex.def)             Requested size: 597.78697pt x 773.60669pt.
File: rigidity_v101.pdf Graphic file (type pdf)
<use rigidity_v101.pdf, page 48>
Package pdftex.def Info: rigidity_v101.pdf , page48 used on input line 4.
(pdftex.def)             Requested size: 597.78697pt x 773.60669pt.
File: rigidity_v101.pdf Graphic file (type pdf)
<use rigidity_v101.pdf, page 48>
Package pdftex.def Info: rigidity_v101.pdf , page48 used on input line 4.
(pdftex.def)             Requested size: 597.78697pt x 773.60669pt.
 [48

 <./rigidity_v101.pdf>]
<rigidity_v101.pdf, id=361, page=49, 614.295pt x 794.97pt>
File: rigidity_v101.pdf Graphic file (type pdf)
<use rigidity_v101.pdf, page 49>
Package pdftex.def Info: rigidity_v101.pdf , page49 used on input line 4.
(pdftex.def)             Requested size: 597.78697pt x 773.60669pt.
File: rigidity_v101.pdf Graphic file (type pdf)
<use rigidity_v101.pdf, page 49>
Package pdftex.def Info: rigidity_v101.pdf , page49 used on input line 4.
(pdftex.def)             Requested size: 597.78697pt x 773.60669pt.
File: rigidity_v101.pdf Graphic file (type pdf)
<use rigidity_v101.pdf, page 49>
Package pdftex.def Info: rigidity_v101.pdf , page49 used on input line 4.
(pdftex.def)             Requested size: 597.78697pt x 773.60669pt.
 [49

 <./rigidity_v101.pdf>]
<rigidity_v101.pdf, id=366, page=50, 614.295pt x 794.97pt>
File: rigidity_v101.pdf Graphic file (type pdf)
<use rigidity_v101.pdf, page 50>
Package pdftex.def Info: rigidity_v101.pdf , page50 used on input line 4.
(pdftex.def)             Requested size: 597.78697pt x 773.60669pt.
File: rigidity_v101.pdf Graphic file (type pdf)
<use rigidity_v101.pdf, page 50>
Package pdftex.def Info: rigidity_v101.pdf , page50 used on input line 4.
(pdftex.def)             Requested size: 597.78697pt x 773.60669pt.
File: rigidity_v101.pdf Graphic file (type pdf)
<use rigidity_v101.pdf, page 50>
Package pdftex.def Info: rigidity_v101.pdf , page50 used on input line 4.
(pdftex.def)             Requested size: 597.78697pt x 773.60669pt.
 [50

 <./rigidity_v101.pdf>]
<rigidity_v101.pdf, id=370, page=51, 614.295pt x 794.97pt>
File: rigidity_v101.pdf Graphic file (type pdf)
<use rigidity_v101.pdf, page 51>
Package pdftex.def Info: rigidity_v101.pdf , page51 used on input line 4.
(pdftex.def)             Requested size: 597.78697pt x 773.60669pt.
File: rigidity_v101.pdf Graphic file (type pdf)
<use rigidity_v101.pdf, page 51>
Package pdftex.def Info: rigidity_v101.pdf , page51 used on input line 4.
(pdftex.def)             Requested size: 597.78697pt x 773.60669pt.
File: rigidity_v101.pdf Graphic file (type pdf)
<use rigidity_v101.pdf, page 51>
Package pdftex.def Info: rigidity_v101.pdf , page51 used on input line 4.
(pdftex.def)             Requested size: 597.78697pt x 773.60669pt.
 [51

 <./rigidity_v101.pdf>]
<rigidity_v101.pdf, id=374, page=52, 614.295pt x 794.97pt>
File: rigidity_v101.pdf Graphic file (type pdf)
<use rigidity_v101.pdf, page 52>
Package pdftex.def Info: rigidity_v101.pdf , page52 used on input line 4.
(pdftex.def)             Requested size: 597.78697pt x 773.60669pt.
File: rigidity_v101.pdf Graphic file (type pdf)
<use rigidity_v101.pdf, page 52>
Package pdftex.def Info: rigidity_v101.pdf , page52 used on input line 4.
(pdftex.def)             Requested size: 597.78697pt x 773.60669pt.
File: rigidity_v101.pdf Graphic file (type pdf)
<use rigidity_v101.pdf, page 52>
Package pdftex.def Info: rigidity_v101.pdf , page52 used on input line 4.
(pdftex.def)             Requested size: 597.78697pt x 773.60669pt.
 [52

 <./rigidity_v101.pdf>]
<rigidity_v101.pdf, id=378, page=53, 614.295pt x 794.97pt>
File: rigidity_v101.pdf Graphic file (type pdf)
<use rigidity_v101.pdf, page 53>
Package pdftex.def Info: rigidity_v101.pdf , page53 used on input line 4.
(pdftex.def)             Requested size: 597.78697pt x 773.60669pt.
File: rigidity_v101.pdf Graphic file (type pdf)
<use rigidity_v101.pdf, page 53>
Package pdftex.def Info: rigidity_v101.pdf , page53 used on input line 4.
(pdftex.def)             Requested size: 597.78697pt x 773.60669pt.
File: rigidity_v101.pdf Graphic file (type pdf)
<use rigidity_v101.pdf, page 53>
Package pdftex.def Info: rigidity_v101.pdf , page53 used on input line 4.
(pdftex.def)             Requested size: 597.78697pt x 773.60669pt.
 [53

 <./rigidity_v101.pdf>]
<rigidity_v101.pdf, id=382, page=54, 614.295pt x 794.97pt>
File: rigidity_v101.pdf Graphic file (type pdf)
<use rigidity_v101.pdf, page 54>
Package pdftex.def Info: rigidity_v101.pdf , page54 used on input line 4.
(pdftex.def)             Requested size: 597.78697pt x 773.60669pt.
File: rigidity_v101.pdf Graphic file (type pdf)
<use rigidity_v101.pdf, page 54>
Package pdftex.def Info: rigidity_v101.pdf , page54 used on input line 4.
(pdftex.def)             Requested size: 597.78697pt x 773.60669pt.
File: rigidity_v101.pdf Graphic file (type pdf)
<use rigidity_v101.pdf, page 54>
Package pdftex.def Info: rigidity_v101.pdf , page54 used on input line 4.
(pdftex.def)             Requested size: 597.78697pt x 773.60669pt.
 [54

 <./rigidity_v101.pdf>]
<rigidity_v101.pdf, id=386, page=55, 614.295pt x 794.97pt>
File: rigidity_v101.pdf Graphic file (type pdf)
<use rigidity_v101.pdf, page 55>
Package pdftex.def Info: rigidity_v101.pdf , page55 used on input line 4.
(pdftex.def)             Requested size: 597.78697pt x 773.60669pt.
File: rigidity_v101.pdf Graphic file (type pdf)
<use rigidity_v101.pdf, page 55>
Package pdftex.def Info: rigidity_v101.pdf , page55 used on input line 4.
(pdftex.def)             Requested size: 597.78697pt x 773.60669pt.
File: rigidity_v101.pdf Graphic file (type pdf)
<use rigidity_v101.pdf, page 55>
Package pdftex.def Info: rigidity_v101.pdf , page55 used on input line 4.
(pdftex.def)             Requested size: 597.78697pt x 773.60669pt.
 [55

 <./rigidity_v101.pdf>]
<rigidity_v101.pdf, id=391, page=56, 614.295pt x 794.97pt>
File: rigidity_v101.pdf Graphic file (type pdf)
<use rigidity_v101.pdf, page 56>
Package pdftex.def Info: rigidity_v101.pdf , page56 used on input line 4.
(pdftex.def)             Requested size: 597.78697pt x 773.60669pt.
File: rigidity_v101.pdf Graphic file (type pdf)
<use rigidity_v101.pdf, page 56>
Package pdftex.def Info: rigidity_v101.pdf , page56 used on input line 4.
(pdftex.def)             Requested size: 597.78697pt x 773.60669pt.
File: rigidity_v101.pdf Graphic file (type pdf)
<use rigidity_v101.pdf, page 56>
Package pdftex.def Info: rigidity_v101.pdf , page56 used on input line 4.
(pdftex.def)             Requested size: 597.78697pt x 773.60669pt.
 [56

 <./rigidity_v101.pdf>]
<rigidity_v101.pdf, id=401, page=57, 614.295pt x 794.97pt>
File: rigidity_v101.pdf Graphic file (type pdf)
<use rigidity_v101.pdf, page 57>
Package pdftex.def Info: rigidity_v101.pdf , page57 used on input line 4.
(pdftex.def)             Requested size: 597.78697pt x 773.60669pt.
File: rigidity_v101.pdf Graphic file (type pdf)
<use rigidity_v101.pdf, page 57>
Package pdftex.def Info: rigidity_v101.pdf , page57 used on input line 4.
(pdftex.def)             Requested size: 597.78697pt x 773.60669pt.
File: rigidity_v101.pdf Graphic file (type pdf)
<use rigidity_v101.pdf, page 57>
Package pdftex.def Info: rigidity_v101.pdf , page57 used on input line 4.
(pdftex.def)             Requested size: 597.78697pt x 773.60669pt.
 [57

 <./rigidity_v101.pdf>]
<rigidity_v101_archive.pdf, id=405, 614.295pt x 794.97pt>
File: rigidity_v101_archive.pdf Graphic file (type pdf)
<use rigidity_v101_archive.pdf>
Package pdftex.def Info: rigidity_v101_archive.pdf  used on input line 5.
(pdftex.def)             Requested size: 614.29349pt x 794.96806pt.
File: rigidity_v101_archive.pdf Graphic file (type pdf)
<use rigidity_v101_archive.pdf>
Package pdftex.def Info: rigidity_v101_archive.pdf  used on input line 5.
(pdftex.def)             Requested size: 614.29349pt x 794.96806pt.
<rigidity_v101_archive.pdf, id=408, page=1, 614.295pt x 794.97pt>
File: rigidity_v101_archive.pdf Graphic file (type pdf)
<use rigidity_v101_archive.pdf, page 1>
Package pdftex.def Info: rigidity_v101_archive.pdf , page1 used on input line 5
.
(pdftex.def)             Requested size: 614.29349pt x 794.96806pt.
File: rigidity_v101_archive.pdf Graphic file (type pdf)
<use rigidity_v101_archive.pdf, page 1>
Package pdftex.def Info: rigidity_v101_archive.pdf , page1 used on input line 5
.
(pdftex.def)             Requested size: 597.78697pt x 773.60669pt.
File: rigidity_v101_archive.pdf Graphic file (type pdf)
<use rigidity_v101_archive.pdf, page 1>
Package pdftex.def Info: rigidity_v101_archive.pdf , page1 used on input line 5
.
(pdftex.def)             Requested size: 597.78697pt x 773.60669pt.
File: rigidity_v101_archive.pdf Graphic file (type pdf)
<use rigidity_v101_archive.pdf, page 1>
Package pdftex.def Info: rigidity_v101_archive.pdf , page1 used on input line 5
.
(pdftex.def)             Requested size: 597.78697pt x 773.60669pt.
File: rigidity_v101_archive.pdf Graphic file (type pdf)
<use rigidity_v101_archive.pdf, page 1>
Package pdftex.def Info: rigidity_v101_archive.pdf , page1 used on input line 5
.
(pdftex.def)             Requested size: 597.78697pt x 773.60669pt.

[58

 <./rigidity_v101_archive.pdf>]
<rigidity_v101_archive.pdf, id=494, page=2, 614.295pt x 794.97pt>
File: rigidity_v101_archive.pdf Graphic file (type pdf)
<use rigidity_v101_archive.pdf, page 2>
Package pdftex.def Info: rigidity_v101_archive.pdf , page2 used on input line 5
.
(pdftex.def)             Requested size: 597.78697pt x 773.60669pt.
File: rigidity_v101_archive.pdf Graphic file (type pdf)
<use rigidity_v101_archive.pdf, page 2>
Package pdftex.def Info: rigidity_v101_archive.pdf , page2 used on input line 5
.
(pdftex.def)             Requested size: 597.78697pt x 773.60669pt.
File: rigidity_v101_archive.pdf Graphic file (type pdf)
<use rigidity_v101_archive.pdf, page 2>
Package pdftex.def Info: rigidity_v101_archive.pdf , page2 used on input line 5
.
(pdftex.def)             Requested size: 597.78697pt x 773.60669pt.
 [59

 <./rigidity_v101_archive.pdf>]
<rigidity_v101_archive.pdf, id=527, page=3, 614.295pt x 794.97pt>
File: rigidity_v101_archive.pdf Graphic file (type pdf)
<use rigidity_v101_archive.pdf, page 3>
Package pdftex.def Info: rigidity_v101_archive.pdf , page3 used on input line 5
.
(pdftex.def)             Requested size: 597.78697pt x 773.60669pt.
File: rigidity_v101_archive.pdf Graphic file (type pdf)
<use rigidity_v101_archive.pdf, page 3>
Package pdftex.def Info: rigidity_v101_archive.pdf , page3 used on input line 5
.
(pdftex.def)             Requested size: 597.78697pt x 773.60669pt.
File: rigidity_v101_archive.pdf Graphic file (type pdf)
<use rigidity_v101_archive.pdf, page 3>
Package pdftex.def Info: rigidity_v101_archive.pdf , page3 used on input line 5
.
(pdftex.def)             Requested size: 597.78697pt x 773.60669pt.
 [60

 <./rigidity_v101_archive.pdf>]
<rigidity_v101_archive.pdf, id=539, page=4, 614.295pt x 794.97pt>
File: rigidity_v101_archive.pdf Graphic file (type pdf)
<use rigidity_v101_archive.pdf, page 4>
Package pdftex.def Info: rigidity_v101_archive.pdf , page4 used on input line 5
.
(pdftex.def)             Requested size: 597.78697pt x 773.60669pt.
File: rigidity_v101_archive.pdf Graphic file (type pdf)
<use rigidity_v101_archive.pdf, page 4>
Package pdftex.def Info: rigidity_v101_archive.pdf , page4 used on input line 5
.
(pdftex.def)             Requested size: 597.78697pt x 773.60669pt.
File: rigidity_v101_archive.pdf Graphic file (type pdf)
<use rigidity_v101_archive.pdf, page 4>
Package pdftex.def Info: rigidity_v101_archive.pdf , page4 used on input line 5
.
(pdftex.def)             Requested size: 597.78697pt x 773.60669pt.
 [61

 <./rigidity_v101_archive.pdf>]
<rigidity_v101_archive.pdf, id=564, page=5, 614.295pt x 794.97pt>
File: rigidity_v101_archive.pdf Graphic file (type pdf)
<use rigidity_v101_archive.pdf, page 5>
Package pdftex.def Info: rigidity_v101_archive.pdf , page5 used on input line 5
.
(pdftex.def)             Requested size: 597.78697pt x 773.60669pt.
File: rigidity_v101_archive.pdf Graphic file (type pdf)
<use rigidity_v101_archive.pdf, page 5>
Package pdftex.def Info: rigidity_v101_archive.pdf , page5 used on input line 5
.
(pdftex.def)             Requested size: 597.78697pt x 773.60669pt.
File: rigidity_v101_archive.pdf Graphic file (type pdf)
<use rigidity_v101_archive.pdf, page 5>
Package pdftex.def Info: rigidity_v101_archive.pdf , page5 used on input line 5
.
(pdftex.def)             Requested size: 597.78697pt x 773.60669pt.
 [62

 <./rigidity_v101_archive.pdf>]
<rigidity_v101_archive.pdf, id=576, page=6, 614.295pt x 794.97pt>
File: rigidity_v101_archive.pdf Graphic file (type pdf)
<use rigidity_v101_archive.pdf, page 6>
Package pdftex.def Info: rigidity_v101_archive.pdf , page6 used on input line 5
.
(pdftex.def)             Requested size: 597.78697pt x 773.60669pt.
File: rigidity_v101_archive.pdf Graphic file (type pdf)
<use rigidity_v101_archive.pdf, page 6>
Package pdftex.def Info: rigidity_v101_archive.pdf , page6 used on input line 5
.
(pdftex.def)             Requested size: 597.78697pt x 773.60669pt.
File: rigidity_v101_archive.pdf Graphic file (type pdf)
<use rigidity_v101_archive.pdf, page 6>
Package pdftex.def Info: rigidity_v101_archive.pdf , page6 used on input line 5
.
(pdftex.def)             Requested size: 597.78697pt x 773.60669pt.
 [63

 <./rigidity_v101_archive.pdf>]
<rigidity_v101_archive.pdf, id=581, page=7, 614.295pt x 794.97pt>
File: rigidity_v101_archive.pdf Graphic file (type pdf)
<use rigidity_v101_archive.pdf, page 7>
Package pdftex.def Info: rigidity_v101_archive.pdf , page7 used on input line 5
.
(pdftex.def)             Requested size: 597.78697pt x 773.60669pt.
File: rigidity_v101_archive.pdf Graphic file (type pdf)
<use rigidity_v101_archive.pdf, page 7>
Package pdftex.def Info: rigidity_v101_archive.pdf , page7 used on input line 5
.
(pdftex.def)             Requested size: 597.78697pt x 773.60669pt.
File: rigidity_v101_archive.pdf Graphic file (type pdf)
<use rigidity_v101_archive.pdf, page 7>
Package pdftex.def Info: rigidity_v101_archive.pdf , page7 used on input line 5
.
(pdftex.def)             Requested size: 597.78697pt x 773.60669pt.
 [64

 <./rigidity_v101_archive.pdf>]
<rigidity_v101_archive.pdf, id=607, page=8, 614.295pt x 794.97pt>
File: rigidity_v101_archive.pdf Graphic file (type pdf)
<use rigidity_v101_archive.pdf, page 8>
Package pdftex.def Info: rigidity_v101_archive.pdf , page8 used on input line 5
.
(pdftex.def)             Requested size: 597.78697pt x 773.60669pt.
File: rigidity_v101_archive.pdf Graphic file (type pdf)
<use rigidity_v101_archive.pdf, page 8>
Package pdftex.def Info: rigidity_v101_archive.pdf , page8 used on input line 5
.
(pdftex.def)             Requested size: 597.78697pt x 773.60669pt.
File: rigidity_v101_archive.pdf Graphic file (type pdf)
<use rigidity_v101_archive.pdf, page 8>
Package pdftex.def Info: rigidity_v101_archive.pdf , page8 used on input line 5
.
(pdftex.def)             Requested size: 597.78697pt x 773.60669pt.
 [65

 <./rigidity_v101_archive.pdf>]
<rigidity_v101_archive.pdf, id=612, page=9, 614.295pt x 794.97pt>
File: rigidity_v101_archive.pdf Graphic file (type pdf)
<use rigidity_v101_archive.pdf, page 9>
Package pdftex.def Info: rigidity_v101_archive.pdf , page9 used on input line 5
.
(pdftex.def)             Requested size: 597.78697pt x 773.60669pt.
File: rigidity_v101_archive.pdf Graphic file (type pdf)
<use rigidity_v101_archive.pdf, page 9>
Package pdftex.def Info: rigidity_v101_archive.pdf , page9 used on input line 5
.
(pdftex.def)             Requested size: 597.78697pt x 773.60669pt.
File: rigidity_v101_archive.pdf Graphic file (type pdf)
<use rigidity_v101_archive.pdf, page 9>
Package pdftex.def Info: rigidity_v101_archive.pdf , page9 used on input line 5
.
(pdftex.def)             Requested size: 597.78697pt x 773.60669pt.
 [66

 <./rigidity_v101_archive.pdf>]
<rigidity_v101_archive.pdf, id=617, page=10, 614.295pt x 794.97pt>
File: rigidity_v101_archive.pdf Graphic file (type pdf)
<use rigidity_v101_archive.pdf, page 10>
Package pdftex.def Info: rigidity_v101_archive.pdf , page10 used on input line 
5.
(pdftex.def)             Requested size: 597.78697pt x 773.60669pt.
File: rigidity_v101_archive.pdf Graphic file (type pdf)
<use rigidity_v101_archive.pdf, page 10>
Package pdftex.def Info: rigidity_v101_archive.pdf , page10 used on input line 
5.
(pdftex.def)             Requested size: 597.78697pt x 773.60669pt.
File: rigidity_v101_archive.pdf Graphic file (type pdf)
<use rigidity_v101_archive.pdf, page 10>
Package pdftex.def Info: rigidity_v101_archive.pdf , page10 used on input line 
5.
(pdftex.def)             Requested size: 597.78697pt x 773.60669pt.

[67

 <./rigidity_v101_archive.pdf>]
<rigidity_v101_archive.pdf, id=623, page=11, 614.295pt x 794.97pt>
File: rigidity_v101_archive.pdf Graphic file (type pdf)
<use rigidity_v101_archive.pdf, page 11>
Package pdftex.def Info: rigidity_v101_archive.pdf , page11 used on input line 
5.
(pdftex.def)             Requested size: 597.78697pt x 773.60669pt.
File: rigidity_v101_archive.pdf Graphic file (type pdf)
<use rigidity_v101_archive.pdf, page 11>
Package pdftex.def Info: rigidity_v101_archive.pdf , page11 used on input line 
5.
(pdftex.def)             Requested size: 597.78697pt x 773.60669pt.
File: rigidity_v101_archive.pdf Graphic file (type pdf)
<use rigidity_v101_archive.pdf, page 11>
Package pdftex.def Info: rigidity_v101_archive.pdf , page11 used on input line 
5.
(pdftex.def)             Requested size: 597.78697pt x 773.60669pt.
 [68

 <./rigidity_v101_archive.pdf>]
<rigidity_v101_archive.pdf, id=628, page=12, 614.295pt x 794.97pt>
File: rigidity_v101_archive.pdf Graphic file (type pdf)
<use rigidity_v101_archive.pdf, page 12>
Package pdftex.def Info: rigidity_v101_archive.pdf , page12 used on input line 
5.
(pdftex.def)             Requested size: 597.78697pt x 773.60669pt.
File: rigidity_v101_archive.pdf Graphic file (type pdf)
<use rigidity_v101_archive.pdf, page 12>
Package pdftex.def Info: rigidity_v101_archive.pdf , page12 used on input line 
5.
(pdftex.def)             Requested size: 597.78697pt x 773.60669pt.
File: rigidity_v101_archive.pdf Graphic file (type pdf)
<use rigidity_v101_archive.pdf, page 12>
Package pdftex.def Info: rigidity_v101_archive.pdf , page12 used on input line 
5.
(pdftex.def)             Requested size: 597.78697pt x 773.60669pt.
 [69

 <./rigidity_v101_archive.pdf>]
<rigidity_v101_archive.pdf, id=633, page=13, 614.295pt x 794.97pt>
File: rigidity_v101_archive.pdf Graphic file (type pdf)
<use rigidity_v101_archive.pdf, page 13>
Package pdftex.def Info: rigidity_v101_archive.pdf , page13 used on input line 
5.
(pdftex.def)             Requested size: 597.78697pt x 773.60669pt.
File: rigidity_v101_archive.pdf Graphic file (type pdf)
<use rigidity_v101_archive.pdf, page 13>
Package pdftex.def Info: rigidity_v101_archive.pdf , page13 used on input line 
5.
(pdftex.def)             Requested size: 597.78697pt x 773.60669pt.
File: rigidity_v101_archive.pdf Graphic file (type pdf)
<use rigidity_v101_archive.pdf, page 13>
Package pdftex.def Info: rigidity_v101_archive.pdf , page13 used on input line 
5.
(pdftex.def)             Requested size: 597.78697pt x 773.60669pt.
 [70

 <./rigidity_v101_archive.pdf>]
<rigidity_v101_archive.pdf, id=638, page=14, 614.295pt x 794.97pt>
File: rigidity_v101_archive.pdf Graphic file (type pdf)
<use rigidity_v101_archive.pdf, page 14>
Package pdftex.def Info: rigidity_v101_archive.pdf , page14 used on input line 
5.
(pdftex.def)             Requested size: 597.78697pt x 773.60669pt.
File: rigidity_v101_archive.pdf Graphic file (type pdf)
<use rigidity_v101_archive.pdf, page 14>
Package pdftex.def Info: rigidity_v101_archive.pdf , page14 used on input line 
5.
(pdftex.def)             Requested size: 597.78697pt x 773.60669pt.
File: rigidity_v101_archive.pdf Graphic file (type pdf)
<use rigidity_v101_archive.pdf, page 14>
Package pdftex.def Info: rigidity_v101_archive.pdf , page14 used on input line 
5.
(pdftex.def)             Requested size: 597.78697pt x 773.60669pt.
 [71

 <./rigidity_v101_archive.pdf>]
<rigidity_v101_archive.pdf, id=643, page=15, 614.295pt x 794.97pt>
File: rigidity_v101_archive.pdf Graphic file (type pdf)
<use rigidity_v101_archive.pdf, page 15>
Package pdftex.def Info: rigidity_v101_archive.pdf , page15 used on input line 
5.
(pdftex.def)             Requested size: 597.78697pt x 773.60669pt.
File: rigidity_v101_archive.pdf Graphic file (type pdf)
<use rigidity_v101_archive.pdf, page 15>
Package pdftex.def Info: rigidity_v101_archive.pdf , page15 used on input line 
5.
(pdftex.def)             Requested size: 597.78697pt x 773.60669pt.
File: rigidity_v101_archive.pdf Graphic file (type pdf)
<use rigidity_v101_archive.pdf, page 15>
Package pdftex.def Info: rigidity_v101_archive.pdf , page15 used on input line 
5.
(pdftex.def)             Requested size: 597.78697pt x 773.60669pt.
 [72

 <./rigidity_v101_archive.pdf>]
<rigidity_v101_archive.pdf, id=648, page=16, 614.295pt x 794.97pt>
File: rigidity_v101_archive.pdf Graphic file (type pdf)
<use rigidity_v101_archive.pdf, page 16>
Package pdftex.def Info: rigidity_v101_archive.pdf , page16 used on input line 
5.
(pdftex.def)             Requested size: 597.78697pt x 773.60669pt.
File: rigidity_v101_archive.pdf Graphic file (type pdf)
<use rigidity_v101_archive.pdf, page 16>
Package pdftex.def Info: rigidity_v101_archive.pdf , page16 used on input line 
5.
(pdftex.def)             Requested size: 597.78697pt x 773.60669pt.
File: rigidity_v101_archive.pdf Graphic file (type pdf)
<use rigidity_v101_archive.pdf, page 16>
Package pdftex.def Info: rigidity_v101_archive.pdf , page16 used on input line 
5.
(pdftex.def)             Requested size: 597.78697pt x 773.60669pt.
 [73

 <./rigidity_v101_archive.pdf>]
<rigidity_v101_archive.pdf, id=654, page=17, 614.295pt x 794.97pt>
File: rigidity_v101_archive.pdf Graphic file (type pdf)
<use rigidity_v101_archive.pdf, page 17>
Package pdftex.def Info: rigidity_v101_archive.pdf , page17 used on input line 
5.
(pdftex.def)             Requested size: 597.78697pt x 773.60669pt.
File: rigidity_v101_archive.pdf Graphic file (type pdf)
<use rigidity_v101_archive.pdf, page 17>
Package pdftex.def Info: rigidity_v101_archive.pdf , page17 used on input line 
5.
(pdftex.def)             Requested size: 597.78697pt x 773.60669pt.
File: rigidity_v101_archive.pdf Graphic file (type pdf)
<use rigidity_v101_archive.pdf, page 17>
Package pdftex.def Info: rigidity_v101_archive.pdf , page17 used on input line 
5.
(pdftex.def)             Requested size: 597.78697pt x 773.60669pt.
 [74

 <./rigidity_v101_archive.pdf>]
<rigidity_v101_archive.pdf, id=659, page=18, 614.295pt x 794.97pt>
File: rigidity_v101_archive.pdf Graphic file (type pdf)
<use rigidity_v101_archive.pdf, page 18>
Package pdftex.def Info: rigidity_v101_archive.pdf , page18 used on input line 
5.
(pdftex.def)             Requested size: 597.78697pt x 773.60669pt.
File: rigidity_v101_archive.pdf Graphic file (type pdf)
<use rigidity_v101_archive.pdf, page 18>
Package pdftex.def Info: rigidity_v101_archive.pdf , page18 used on input line 
5.
(pdftex.def)             Requested size: 597.78697pt x 773.60669pt.
File: rigidity_v101_archive.pdf Graphic file (type pdf)
<use rigidity_v101_archive.pdf, page 18>
Package pdftex.def Info: rigidity_v101_archive.pdf , page18 used on input line 
5.
(pdftex.def)             Requested size: 597.78697pt x 773.60669pt.
 [75

 <./rigidity_v101_archive.pdf>]
<rigidity_v101_archive.pdf, id=664, page=19, 614.295pt x 794.97pt>
File: rigidity_v101_archive.pdf Graphic file (type pdf)
<use rigidity_v101_archive.pdf, page 19>
Package pdftex.def Info: rigidity_v101_archive.pdf , page19 used on input line 
5.
(pdftex.def)             Requested size: 597.78697pt x 773.60669pt.
File: rigidity_v101_archive.pdf Graphic file (type pdf)
<use rigidity_v101_archive.pdf, page 19>
Package pdftex.def Info: rigidity_v101_archive.pdf , page19 used on input line 
5.
(pdftex.def)             Requested size: 597.78697pt x 773.60669pt.
File: rigidity_v101_archive.pdf Graphic file (type pdf)
<use rigidity_v101_archive.pdf, page 19>
Package pdftex.def Info: rigidity_v101_archive.pdf , page19 used on input line 
5.
(pdftex.def)             Requested size: 597.78697pt x 773.60669pt.

[76

 <./rigidity_v101_archive.pdf>]
<rigidity_v101_archive.pdf, id=669, page=20, 614.295pt x 794.97pt>
File: rigidity_v101_archive.pdf Graphic file (type pdf)
<use rigidity_v101_archive.pdf, page 20>
Package pdftex.def Info: rigidity_v101_archive.pdf , page20 used on input line 
5.
(pdftex.def)             Requested size: 597.78697pt x 773.60669pt.
File: rigidity_v101_archive.pdf Graphic file (type pdf)
<use rigidity_v101_archive.pdf, page 20>
Package pdftex.def Info: rigidity_v101_archive.pdf , page20 used on input line 
5.
(pdftex.def)             Requested size: 597.78697pt x 773.60669pt.
File: rigidity_v101_archive.pdf Graphic file (type pdf)
<use rigidity_v101_archive.pdf, page 20>
Package pdftex.def Info: rigidity_v101_archive.pdf , page20 used on input line 
5.
(pdftex.def)             Requested size: 597.78697pt x 773.60669pt.
 [77

 <./rigidity_v101_archive.pdf>]
<rigidity_v101_archive.pdf, id=681, page=21, 614.295pt x 794.97pt>
File: rigidity_v101_archive.pdf Graphic file (type pdf)
<use rigidity_v101_archive.pdf, page 21>
Package pdftex.def Info: rigidity_v101_archive.pdf , page21 used on input line 
5.
(pdftex.def)             Requested size: 597.78697pt x 773.60669pt.
File: rigidity_v101_archive.pdf Graphic file (type pdf)
<use rigidity_v101_archive.pdf, page 21>
Package pdftex.def Info: rigidity_v101_archive.pdf , page21 used on input line 
5.
(pdftex.def)             Requested size: 597.78697pt x 773.60669pt.
File: rigidity_v101_archive.pdf Graphic file (type pdf)
<use rigidity_v101_archive.pdf, page 21>
Package pdftex.def Info: rigidity_v101_archive.pdf , page21 used on input line 
5.
(pdftex.def)             Requested size: 597.78697pt x 773.60669pt.
 [78

 <./rigidity_v101_archive.pdf>]
<rigidity_v101_archive.pdf, id=686, page=22, 614.295pt x 794.97pt>
File: rigidity_v101_archive.pdf Graphic file (type pdf)
<use rigidity_v101_archive.pdf, page 22>
Package pdftex.def Info: rigidity_v101_archive.pdf , page22 used on input line 
5.
(pdftex.def)             Requested size: 597.78697pt x 773.60669pt.
File: rigidity_v101_archive.pdf Graphic file (type pdf)
<use rigidity_v101_archive.pdf, page 22>
Package pdftex.def Info: rigidity_v101_archive.pdf , page22 used on input line 
5.
(pdftex.def)             Requested size: 597.78697pt x 773.60669pt.
File: rigidity_v101_archive.pdf Graphic file (type pdf)
<use rigidity_v101_archive.pdf, page 22>
Package pdftex.def Info: rigidity_v101_archive.pdf , page22 used on input line 
5.
(pdftex.def)             Requested size: 597.78697pt x 773.60669pt.
 [79

 <./rigidity_v101_archive.pdf>]
<rigidity_v101_archive.pdf, id=692, page=23, 614.295pt x 794.97pt>
File: rigidity_v101_archive.pdf Graphic file (type pdf)
<use rigidity_v101_archive.pdf, page 23>
Package pdftex.def Info: rigidity_v101_archive.pdf , page23 used on input line 
5.
(pdftex.def)             Requested size: 597.78697pt x 773.60669pt.
File: rigidity_v101_archive.pdf Graphic file (type pdf)
<use rigidity_v101_archive.pdf, page 23>
Package pdftex.def Info: rigidity_v101_archive.pdf , page23 used on input line 
5.
(pdftex.def)             Requested size: 597.78697pt x 773.60669pt.
File: rigidity_v101_archive.pdf Graphic file (type pdf)
<use rigidity_v101_archive.pdf, page 23>
Package pdftex.def Info: rigidity_v101_archive.pdf , page23 used on input line 
5.
(pdftex.def)             Requested size: 597.78697pt x 773.60669pt.
 [80

 <./rigidity_v101_archive.pdf>]
<rigidity_v101_archive.pdf, id=697, page=24, 614.295pt x 794.97pt>
File: rigidity_v101_archive.pdf Graphic file (type pdf)
<use rigidity_v101_archive.pdf, page 24>
Package pdftex.def Info: rigidity_v101_archive.pdf , page24 used on input line 
5.
(pdftex.def)             Requested size: 597.78697pt x 773.60669pt.
File: rigidity_v101_archive.pdf Graphic file (type pdf)
<use rigidity_v101_archive.pdf, page 24>
Package pdftex.def Info: rigidity_v101_archive.pdf , page24 used on input line 
5.
(pdftex.def)             Requested size: 597.78697pt x 773.60669pt.
File: rigidity_v101_archive.pdf Graphic file (type pdf)
<use rigidity_v101_archive.pdf, page 24>
Package pdftex.def Info: rigidity_v101_archive.pdf , page24 used on input line 
5.
(pdftex.def)             Requested size: 597.78697pt x 773.60669pt.
 [81

 <./rigidity_v101_archive.pdf>]
<rigidity_v101_archive.pdf, id=702, page=25, 614.295pt x 794.97pt>
File: rigidity_v101_archive.pdf Graphic file (type pdf)
<use rigidity_v101_archive.pdf, page 25>
Package pdftex.def Info: rigidity_v101_archive.pdf , page25 used on input line 
5.
(pdftex.def)             Requested size: 597.78697pt x 773.60669pt.
File: rigidity_v101_archive.pdf Graphic file (type pdf)
<use rigidity_v101_archive.pdf, page 25>
Package pdftex.def Info: rigidity_v101_archive.pdf , page25 used on input line 
5.
(pdftex.def)             Requested size: 597.78697pt x 773.60669pt.
File: rigidity_v101_archive.pdf Graphic file (type pdf)
<use rigidity_v101_archive.pdf, page 25>
Package pdftex.def Info: rigidity_v101_archive.pdf , page25 used on input line 
5.
(pdftex.def)             Requested size: 597.78697pt x 773.60669pt.
 [82

 <./rigidity_v101_archive.pdf>]
<rigidity_v101_archive.pdf, id=707, page=26, 614.295pt x 794.97pt>
File: rigidity_v101_archive.pdf Graphic file (type pdf)
<use rigidity_v101_archive.pdf, page 26>
Package pdftex.def Info: rigidity_v101_archive.pdf , page26 used on input line 
5.
(pdftex.def)             Requested size: 597.78697pt x 773.60669pt.
File: rigidity_v101_archive.pdf Graphic file (type pdf)
<use rigidity_v101_archive.pdf, page 26>
Package pdftex.def Info: rigidity_v101_archive.pdf , page26 used on input line 
5.
(pdftex.def)             Requested size: 597.78697pt x 773.60669pt.
File: rigidity_v101_archive.pdf Graphic file (type pdf)
<use rigidity_v101_archive.pdf, page 26>
Package pdftex.def Info: rigidity_v101_archive.pdf , page26 used on input line 
5.
(pdftex.def)             Requested size: 597.78697pt x 773.60669pt.
 [83

 <./rigidity_v101_archive.pdf>]
<rigidity_v101_archive.pdf, id=712, page=27, 614.295pt x 794.97pt>
File: rigidity_v101_archive.pdf Graphic file (type pdf)
<use rigidity_v101_archive.pdf, page 27>
Package pdftex.def Info: rigidity_v101_archive.pdf , page27 used on input line 
5.
(pdftex.def)             Requested size: 597.78697pt x 773.60669pt.
File: rigidity_v101_archive.pdf Graphic file (type pdf)
<use rigidity_v101_archive.pdf, page 27>
Package pdftex.def Info: rigidity_v101_archive.pdf , page27 used on input line 
5.
(pdftex.def)             Requested size: 597.78697pt x 773.60669pt.
File: rigidity_v101_archive.pdf Graphic file (type pdf)
<use rigidity_v101_archive.pdf, page 27>
Package pdftex.def Info: rigidity_v101_archive.pdf , page27 used on input line 
5.
(pdftex.def)             Requested size: 597.78697pt x 773.60669pt.
 [84

 <./rigidity_v101_archive.pdf>]
<rigidity_v101_archive.pdf, id=717, page=28, 614.295pt x 794.97pt>
File: rigidity_v101_archive.pdf Graphic file (type pdf)
<use rigidity_v101_archive.pdf, page 28>
Package pdftex.def Info: rigidity_v101_archive.pdf , page28 used on input line 
5.
(pdftex.def)             Requested size: 597.78697pt x 773.60669pt.
File: rigidity_v101_archive.pdf Graphic file (type pdf)
<use rigidity_v101_archive.pdf, page 28>
Package pdftex.def Info: rigidity_v101_archive.pdf , page28 used on input line 
5.
(pdftex.def)             Requested size: 597.78697pt x 773.60669pt.
File: rigidity_v101_archive.pdf Graphic file (type pdf)
<use rigidity_v101_archive.pdf, page 28>
Package pdftex.def Info: rigidity_v101_archive.pdf , page28 used on input line 
5.
(pdftex.def)             Requested size: 597.78697pt x 773.60669pt.

[85

 <./rigidity_v101_archive.pdf>]
<rigidity_v101_archive.pdf, id=723, page=29, 614.295pt x 794.97pt>
File: rigidity_v101_archive.pdf Graphic file (type pdf)
<use rigidity_v101_archive.pdf, page 29>
Package pdftex.def Info: rigidity_v101_archive.pdf , page29 used on input line 
5.
(pdftex.def)             Requested size: 597.78697pt x 773.60669pt.
File: rigidity_v101_archive.pdf Graphic file (type pdf)
<use rigidity_v101_archive.pdf, page 29>
Package pdftex.def Info: rigidity_v101_archive.pdf , page29 used on input line 
5.
(pdftex.def)             Requested size: 597.78697pt x 773.60669pt.
File: rigidity_v101_archive.pdf Graphic file (type pdf)
<use rigidity_v101_archive.pdf, page 29>
Package pdftex.def Info: rigidity_v101_archive.pdf , page29 used on input line 
5.
(pdftex.def)             Requested size: 597.78697pt x 773.60669pt.
 [86

 <./rigidity_v101_archive.pdf>]
<rigidity_v101_archive.pdf, id=728, page=30, 614.295pt x 794.97pt>
File: rigidity_v101_archive.pdf Graphic file (type pdf)
<use rigidity_v101_archive.pdf, page 30>
Package pdftex.def Info: rigidity_v101_archive.pdf , page30 used on input line 
5.
(pdftex.def)             Requested size: 597.78697pt x 773.60669pt.
File: rigidity_v101_archive.pdf Graphic file (type pdf)
<use rigidity_v101_archive.pdf, page 30>
Package pdftex.def Info: rigidity_v101_archive.pdf , page30 used on input line 
5.
(pdftex.def)             Requested size: 597.78697pt x 773.60669pt.
File: rigidity_v101_archive.pdf Graphic file (type pdf)
<use rigidity_v101_archive.pdf, page 30>
Package pdftex.def Info: rigidity_v101_archive.pdf , page30 used on input line 
5.
(pdftex.def)             Requested size: 597.78697pt x 773.60669pt.
 [87

 <./rigidity_v101_archive.pdf>]
<rigidity_v101_archive.pdf, id=733, page=31, 614.295pt x 794.97pt>
File: rigidity_v101_archive.pdf Graphic file (type pdf)
<use rigidity_v101_archive.pdf, page 31>
Package pdftex.def Info: rigidity_v101_archive.pdf , page31 used on input line 
5.
(pdftex.def)             Requested size: 597.78697pt x 773.60669pt.
File: rigidity_v101_archive.pdf Graphic file (type pdf)
<use rigidity_v101_archive.pdf, page 31>
Package pdftex.def Info: rigidity_v101_archive.pdf , page31 used on input line 
5.
(pdftex.def)             Requested size: 597.78697pt x 773.60669pt.
File: rigidity_v101_archive.pdf Graphic file (type pdf)
<use rigidity_v101_archive.pdf, page 31>
Package pdftex.def Info: rigidity_v101_archive.pdf , page31 used on input line 
5.
(pdftex.def)             Requested size: 597.78697pt x 773.60669pt.
 [88

 <./rigidity_v101_archive.pdf>]
<rigidity_v101_archive.pdf, id=738, page=32, 614.295pt x 794.97pt>
File: rigidity_v101_archive.pdf Graphic file (type pdf)
<use rigidity_v101_archive.pdf, page 32>
Package pdftex.def Info: rigidity_v101_archive.pdf , page32 used on input line 
5.
(pdftex.def)             Requested size: 597.78697pt x 773.60669pt.
File: rigidity_v101_archive.pdf Graphic file (type pdf)
<use rigidity_v101_archive.pdf, page 32>
Package pdftex.def Info: rigidity_v101_archive.pdf , page32 used on input line 
5.
(pdftex.def)             Requested size: 597.78697pt x 773.60669pt.
File: rigidity_v101_archive.pdf Graphic file (type pdf)
<use rigidity_v101_archive.pdf, page 32>
Package pdftex.def Info: rigidity_v101_archive.pdf , page32 used on input line 
5.
(pdftex.def)             Requested size: 597.78697pt x 773.60669pt.
 [89

 <./rigidity_v101_archive.pdf>]
<rigidity_v101_archive.pdf, id=743, page=33, 614.295pt x 794.97pt>
File: rigidity_v101_archive.pdf Graphic file (type pdf)
<use rigidity_v101_archive.pdf, page 33>
Package pdftex.def Info: rigidity_v101_archive.pdf , page33 used on input line 
5.
(pdftex.def)             Requested size: 597.78697pt x 773.60669pt.
File: rigidity_v101_archive.pdf Graphic file (type pdf)
<use rigidity_v101_archive.pdf, page 33>
Package pdftex.def Info: rigidity_v101_archive.pdf , page33 used on input line 
5.
(pdftex.def)             Requested size: 597.78697pt x 773.60669pt.
File: rigidity_v101_archive.pdf Graphic file (type pdf)
<use rigidity_v101_archive.pdf, page 33>
Package pdftex.def Info: rigidity_v101_archive.pdf , page33 used on input line 
5.
(pdftex.def)             Requested size: 597.78697pt x 773.60669pt.
 [90

 <./rigidity_v101_archive.pdf>]
<rigidity_v101_archive.pdf, id=748, page=34, 614.295pt x 794.97pt>
File: rigidity_v101_archive.pdf Graphic file (type pdf)
<use rigidity_v101_archive.pdf, page 34>
Package pdftex.def Info: rigidity_v101_archive.pdf , page34 used on input line 
5.
(pdftex.def)             Requested size: 597.78697pt x 773.60669pt.
File: rigidity_v101_archive.pdf Graphic file (type pdf)
<use rigidity_v101_archive.pdf, page 34>
Package pdftex.def Info: rigidity_v101_archive.pdf , page34 used on input line 
5.
(pdftex.def)             Requested size: 597.78697pt x 773.60669pt.
File: rigidity_v101_archive.pdf Graphic file (type pdf)
<use rigidity_v101_archive.pdf, page 34>
Package pdftex.def Info: rigidity_v101_archive.pdf , page34 used on input line 
5.
(pdftex.def)             Requested size: 597.78697pt x 773.60669pt.
 [91

 <./rigidity_v101_archive.pdf>]
<rigidity_v101_archive.pdf, id=754, page=35, 614.295pt x 794.97pt>
File: rigidity_v101_archive.pdf Graphic file (type pdf)
<use rigidity_v101_archive.pdf, page 35>
Package pdftex.def Info: rigidity_v101_archive.pdf , page35 used on input line 
5.
(pdftex.def)             Requested size: 597.78697pt x 773.60669pt.
File: rigidity_v101_archive.pdf Graphic file (type pdf)
<use rigidity_v101_archive.pdf, page 35>
Package pdftex.def Info: rigidity_v101_archive.pdf , page35 used on input line 
5.
(pdftex.def)             Requested size: 597.78697pt x 773.60669pt.
File: rigidity_v101_archive.pdf Graphic file (type pdf)
<use rigidity_v101_archive.pdf, page 35>
Package pdftex.def Info: rigidity_v101_archive.pdf , page35 used on input line 
5.
(pdftex.def)             Requested size: 597.78697pt x 773.60669pt.
 [92

 <./rigidity_v101_archive.pdf>]
<rigidity_v101_archive.pdf, id=759, page=36, 614.295pt x 794.97pt>
File: rigidity_v101_archive.pdf Graphic file (type pdf)
<use rigidity_v101_archive.pdf, page 36>
Package pdftex.def Info: rigidity_v101_archive.pdf , page36 used on input line 
5.
(pdftex.def)             Requested size: 597.78697pt x 773.60669pt.
File: rigidity_v101_archive.pdf Graphic file (type pdf)
<use rigidity_v101_archive.pdf, page 36>
Package pdftex.def Info: rigidity_v101_archive.pdf , page36 used on input line 
5.
(pdftex.def)             Requested size: 597.78697pt x 773.60669pt.
File: rigidity_v101_archive.pdf Graphic file (type pdf)
<use rigidity_v101_archive.pdf, page 36>
Package pdftex.def Info: rigidity_v101_archive.pdf , page36 used on input line 
5.
(pdftex.def)             Requested size: 597.78697pt x 773.60669pt.
 [93

 <./rigidity_v101_archive.pdf>]
<rigidity_v101_archive.pdf, id=764, page=37, 614.295pt x 794.97pt>
File: rigidity_v101_archive.pdf Graphic file (type pdf)
<use rigidity_v101_archive.pdf, page 37>
Package pdftex.def Info: rigidity_v101_archive.pdf , page37 used on input line 
5.
(pdftex.def)             Requested size: 597.78697pt x 773.60669pt.
File: rigidity_v101_archive.pdf Graphic file (type pdf)
<use rigidity_v101_archive.pdf, page 37>
Package pdftex.def Info: rigidity_v101_archive.pdf , page37 used on input line 
5.
(pdftex.def)             Requested size: 597.78697pt x 773.60669pt.
File: rigidity_v101_archive.pdf Graphic file (type pdf)
<use rigidity_v101_archive.pdf, page 37>
Package pdftex.def Info: rigidity_v101_archive.pdf , page37 used on input line 
5.
(pdftex.def)             Requested size: 597.78697pt x 773.60669pt.

[94

 <./rigidity_v101_archive.pdf>]
<rigidity_v101_archive.pdf, id=769, page=38, 614.295pt x 794.97pt>
File: rigidity_v101_archive.pdf Graphic file (type pdf)
<use rigidity_v101_archive.pdf, page 38>
Package pdftex.def Info: rigidity_v101_archive.pdf , page38 used on input line 
5.
(pdftex.def)             Requested size: 597.78697pt x 773.60669pt.
File: rigidity_v101_archive.pdf Graphic file (type pdf)
<use rigidity_v101_archive.pdf, page 38>
Package pdftex.def Info: rigidity_v101_archive.pdf , page38 used on input line 
5.
(pdftex.def)             Requested size: 597.78697pt x 773.60669pt.
File: rigidity_v101_archive.pdf Graphic file (type pdf)
<use rigidity_v101_archive.pdf, page 38>
Package pdftex.def Info: rigidity_v101_archive.pdf , page38 used on input line 
5.
(pdftex.def)             Requested size: 597.78697pt x 773.60669pt.
 [95

 <./rigidity_v101_archive.pdf>]
<rigidity_v101_archive.pdf, id=774, page=39, 614.295pt x 794.97pt>
File: rigidity_v101_archive.pdf Graphic file (type pdf)
<use rigidity_v101_archive.pdf, page 39>
Package pdftex.def Info: rigidity_v101_archive.pdf , page39 used on input line 
5.
(pdftex.def)             Requested size: 597.78697pt x 773.60669pt.
File: rigidity_v101_archive.pdf Graphic file (type pdf)
<use rigidity_v101_archive.pdf, page 39>
Package pdftex.def Info: rigidity_v101_archive.pdf , page39 used on input line 
5.
(pdftex.def)             Requested size: 597.78697pt x 773.60669pt.
File: rigidity_v101_archive.pdf Graphic file (type pdf)
<use rigidity_v101_archive.pdf, page 39>
Package pdftex.def Info: rigidity_v101_archive.pdf , page39 used on input line 
5.
(pdftex.def)             Requested size: 597.78697pt x 773.60669pt.
 [96

 <./rigidity_v101_archive.pdf>]
<rigidity_v101_archive.pdf, id=779, page=40, 614.295pt x 794.97pt>
File: rigidity_v101_archive.pdf Graphic file (type pdf)
<use rigidity_v101_archive.pdf, page 40>
Package pdftex.def Info: rigidity_v101_archive.pdf , page40 used on input line 
5.
(pdftex.def)             Requested size: 597.78697pt x 773.60669pt.
File: rigidity_v101_archive.pdf Graphic file (type pdf)
<use rigidity_v101_archive.pdf, page 40>
Package pdftex.def Info: rigidity_v101_archive.pdf , page40 used on input line 
5.
(pdftex.def)             Requested size: 597.78697pt x 773.60669pt.
File: rigidity_v101_archive.pdf Graphic file (type pdf)
<use rigidity_v101_archive.pdf, page 40>
Package pdftex.def Info: rigidity_v101_archive.pdf , page40 used on input line 
5.
(pdftex.def)             Requested size: 597.78697pt x 773.60669pt.
 [97

 <./rigidity_v101_archive.pdf>]
<rigidity_v101_archive.pdf, id=785, page=41, 614.295pt x 794.97pt>
File: rigidity_v101_archive.pdf Graphic file (type pdf)
<use rigidity_v101_archive.pdf, page 41>
Package pdftex.def Info: rigidity_v101_archive.pdf , page41 used on input line 
5.
(pdftex.def)             Requested size: 597.78697pt x 773.60669pt.
File: rigidity_v101_archive.pdf Graphic file (type pdf)
<use rigidity_v101_archive.pdf, page 41>
Package pdftex.def Info: rigidity_v101_archive.pdf , page41 used on input line 
5.
(pdftex.def)             Requested size: 597.78697pt x 773.60669pt.
File: rigidity_v101_archive.pdf Graphic file (type pdf)
<use rigidity_v101_archive.pdf, page 41>
Package pdftex.def Info: rigidity_v101_archive.pdf , page41 used on input line 
5.
(pdftex.def)             Requested size: 597.78697pt x 773.60669pt.
 [98

 <./rigidity_v101_archive.pdf>]
<rigidity_v101_archive.pdf, id=791, page=42, 614.295pt x 794.97pt>
File: rigidity_v101_archive.pdf Graphic file (type pdf)
<use rigidity_v101_archive.pdf, page 42>
Package pdftex.def Info: rigidity_v101_archive.pdf , page42 used on input line 
5.
(pdftex.def)             Requested size: 597.78697pt x 773.60669pt.
File: rigidity_v101_archive.pdf Graphic file (type pdf)
<use rigidity_v101_archive.pdf, page 42>
Package pdftex.def Info: rigidity_v101_archive.pdf , page42 used on input line 
5.
(pdftex.def)             Requested size: 597.78697pt x 773.60669pt.
File: rigidity_v101_archive.pdf Graphic file (type pdf)
<use rigidity_v101_archive.pdf, page 42>
Package pdftex.def Info: rigidity_v101_archive.pdf , page42 used on input line 
5.
(pdftex.def)             Requested size: 597.78697pt x 773.60669pt.
 [99

 <./rigidity_v101_archive.pdf>]
<rigidity_v101_archive.pdf, id=796, page=43, 614.295pt x 794.97pt>
File: rigidity_v101_archive.pdf Graphic file (type pdf)
<use rigidity_v101_archive.pdf, page 43>
Package pdftex.def Info: rigidity_v101_archive.pdf , page43 used on input line 
5.
(pdftex.def)             Requested size: 597.78697pt x 773.60669pt.
File: rigidity_v101_archive.pdf Graphic file (type pdf)
<use rigidity_v101_archive.pdf, page 43>
Package pdftex.def Info: rigidity_v101_archive.pdf , page43 used on input line 
5.
(pdftex.def)             Requested size: 597.78697pt x 773.60669pt.
File: rigidity_v101_archive.pdf Graphic file (type pdf)
<use rigidity_v101_archive.pdf, page 43>
Package pdftex.def Info: rigidity_v101_archive.pdf , page43 used on input line 
5.
(pdftex.def)             Requested size: 597.78697pt x 773.60669pt.
 [100

 <./rigidity_v101_archive.pdf>]
<rigidity_v101_archive.pdf, id=801, page=44, 614.295pt x 794.97pt>
File: rigidity_v101_archive.pdf Graphic file (type pdf)
<use rigidity_v101_archive.pdf, page 44>
Package pdftex.def Info: rigidity_v101_archive.pdf , page44 used on input line 
5.
(pdftex.def)             Requested size: 597.78697pt x 773.60669pt.
File: rigidity_v101_archive.pdf Graphic file (type pdf)
<use rigidity_v101_archive.pdf, page 44>
Package pdftex.def Info: rigidity_v101_archive.pdf , page44 used on input line 
5.
(pdftex.def)             Requested size: 597.78697pt x 773.60669pt.
File: rigidity_v101_archive.pdf Graphic file (type pdf)
<use rigidity_v101_archive.pdf, page 44>
Package pdftex.def Info: rigidity_v101_archive.pdf , page44 used on input line 
5.
(pdftex.def)             Requested size: 597.78697pt x 773.60669pt.
 [101

 <./rigidity_v101_archive.pdf>]
<rigidity_v101_archive.pdf, id=806, page=45, 614.295pt x 794.97pt>
File: rigidity_v101_archive.pdf Graphic file (type pdf)
<use rigidity_v101_archive.pdf, page 45>
Package pdftex.def Info: rigidity_v101_archive.pdf , page45 used on input line 
5.
(pdftex.def)             Requested size: 597.78697pt x 773.60669pt.
File: rigidity_v101_archive.pdf Graphic file (type pdf)
<use rigidity_v101_archive.pdf, page 45>
Package pdftex.def Info: rigidity_v101_archive.pdf , page45 used on input line 
5.
(pdftex.def)             Requested size: 597.78697pt x 773.60669pt.
File: rigidity_v101_archive.pdf Graphic file (type pdf)
<use rigidity_v101_archive.pdf, page 45>
Package pdftex.def Info: rigidity_v101_archive.pdf , page45 used on input line 
5.
(pdftex.def)             Requested size: 597.78697pt x 773.60669pt.
 [102

 <./rigidity_v101_archive.pdf>]
<rigidity_v101_archive.pdf, id=811, page=46, 614.295pt x 794.97pt>
File: rigidity_v101_archive.pdf Graphic file (type pdf)
<use rigidity_v101_archive.pdf, page 46>
Package pdftex.def Info: rigidity_v101_archive.pdf , page46 used on input line 
5.
(pdftex.def)             Requested size: 597.78697pt x 773.60669pt.
File: rigidity_v101_archive.pdf Graphic file (type pdf)
<use rigidity_v101_archive.pdf, page 46>
Package pdftex.def Info: rigidity_v101_archive.pdf , page46 used on input line 
5.
(pdftex.def)             Requested size: 597.78697pt x 773.60669pt.
File: rigidity_v101_archive.pdf Graphic file (type pdf)
<use rigidity_v101_archive.pdf, page 46>
Package pdftex.def Info: rigidity_v101_archive.pdf , page46 used on input line 
5.
(pdftex.def)             Requested size: 597.78697pt x 773.60669pt.
 [103

 <./rigidity_v101_archive.pdf>]
<rigidity_v101_archive.pdf, id=817, page=47, 614.295pt x 794.97pt>
File: rigidity_v101_archive.pdf Graphic file (type pdf)
<use rigidity_v101_archive.pdf, page 47>
Package pdftex.def Info: rigidity_v101_archive.pdf , page47 used on input line 
5.
(pdftex.def)             Requested size: 597.78697pt x 773.60669pt.
File: rigidity_v101_archive.pdf Graphic file (type pdf)
<use rigidity_v101_archive.pdf, page 47>
Package pdftex.def Info: rigidity_v101_archive.pdf , page47 used on input line 
5.
(pdftex.def)             Requested size: 597.78697pt x 773.60669pt.
File: rigidity_v101_archive.pdf Graphic file (type pdf)
<use rigidity_v101_archive.pdf, page 47>
Package pdftex.def Info: rigidity_v101_archive.pdf , page47 used on input line 
5.
(pdftex.def)             Requested size: 597.78697pt x 773.60669pt.
 [104

 <./rigidity_v101_archive.pdf>]
<rigidity_v101_archive.pdf, id=829, page=48, 614.295pt x 794.97pt>
File: rigidity_v101_archive.pdf Graphic file (type pdf)
<use rigidity_v101_archive.pdf, page 48>
Package pdftex.def Info: rigidity_v101_archive.pdf , page48 used on input line 
5.
(pdftex.def)             Requested size: 597.78697pt x 773.60669pt.
File: rigidity_v101_archive.pdf Graphic file (type pdf)
<use rigidity_v101_archive.pdf, page 48>
Package pdftex.def Info: rigidity_v101_archive.pdf , page48 used on input line 
5.
(pdftex.def)             Requested size: 597.78697pt x 773.60669pt.
File: rigidity_v101_archive.pdf Graphic file (type pdf)
<use rigidity_v101_archive.pdf, page 48>
Package pdftex.def Info: rigidity_v101_archive.pdf , page48 used on input line 
5.
(pdftex.def)             Requested size: 597.78697pt x 773.60669pt.

[105

 <./rigidity_v101_archive.pdf>]
<rigidity_v101_archive.pdf, id=929, page=49, 614.295pt x 794.97pt>
File: rigidity_v101_archive.pdf Graphic file (type pdf)
<use rigidity_v101_archive.pdf, page 49>
Package pdftex.def Info: rigidity_v101_archive.pdf , page49 used on input line 
5.
(pdftex.def)             Requested size: 597.78697pt x 773.60669pt.
File: rigidity_v101_archive.pdf Graphic file (type pdf)
<use rigidity_v101_archive.pdf, page 49>
Package pdftex.def Info: rigidity_v101_archive.pdf , page49 used on input line 
5.
(pdftex.def)             Requested size: 597.78697pt x 773.60669pt.
File: rigidity_v101_archive.pdf Graphic file (type pdf)
<use rigidity_v101_archive.pdf, page 49>
Package pdftex.def Info: rigidity_v101_archive.pdf , page49 used on input line 
5.
(pdftex.def)             Requested size: 597.78697pt x 773.60669pt.
 [106

 <./rigidity_v101_archive.pdf>]
<rigidity_v101_archive.pdf, id=964, page=50, 614.295pt x 794.97pt>
File: rigidity_v101_archive.pdf Graphic file (type pdf)
<use rigidity_v101_archive.pdf, page 50>
Package pdftex.def Info: rigidity_v101_archive.pdf , page50 used on input line 
5.
(pdftex.def)             Requested size: 597.78697pt x 773.60669pt.
File: rigidity_v101_archive.pdf Graphic file (type pdf)
<use rigidity_v101_archive.pdf, page 50>
Package pdftex.def Info: rigidity_v101_archive.pdf , page50 used on input line 
5.
(pdftex.def)             Requested size: 597.78697pt x 773.60669pt.
File: rigidity_v101_archive.pdf Graphic file (type pdf)
<use rigidity_v101_archive.pdf, page 50>
Package pdftex.def Info: rigidity_v101_archive.pdf , page50 used on input line 
5.
(pdftex.def)             Requested size: 597.78697pt x 773.60669pt.

[107

 <./rigidity_v101_archive.pdf>]
<rigidity_v101_archive.pdf, id=970, page=51, 614.295pt x 794.97pt>
File: rigidity_v101_archive.pdf Graphic file (type pdf)
<use rigidity_v101_archive.pdf, page 51>
Package pdftex.def Info: rigidity_v101_archive.pdf , page51 used on input line 
5.
(pdftex.def)             Requested size: 597.78697pt x 773.60669pt.
File: rigidity_v101_archive.pdf Graphic file (type pdf)
<use rigidity_v101_archive.pdf, page 51>
Package pdftex.def Info: rigidity_v101_archive.pdf , page51 used on input line 
5.
(pdftex.def)             Requested size: 597.78697pt x 773.60669pt.
File: rigidity_v101_archive.pdf Graphic file (type pdf)
<use rigidity_v101_archive.pdf, page 51>
Package pdftex.def Info: rigidity_v101_archive.pdf , page51 used on input line 
5.
(pdftex.def)             Requested size: 597.78697pt x 773.60669pt.
 [108

 <./rigidity_v101_archive.pdf>]
<rigidity_v101_archive.pdf, id=1001, page=52, 614.295pt x 794.97pt>
File: rigidity_v101_archive.pdf Graphic file (type pdf)
<use rigidity_v101_archive.pdf, page 52>
Package pdftex.def Info: rigidity_v101_archive.pdf , page52 used on input line 
5.
(pdftex.def)             Requested size: 597.78697pt x 773.60669pt.
File: rigidity_v101_archive.pdf Graphic file (type pdf)
<use rigidity_v101_archive.pdf, page 52>
Package pdftex.def Info: rigidity_v101_archive.pdf , page52 used on input line 
5.
(pdftex.def)             Requested size: 597.78697pt x 773.60669pt.
File: rigidity_v101_archive.pdf Graphic file (type pdf)
<use rigidity_v101_archive.pdf, page 52>
Package pdftex.def Info: rigidity_v101_archive.pdf , page52 used on input line 
5.
(pdftex.def)             Requested size: 597.78697pt x 773.60669pt.

[109

 <./rigidity_v101_archive.pdf>]
<rigidity_v101_archive.pdf, id=1015, page=53, 614.295pt x 794.97pt>
File: rigidity_v101_archive.pdf Graphic file (type pdf)
<use rigidity_v101_archive.pdf, page 53>
Package pdftex.def Info: rigidity_v101_archive.pdf , page53 used on input line 
5.
(pdftex.def)             Requested size: 597.78697pt x 773.60669pt.
File: rigidity_v101_archive.pdf Graphic file (type pdf)
<use rigidity_v101_archive.pdf, page 53>
Package pdftex.def Info: rigidity_v101_archive.pdf , page53 used on input line 
5.
(pdftex.def)             Requested size: 597.78697pt x 773.60669pt.
File: rigidity_v101_archive.pdf Graphic file (type pdf)
<use rigidity_v101_archive.pdf, page 53>
Package pdftex.def Info: rigidity_v101_archive.pdf , page53 used on input line 
5.
(pdftex.def)             Requested size: 597.78697pt x 773.60669pt.
 [110

 <./rigidity_v101_archive.pdf>]
<rigidity_v101_archive.pdf, id=1021, page=54, 614.295pt x 794.97pt>
File: rigidity_v101_archive.pdf Graphic file (type pdf)
<use rigidity_v101_archive.pdf, page 54>
Package pdftex.def Info: rigidity_v101_archive.pdf , page54 used on input line 
5.
(pdftex.def)             Requested size: 597.78697pt x 773.60669pt.
File: rigidity_v101_archive.pdf Graphic file (type pdf)
<use rigidity_v101_archive.pdf, page 54>
Package pdftex.def Info: rigidity_v101_archive.pdf , page54 used on input line 
5.
(pdftex.def)             Requested size: 597.78697pt x 773.60669pt.
File: rigidity_v101_archive.pdf Graphic file (type pdf)
<use rigidity_v101_archive.pdf, page 54>
Package pdftex.def Info: rigidity_v101_archive.pdf , page54 used on input line 
5.
(pdftex.def)             Requested size: 597.78697pt x 773.60669pt.

[111

 <./rigidity_v101_archive.pdf>]
<rigidity_v101_archive.pdf, id=1034, page=55, 614.295pt x 794.97pt>
File: rigidity_v101_archive.pdf Graphic file (type pdf)
<use rigidity_v101_archive.pdf, page 55>
Package pdftex.def Info: rigidity_v101_archive.pdf , page55 used on input line 
5.
(pdftex.def)             Requested size: 597.78697pt x 773.60669pt.
File: rigidity_v101_archive.pdf Graphic file (type pdf)
<use rigidity_v101_archive.pdf, page 55>
Package pdftex.def Info: rigidity_v101_archive.pdf , page55 used on input line 
5.
(pdftex.def)             Requested size: 597.78697pt x 773.60669pt.
File: rigidity_v101_archive.pdf Graphic file (type pdf)
<use rigidity_v101_archive.pdf, page 55>
Package pdftex.def Info: rigidity_v101_archive.pdf , page55 used on input line 
5.
(pdftex.def)             Requested size: 597.78697pt x 773.60669pt.
 [112

 <./rigidity_v101_archive.pdf>]
<rigidity_v101_archive.pdf, id=1040, page=56, 614.295pt x 794.97pt>
File: rigidity_v101_archive.pdf Graphic file (type pdf)
<use rigidity_v101_archive.pdf, page 56>
Package pdftex.def Info: rigidity_v101_archive.pdf , page56 used on input line 
5.
(pdftex.def)             Requested size: 597.78697pt x 773.60669pt.
File: rigidity_v101_archive.pdf Graphic file (type pdf)
<use rigidity_v101_archive.pdf, page 56>
Package pdftex.def Info: rigidity_v101_archive.pdf , page56 used on input line 
5.
(pdftex.def)             Requested size: 597.78697pt x 773.60669pt.
File: rigidity_v101_archive.pdf Graphic file (type pdf)
<use rigidity_v101_archive.pdf, page 56>
Package pdftex.def Info: rigidity_v101_archive.pdf , page56 used on input line 
5.
(pdftex.def)             Requested size: 597.78697pt x 773.60669pt.

[113

 <./rigidity_v101_archive.pdf>]
<rigidity_v101_archive.pdf, id=1046, page=57, 614.295pt x 794.97pt>
File: rigidity_v101_archive.pdf Graphic file (type pdf)
<use rigidity_v101_archive.pdf, page 57>
Package pdftex.def Info: rigidity_v101_archive.pdf , page57 used on input line 
5.
(pdftex.def)             Requested size: 597.78697pt x 773.60669pt.
File: rigidity_v101_archive.pdf Graphic file (type pdf)
<use rigidity_v101_archive.pdf, page 57>
Package pdftex.def Info: rigidity_v101_archive.pdf , page57 used on input line 
5.
(pdftex.def)             Requested size: 597.78697pt x 773.60669pt.
File: rigidity_v101_archive.pdf Graphic file (type pdf)
<use rigidity_v101_archive.pdf, page 57>
Package pdftex.def Info: rigidity_v101_archive.pdf , page57 used on input line 
5.
(pdftex.def)             Requested size: 597.78697pt x 773.60669pt.
 [114

 <./rigidity_v101_archive.pdf>]
<rigidity_v101_archive.pdf, id=1052, page=58, 614.295pt x 794.97pt>
File: rigidity_v101_archive.pdf Graphic file (type pdf)
<use rigidity_v101_archive.pdf, page 58>
Package pdftex.def Info: rigidity_v101_archive.pdf , page58 used on input line 
5.
(pdftex.def)             Requested size: 597.78697pt x 773.60669pt.
File: rigidity_v101_archive.pdf Graphic file (type pdf)
<use rigidity_v101_archive.pdf, page 58>
Package pdftex.def Info: rigidity_v101_archive.pdf , page58 used on input line 
5.
(pdftex.def)             Requested size: 597.78697pt x 773.60669pt.
File: rigidity_v101_archive.pdf Graphic file (type pdf)
<use rigidity_v101_archive.pdf, page 58>
Package pdftex.def Info: rigidity_v101_archive.pdf , page58 used on input line 
5.
(pdftex.def)             Requested size: 597.78697pt x 773.60669pt.

[115

 <./rigidity_v101_archive.pdf>]
<rigidity_v101_archive.pdf, id=1059, page=59, 614.295pt x 794.97pt>
File: rigidity_v101_archive.pdf Graphic file (type pdf)
<use rigidity_v101_archive.pdf, page 59>
Package pdftex.def Info: rigidity_v101_archive.pdf , page59 used on input line 
5.
(pdftex.def)             Requested size: 597.78697pt x 773.60669pt.
File: rigidity_v101_archive.pdf Graphic file (type pdf)
<use rigidity_v101_archive.pdf, page 59>
Package pdftex.def Info: rigidity_v101_archive.pdf , page59 used on input line 
5.
(pdftex.def)             Requested size: 597.78697pt x 773.60669pt.
File: rigidity_v101_archive.pdf Graphic file (type pdf)
<use rigidity_v101_archive.pdf, page 59>
Package pdftex.def Info: rigidity_v101_archive.pdf , page59 used on input line 
5.
(pdftex.def)             Requested size: 597.78697pt x 773.60669pt.
 [116

 <./rigidity_v101_archive.pdf>]
<rigidity_v101_archive.pdf, id=1065, page=60, 614.295pt x 794.97pt>
File: rigidity_v101_archive.pdf Graphic file (type pdf)
<use rigidity_v101_archive.pdf, page 60>
Package pdftex.def Info: rigidity_v101_archive.pdf , page60 used on input line 
5.
(pdftex.def)             Requested size: 597.78697pt x 773.60669pt.
File: rigidity_v101_archive.pdf Graphic file (type pdf)
<use rigidity_v101_archive.pdf, page 60>
Package pdftex.def Info: rigidity_v101_archive.pdf , page60 used on input line 
5.
(pdftex.def)             Requested size: 597.78697pt x 773.60669pt.
File: rigidity_v101_archive.pdf Graphic file (type pdf)
<use rigidity_v101_archive.pdf, page 60>
Package pdftex.def Info: rigidity_v101_archive.pdf , page60 used on input line 
5.
(pdftex.def)             Requested size: 597.78697pt x 773.60669pt.

[117

 <./rigidity_v101_archive.pdf>]
<rigidity_v101_archive.pdf, id=1071, page=61, 614.295pt x 794.97pt>
File: rigidity_v101_archive.pdf Graphic file (type pdf)
<use rigidity_v101_archive.pdf, page 61>
Package pdftex.def Info: rigidity_v101_archive.pdf , page61 used on input line 
5.
(pdftex.def)             Requested size: 597.78697pt x 773.60669pt.
File: rigidity_v101_archive.pdf Graphic file (type pdf)
<use rigidity_v101_archive.pdf, page 61>
Package pdftex.def Info: rigidity_v101_archive.pdf , page61 used on input line 
5.
(pdftex.def)             Requested size: 597.78697pt x 773.60669pt.
File: rigidity_v101_archive.pdf Graphic file (type pdf)
<use rigidity_v101_archive.pdf, page 61>
Package pdftex.def Info: rigidity_v101_archive.pdf , page61 used on input line 
5.
(pdftex.def)             Requested size: 597.78697pt x 773.60669pt.
 [118

 <./rigidity_v101_archive.pdf>]
<rigidity_v101_archive.pdf, id=1077, page=62, 614.295pt x 794.97pt>
File: rigidity_v101_archive.pdf Graphic file (type pdf)
<use rigidity_v101_archive.pdf, page 62>
Package pdftex.def Info: rigidity_v101_archive.pdf , page62 used on input line 
5.
(pdftex.def)             Requested size: 597.78697pt x 773.60669pt.
File: rigidity_v101_archive.pdf Graphic file (type pdf)
<use rigidity_v101_archive.pdf, page 62>
Package pdftex.def Info: rigidity_v101_archive.pdf , page62 used on input line 
5.
(pdftex.def)             Requested size: 597.78697pt x 773.60669pt.
File: rigidity_v101_archive.pdf Graphic file (type pdf)
<use rigidity_v101_archive.pdf, page 62>
Package pdftex.def Info: rigidity_v101_archive.pdf , page62 used on input line 
5.
(pdftex.def)             Requested size: 597.78697pt x 773.60669pt.

[119

 <./rigidity_v101_archive.pdf>]
<rigidity_v101_archive.pdf, id=1083, page=63, 614.295pt x 794.97pt>
File: rigidity_v101_archive.pdf Graphic file (type pdf)
<use rigidity_v101_archive.pdf, page 63>
Package pdftex.def Info: rigidity_v101_archive.pdf , page63 used on input line 
5.
(pdftex.def)             Requested size: 597.78697pt x 773.60669pt.
File: rigidity_v101_archive.pdf Graphic file (type pdf)
<use rigidity_v101_archive.pdf, page 63>
Package pdftex.def Info: rigidity_v101_archive.pdf , page63 used on input line 
5.
(pdftex.def)             Requested size: 597.78697pt x 773.60669pt.
File: rigidity_v101_archive.pdf Graphic file (type pdf)
<use rigidity_v101_archive.pdf, page 63>
Package pdftex.def Info: rigidity_v101_archive.pdf , page63 used on input line 
5.
(pdftex.def)             Requested size: 597.78697pt x 773.60669pt.
 [120

 <./rigidity_v101_archive.pdf>]
<rigidity_v101_archive.pdf, id=1096, page=64, 614.295pt x 794.97pt>
File: rigidity_v101_archive.pdf Graphic file (type pdf)
<use rigidity_v101_archive.pdf, page 64>
Package pdftex.def Info: rigidity_v101_archive.pdf , page64 used on input line 
5.
(pdftex.def)             Requested size: 597.78697pt x 773.60669pt.
File: rigidity_v101_archive.pdf Graphic file (type pdf)
<use rigidity_v101_archive.pdf, page 64>
Package pdftex.def Info: rigidity_v101_archive.pdf , page64 used on input line 
5.
(pdftex.def)             Requested size: 597.78697pt x 773.60669pt.
File: rigidity_v101_archive.pdf Graphic file (type pdf)
<use rigidity_v101_archive.pdf, page 64>
Package pdftex.def Info: rigidity_v101_archive.pdf , page64 used on input line 
5.
(pdftex.def)             Requested size: 597.78697pt x 773.60669pt.

[121

 <./rigidity_v101_archive.pdf>]
<rigidity_v101_archive.pdf, id=1103, page=65, 614.295pt x 794.97pt>
File: rigidity_v101_archive.pdf Graphic file (type pdf)
<use rigidity_v101_archive.pdf, page 65>
Package pdftex.def Info: rigidity_v101_archive.pdf , page65 used on input line 
5.
(pdftex.def)             Requested size: 597.78697pt x 773.60669pt.
File: rigidity_v101_archive.pdf Graphic file (type pdf)
<use rigidity_v101_archive.pdf, page 65>
Package pdftex.def Info: rigidity_v101_archive.pdf , page65 used on input line 
5.
(pdftex.def)             Requested size: 597.78697pt x 773.60669pt.
File: rigidity_v101_archive.pdf Graphic file (type pdf)
<use rigidity_v101_archive.pdf, page 65>
Package pdftex.def Info: rigidity_v101_archive.pdf , page65 used on input line 
5.
(pdftex.def)             Requested size: 597.78697pt x 773.60669pt.
 [122

 <./rigidity_v101_archive.pdf>]
<rigidity_v101_archive.pdf, id=1109, page=66, 614.295pt x 794.97pt>
File: rigidity_v101_archive.pdf Graphic file (type pdf)
<use rigidity_v101_archive.pdf, page 66>
Package pdftex.def Info: rigidity_v101_archive.pdf , page66 used on input line 
5.
(pdftex.def)             Requested size: 597.78697pt x 773.60669pt.
File: rigidity_v101_archive.pdf Graphic file (type pdf)
<use rigidity_v101_archive.pdf, page 66>
Package pdftex.def Info: rigidity_v101_archive.pdf , page66 used on input line 
5.
(pdftex.def)             Requested size: 597.78697pt x 773.60669pt.
File: rigidity_v101_archive.pdf Graphic file (type pdf)
<use rigidity_v101_archive.pdf, page 66>
Package pdftex.def Info: rigidity_v101_archive.pdf , page66 used on input line 
5.
(pdftex.def)             Requested size: 597.78697pt x 773.60669pt.

[123

 <./rigidity_v101_archive.pdf>]
<rigidity_v101_archive.pdf, id=1115, page=67, 614.295pt x 794.97pt>
File: rigidity_v101_archive.pdf Graphic file (type pdf)
<use rigidity_v101_archive.pdf, page 67>
Package pdftex.def Info: rigidity_v101_archive.pdf , page67 used on input line 
5.
(pdftex.def)             Requested size: 597.78697pt x 773.60669pt.
File: rigidity_v101_archive.pdf Graphic file (type pdf)
<use rigidity_v101_archive.pdf, page 67>
Package pdftex.def Info: rigidity_v101_archive.pdf , page67 used on input line 
5.
(pdftex.def)             Requested size: 597.78697pt x 773.60669pt.
File: rigidity_v101_archive.pdf Graphic file (type pdf)
<use rigidity_v101_archive.pdf, page 67>
Package pdftex.def Info: rigidity_v101_archive.pdf , page67 used on input line 
5.
(pdftex.def)             Requested size: 597.78697pt x 773.60669pt.
 [124

 <./rigidity_v101_archive.pdf>]
<rigidity_v101_archive.pdf, id=1121, page=68, 614.295pt x 794.97pt>
File: rigidity_v101_archive.pdf Graphic file (type pdf)
<use rigidity_v101_archive.pdf, page 68>
Package pdftex.def Info: rigidity_v101_archive.pdf , page68 used on input line 
5.
(pdftex.def)             Requested size: 597.78697pt x 773.60669pt.
File: rigidity_v101_archive.pdf Graphic file (type pdf)
<use rigidity_v101_archive.pdf, page 68>
Package pdftex.def Info: rigidity_v101_archive.pdf , page68 used on input line 
5.
(pdftex.def)             Requested size: 597.78697pt x 773.60669pt.
File: rigidity_v101_archive.pdf Graphic file (type pdf)
<use rigidity_v101_archive.pdf, page 68>
Package pdftex.def Info: rigidity_v101_archive.pdf , page68 used on input line 
5.
(pdftex.def)             Requested size: 597.78697pt x 773.60669pt.

[125

 <./rigidity_v101_archive.pdf>]
<rigidity_v101_archive.pdf, id=1127, page=69, 614.295pt x 794.97pt>
File: rigidity_v101_archive.pdf Graphic file (type pdf)
<use rigidity_v101_archive.pdf, page 69>
Package pdftex.def Info: rigidity_v101_archive.pdf , page69 used on input line 
5.
(pdftex.def)             Requested size: 597.78697pt x 773.60669pt.
File: rigidity_v101_archive.pdf Graphic file (type pdf)
<use rigidity_v101_archive.pdf, page 69>
Package pdftex.def Info: rigidity_v101_archive.pdf , page69 used on input line 
5.
(pdftex.def)             Requested size: 597.78697pt x 773.60669pt.
File: rigidity_v101_archive.pdf Graphic file (type pdf)
<use rigidity_v101_archive.pdf, page 69>
Package pdftex.def Info: rigidity_v101_archive.pdf , page69 used on input line 
5.
(pdftex.def)             Requested size: 597.78697pt x 773.60669pt.
 [126

 <./rigidity_v101_archive.pdf>]
<rigidity_v101_archive.pdf, id=1133, page=70, 614.295pt x 794.97pt>
File: rigidity_v101_archive.pdf Graphic file (type pdf)
<use rigidity_v101_archive.pdf, page 70>
Package pdftex.def Info: rigidity_v101_archive.pdf , page70 used on input line 
5.
(pdftex.def)             Requested size: 597.78697pt x 773.60669pt.
File: rigidity_v101_archive.pdf Graphic file (type pdf)
<use rigidity_v101_archive.pdf, page 70>
Package pdftex.def Info: rigidity_v101_archive.pdf , page70 used on input line 
5.
(pdftex.def)             Requested size: 597.78697pt x 773.60669pt.
File: rigidity_v101_archive.pdf Graphic file (type pdf)
<use rigidity_v101_archive.pdf, page 70>
Package pdftex.def Info: rigidity_v101_archive.pdf , page70 used on input line 
5.
(pdftex.def)             Requested size: 597.78697pt x 773.60669pt.

[127

 <./rigidity_v101_archive.pdf>]
<rigidity_v101_archive.pdf, id=1140, page=71, 614.295pt x 794.97pt>
File: rigidity_v101_archive.pdf Graphic file (type pdf)
<use rigidity_v101_archive.pdf, page 71>
Package pdftex.def Info: rigidity_v101_archive.pdf , page71 used on input line 
5.
(pdftex.def)             Requested size: 597.78697pt x 773.60669pt.
File: rigidity_v101_archive.pdf Graphic file (type pdf)
<use rigidity_v101_archive.pdf, page 71>
Package pdftex.def Info: rigidity_v101_archive.pdf , page71 used on input line 
5.
(pdftex.def)             Requested size: 597.78697pt x 773.60669pt.
File: rigidity_v101_archive.pdf Graphic file (type pdf)
<use rigidity_v101_archive.pdf, page 71>
Package pdftex.def Info: rigidity_v101_archive.pdf , page71 used on input line 
5.
(pdftex.def)             Requested size: 597.78697pt x 773.60669pt.
 [128

 <./rigidity_v101_archive.pdf>]
<rigidity_v101_archive.pdf, id=1146, page=72, 614.295pt x 794.97pt>
File: rigidity_v101_archive.pdf Graphic file (type pdf)
<use rigidity_v101_archive.pdf, page 72>
Package pdftex.def Info: rigidity_v101_archive.pdf , page72 used on input line 
5.
(pdftex.def)             Requested size: 597.78697pt x 773.60669pt.
File: rigidity_v101_archive.pdf Graphic file (type pdf)
<use rigidity_v101_archive.pdf, page 72>
Package pdftex.def Info: rigidity_v101_archive.pdf , page72 used on input line 
5.
(pdftex.def)             Requested size: 597.78697pt x 773.60669pt.
File: rigidity_v101_archive.pdf Graphic file (type pdf)
<use rigidity_v101_archive.pdf, page 72>
Package pdftex.def Info: rigidity_v101_archive.pdf , page72 used on input line 
5.
(pdftex.def)             Requested size: 597.78697pt x 773.60669pt.

[129

 <./rigidity_v101_archive.pdf>]
<rigidity_v101_archive.pdf, id=1152, page=73, 614.295pt x 794.97pt>
File: rigidity_v101_archive.pdf Graphic file (type pdf)
<use rigidity_v101_archive.pdf, page 73>
Package pdftex.def Info: rigidity_v101_archive.pdf , page73 used on input line 
5.
(pdftex.def)             Requested size: 597.78697pt x 773.60669pt.
File: rigidity_v101_archive.pdf Graphic file (type pdf)
<use rigidity_v101_archive.pdf, page 73>
Package pdftex.def Info: rigidity_v101_archive.pdf , page73 used on input line 
5.
(pdftex.def)             Requested size: 597.78697pt x 773.60669pt.
File: rigidity_v101_archive.pdf Graphic file (type pdf)
<use rigidity_v101_archive.pdf, page 73>
Package pdftex.def Info: rigidity_v101_archive.pdf , page73 used on input line 
5.
(pdftex.def)             Requested size: 597.78697pt x 773.60669pt.
 [130

 <./rigidity_v101_archive.pdf>]
<rigidity_v101_archive.pdf, id=1158, page=74, 614.295pt x 794.97pt>
File: rigidity_v101_archive.pdf Graphic file (type pdf)
<use rigidity_v101_archive.pdf, page 74>
Package pdftex.def Info: rigidity_v101_archive.pdf , page74 used on input line 
5.
(pdftex.def)             Requested size: 597.78697pt x 773.60669pt.
File: rigidity_v101_archive.pdf Graphic file (type pdf)
<use rigidity_v101_archive.pdf, page 74>
Package pdftex.def Info: rigidity_v101_archive.pdf , page74 used on input line 
5.
(pdftex.def)             Requested size: 597.78697pt x 773.60669pt.
File: rigidity_v101_archive.pdf Graphic file (type pdf)
<use rigidity_v101_archive.pdf, page 74>
Package pdftex.def Info: rigidity_v101_archive.pdf , page74 used on input line 
5.
(pdftex.def)             Requested size: 597.78697pt x 773.60669pt.

[131

 <./rigidity_v101_archive.pdf>]
<rigidity_v101_archive.pdf, id=1164, page=75, 614.295pt x 794.97pt>
File: rigidity_v101_archive.pdf Graphic file (type pdf)
<use rigidity_v101_archive.pdf, page 75>
Package pdftex.def Info: rigidity_v101_archive.pdf , page75 used on input line 
5.
(pdftex.def)             Requested size: 597.78697pt x 773.60669pt.
File: rigidity_v101_archive.pdf Graphic file (type pdf)
<use rigidity_v101_archive.pdf, page 75>
Package pdftex.def Info: rigidity_v101_archive.pdf , page75 used on input line 
5.
(pdftex.def)             Requested size: 597.78697pt x 773.60669pt.
File: rigidity_v101_archive.pdf Graphic file (type pdf)
<use rigidity_v101_archive.pdf, page 75>
Package pdftex.def Info: rigidity_v101_archive.pdf , page75 used on input line 
5.
(pdftex.def)             Requested size: 597.78697pt x 773.60669pt.
 [132

 <./rigidity_v101_archive.pdf>]
<rigidity_v101_archive.pdf, id=1170, page=76, 614.295pt x 794.97pt>
File: rigidity_v101_archive.pdf Graphic file (type pdf)
<use rigidity_v101_archive.pdf, page 76>
Package pdftex.def Info: rigidity_v101_archive.pdf , page76 used on input line 
5.
(pdftex.def)             Requested size: 597.78697pt x 773.60669pt.
File: rigidity_v101_archive.pdf Graphic file (type pdf)
<use rigidity_v101_archive.pdf, page 76>
Package pdftex.def Info: rigidity_v101_archive.pdf , page76 used on input line 
5.
(pdftex.def)             Requested size: 597.78697pt x 773.60669pt.
File: rigidity_v101_archive.pdf Graphic file (type pdf)
<use rigidity_v101_archive.pdf, page 76>
Package pdftex.def Info: rigidity_v101_archive.pdf , page76 used on input line 
5.
(pdftex.def)             Requested size: 597.78697pt x 773.60669pt.

[133

 <./rigidity_v101_archive.pdf>]
<rigidity_v101_archive.pdf, id=1177, page=77, 614.295pt x 794.97pt>
File: rigidity_v101_archive.pdf Graphic file (type pdf)
<use rigidity_v101_archive.pdf, page 77>
Package pdftex.def Info: rigidity_v101_archive.pdf , page77 used on input line 
5.
(pdftex.def)             Requested size: 597.78697pt x 773.60669pt.
File: rigidity_v101_archive.pdf Graphic file (type pdf)
<use rigidity_v101_archive.pdf, page 77>
Package pdftex.def Info: rigidity_v101_archive.pdf , page77 used on input line 
5.
(pdftex.def)             Requested size: 597.78697pt x 773.60669pt.
File: rigidity_v101_archive.pdf Graphic file (type pdf)
<use rigidity_v101_archive.pdf, page 77>
Package pdftex.def Info: rigidity_v101_archive.pdf , page77 used on input line 
5.
(pdftex.def)             Requested size: 597.78697pt x 773.60669pt.
 [134

 <./rigidity_v101_archive.pdf>]
<rigidity_v101_archive.pdf, id=1183, page=78, 614.295pt x 794.97pt>
File: rigidity_v101_archive.pdf Graphic file (type pdf)
<use rigidity_v101_archive.pdf, page 78>
Package pdftex.def Info: rigidity_v101_archive.pdf , page78 used on input line 
5.
(pdftex.def)             Requested size: 597.78697pt x 773.60669pt.
File: rigidity_v101_archive.pdf Graphic file (type pdf)
<use rigidity_v101_archive.pdf, page 78>
Package pdftex.def Info: rigidity_v101_archive.pdf , page78 used on input line 
5.
(pdftex.def)             Requested size: 597.78697pt x 773.60669pt.
File: rigidity_v101_archive.pdf Graphic file (type pdf)
<use rigidity_v101_archive.pdf, page 78>
Package pdftex.def Info: rigidity_v101_archive.pdf , page78 used on input line 
5.
(pdftex.def)             Requested size: 597.78697pt x 773.60669pt.

[135

 <./rigidity_v101_archive.pdf>]
<rigidity_v101_archive.pdf, id=1190, page=79, 614.295pt x 794.97pt>
File: rigidity_v101_archive.pdf Graphic file (type pdf)
<use rigidity_v101_archive.pdf, page 79>
Package pdftex.def Info: rigidity_v101_archive.pdf , page79 used on input line 
5.
(pdftex.def)             Requested size: 597.78697pt x 773.60669pt.
File: rigidity_v101_archive.pdf Graphic file (type pdf)
<use rigidity_v101_archive.pdf, page 79>
Package pdftex.def Info: rigidity_v101_archive.pdf , page79 used on input line 
5.
(pdftex.def)             Requested size: 597.78697pt x 773.60669pt.
File: rigidity_v101_archive.pdf Graphic file (type pdf)
<use rigidity_v101_archive.pdf, page 79>
Package pdftex.def Info: rigidity_v101_archive.pdf , page79 used on input line 
5.
(pdftex.def)             Requested size: 597.78697pt x 773.60669pt.
 [136

 <./rigidity_v101_archive.pdf>]
<rigidity_v101_archive.pdf, id=1196, page=80, 614.295pt x 794.97pt>
File: rigidity_v101_archive.pdf Graphic file (type pdf)
<use rigidity_v101_archive.pdf, page 80>
Package pdftex.def Info: rigidity_v101_archive.pdf , page80 used on input line 
5.
(pdftex.def)             Requested size: 597.78697pt x 773.60669pt.
File: rigidity_v101_archive.pdf Graphic file (type pdf)
<use rigidity_v101_archive.pdf, page 80>
Package pdftex.def Info: rigidity_v101_archive.pdf , page80 used on input line 
5.
(pdftex.def)             Requested size: 597.78697pt x 773.60669pt.
File: rigidity_v101_archive.pdf Graphic file (type pdf)
<use rigidity_v101_archive.pdf, page 80>
Package pdftex.def Info: rigidity_v101_archive.pdf , page80 used on input line 
5.
(pdftex.def)             Requested size: 597.78697pt x 773.60669pt.

[137

 <./rigidity_v101_archive.pdf>]
<rigidity_v101_archive.pdf, id=1202, page=81, 614.295pt x 794.97pt>
File: rigidity_v101_archive.pdf Graphic file (type pdf)
<use rigidity_v101_archive.pdf, page 81>
Package pdftex.def Info: rigidity_v101_archive.pdf , page81 used on input line 
5.
(pdftex.def)             Requested size: 597.78697pt x 773.60669pt.
File: rigidity_v101_archive.pdf Graphic file (type pdf)
<use rigidity_v101_archive.pdf, page 81>
Package pdftex.def Info: rigidity_v101_archive.pdf , page81 used on input line 
5.
(pdftex.def)             Requested size: 597.78697pt x 773.60669pt.
File: rigidity_v101_archive.pdf Graphic file (type pdf)
<use rigidity_v101_archive.pdf, page 81>
Package pdftex.def Info: rigidity_v101_archive.pdf , page81 used on input line 
5.
(pdftex.def)             Requested size: 597.78697pt x 773.60669pt.
 [138

 <./rigidity_v101_archive.pdf>]
<rigidity_v101_archive.pdf, id=1208, page=82, 614.295pt x 794.97pt>
File: rigidity_v101_archive.pdf Graphic file (type pdf)
<use rigidity_v101_archive.pdf, page 82>
Package pdftex.def Info: rigidity_v101_archive.pdf , page82 used on input line 
5.
(pdftex.def)             Requested size: 597.78697pt x 773.60669pt.
File: rigidity_v101_archive.pdf Graphic file (type pdf)
<use rigidity_v101_archive.pdf, page 82>
Package pdftex.def Info: rigidity_v101_archive.pdf , page82 used on input line 
5.
(pdftex.def)             Requested size: 597.78697pt x 773.60669pt.
File: rigidity_v101_archive.pdf Graphic file (type pdf)
<use rigidity_v101_archive.pdf, page 82>
Package pdftex.def Info: rigidity_v101_archive.pdf , page82 used on input line 
5.
(pdftex.def)             Requested size: 597.78697pt x 773.60669pt.

[139

 <./rigidity_v101_archive.pdf>]
<rigidity_v101_archive.pdf, id=1215, page=83, 614.295pt x 794.97pt>
File: rigidity_v101_archive.pdf Graphic file (type pdf)
<use rigidity_v101_archive.pdf, page 83>
Package pdftex.def Info: rigidity_v101_archive.pdf , page83 used on input line 
5.
(pdftex.def)             Requested size: 597.78697pt x 773.60669pt.
File: rigidity_v101_archive.pdf Graphic file (type pdf)
<use rigidity_v101_archive.pdf, page 83>
Package pdftex.def Info: rigidity_v101_archive.pdf , page83 used on input line 
5.
(pdftex.def)             Requested size: 597.78697pt x 773.60669pt.
File: rigidity_v101_archive.pdf Graphic file (type pdf)
<use rigidity_v101_archive.pdf, page 83>
Package pdftex.def Info: rigidity_v101_archive.pdf , page83 used on input line 
5.
(pdftex.def)             Requested size: 597.78697pt x 773.60669pt.
 [140

 <./rigidity_v101_archive.pdf>]
<rigidity_v101_archive.pdf, id=1221, page=84, 614.295pt x 794.97pt>
File: rigidity_v101_archive.pdf Graphic file (type pdf)
<use rigidity_v101_archive.pdf, page 84>
Package pdftex.def Info: rigidity_v101_archive.pdf , page84 used on input line 
5.
(pdftex.def)             Requested size: 597.78697pt x 773.60669pt.
File: rigidity_v101_archive.pdf Graphic file (type pdf)
<use rigidity_v101_archive.pdf, page 84>
Package pdftex.def Info: rigidity_v101_archive.pdf , page84 used on input line 
5.
(pdftex.def)             Requested size: 597.78697pt x 773.60669pt.
File: rigidity_v101_archive.pdf Graphic file (type pdf)
<use rigidity_v101_archive.pdf, page 84>
Package pdftex.def Info: rigidity_v101_archive.pdf , page84 used on input line 
5.
(pdftex.def)             Requested size: 597.78697pt x 773.60669pt.

[141

 <./rigidity_v101_archive.pdf>]
<rigidity_v101_archive.pdf, id=1227, page=85, 614.295pt x 794.97pt>
File: rigidity_v101_archive.pdf Graphic file (type pdf)
<use rigidity_v101_archive.pdf, page 85>
Package pdftex.def Info: rigidity_v101_archive.pdf , page85 used on input line 
5.
(pdftex.def)             Requested size: 597.78697pt x 773.60669pt.
File: rigidity_v101_archive.pdf Graphic file (type pdf)
<use rigidity_v101_archive.pdf, page 85>
Package pdftex.def Info: rigidity_v101_archive.pdf , page85 used on input line 
5.
(pdftex.def)             Requested size: 597.78697pt x 773.60669pt.
File: rigidity_v101_archive.pdf Graphic file (type pdf)
<use rigidity_v101_archive.pdf, page 85>
Package pdftex.def Info: rigidity_v101_archive.pdf , page85 used on input line 
5.
(pdftex.def)             Requested size: 597.78697pt x 773.60669pt.
 [142

 <./rigidity_v101_archive.pdf>]
<rigidity_v101_archive.pdf, id=1233, page=86, 614.295pt x 794.97pt>
File: rigidity_v101_archive.pdf Graphic file (type pdf)
<use rigidity_v101_archive.pdf, page 86>
Package pdftex.def Info: rigidity_v101_archive.pdf , page86 used on input line 
5.
(pdftex.def)             Requested size: 597.78697pt x 773.60669pt.
File: rigidity_v101_archive.pdf Graphic file (type pdf)
<use rigidity_v101_archive.pdf, page 86>
Package pdftex.def Info: rigidity_v101_archive.pdf , page86 used on input line 
5.
(pdftex.def)             Requested size: 597.78697pt x 773.60669pt.
File: rigidity_v101_archive.pdf Graphic file (type pdf)
<use rigidity_v101_archive.pdf, page 86>
Package pdftex.def Info: rigidity_v101_archive.pdf , page86 used on input line 
5.
(pdftex.def)             Requested size: 597.78697pt x 773.60669pt.

[143

 <./rigidity_v101_archive.pdf>]
<rigidity_v101_archive.pdf, id=1246, page=87, 614.295pt x 794.97pt>
File: rigidity_v101_archive.pdf Graphic file (type pdf)
<use rigidity_v101_archive.pdf, page 87>
Package pdftex.def Info: rigidity_v101_archive.pdf , page87 used on input line 
5.
(pdftex.def)             Requested size: 597.78697pt x 773.60669pt.
File: rigidity_v101_archive.pdf Graphic file (type pdf)
<use rigidity_v101_archive.pdf, page 87>
Package pdftex.def Info: rigidity_v101_archive.pdf , page87 used on input line 
5.
(pdftex.def)             Requested size: 597.78697pt x 773.60669pt.
File: rigidity_v101_archive.pdf Graphic file (type pdf)
<use rigidity_v101_archive.pdf, page 87>
Package pdftex.def Info: rigidity_v101_archive.pdf , page87 used on input line 
5.
(pdftex.def)             Requested size: 597.78697pt x 773.60669pt.
 [144

 <./rigidity_v101_archive.pdf>]
<rigidity_v101_archive.pdf, id=1366, page=88, 614.295pt x 794.97pt>
File: rigidity_v101_archive.pdf Graphic file (type pdf)
<use rigidity_v101_archive.pdf, page 88>
Package pdftex.def Info: rigidity_v101_archive.pdf , page88 used on input line 
5.
(pdftex.def)             Requested size: 597.78697pt x 773.60669pt.
File: rigidity_v101_archive.pdf Graphic file (type pdf)
<use rigidity_v101_archive.pdf, page 88>
Package pdftex.def Info: rigidity_v101_archive.pdf , page88 used on input line 
5.
(pdftex.def)             Requested size: 597.78697pt x 773.60669pt.
File: rigidity_v101_archive.pdf Graphic file (type pdf)
<use rigidity_v101_archive.pdf, page 88>
Package pdftex.def Info: rigidity_v101_archive.pdf , page88 used on input line 
5.
(pdftex.def)             Requested size: 597.78697pt x 773.60669pt.

[145

 <./rigidity_v101_archive.pdf>]
<rigidity_v101_archive.pdf, id=1388, page=89, 614.295pt x 794.97pt>
File: rigidity_v101_archive.pdf Graphic file (type pdf)
<use rigidity_v101_archive.pdf, page 89>
Package pdftex.def Info: rigidity_v101_archive.pdf , page89 used on input line 
5.
(pdftex.def)             Requested size: 597.78697pt x 773.60669pt.
File: rigidity_v101_archive.pdf Graphic file (type pdf)
<use rigidity_v101_archive.pdf, page 89>
Package pdftex.def Info: rigidity_v101_archive.pdf , page89 used on input line 
5.
(pdftex.def)             Requested size: 597.78697pt x 773.60669pt.
File: rigidity_v101_archive.pdf Graphic file (type pdf)
<use rigidity_v101_archive.pdf, page 89>
Package pdftex.def Info: rigidity_v101_archive.pdf , page89 used on input line 
5.
(pdftex.def)             Requested size: 597.78697pt x 773.60669pt.
 [146

 <./rigidity_v101_archive.pdf>]
<rigidity_v101_archive.pdf, id=1413, page=90, 614.295pt x 794.97pt>
File: rigidity_v101_archive.pdf Graphic file (type pdf)
<use rigidity_v101_archive.pdf, page 90>
Package pdftex.def Info: rigidity_v101_archive.pdf , page90 used on input line 
5.
(pdftex.def)             Requested size: 597.78697pt x 773.60669pt.
File: rigidity_v101_archive.pdf Graphic file (type pdf)
<use rigidity_v101_archive.pdf, page 90>
Package pdftex.def Info: rigidity_v101_archive.pdf , page90 used on input line 
5.
(pdftex.def)             Requested size: 597.78697pt x 773.60669pt.
File: rigidity_v101_archive.pdf Graphic file (type pdf)
<use rigidity_v101_archive.pdf, page 90>
Package pdftex.def Info: rigidity_v101_archive.pdf , page90 used on input line 
5.
(pdftex.def)             Requested size: 597.78697pt x 773.60669pt.

[147

 <./rigidity_v101_archive.pdf>]
<rigidity_v101_archive.pdf, id=1427, page=91, 614.295pt x 794.97pt>
File: rigidity_v101_archive.pdf Graphic file (type pdf)
<use rigidity_v101_archive.pdf, page 91>
Package pdftex.def Info: rigidity_v101_archive.pdf , page91 used on input line 
5.
(pdftex.def)             Requested size: 597.78697pt x 773.60669pt.
File: rigidity_v101_archive.pdf Graphic file (type pdf)
<use rigidity_v101_archive.pdf, page 91>
Package pdftex.def Info: rigidity_v101_archive.pdf , page91 used on input line 
5.
(pdftex.def)             Requested size: 597.78697pt x 773.60669pt.
File: rigidity_v101_archive.pdf Graphic file (type pdf)
<use rigidity_v101_archive.pdf, page 91>
Package pdftex.def Info: rigidity_v101_archive.pdf , page91 used on input line 
5.
(pdftex.def)             Requested size: 597.78697pt x 773.60669pt.
 [148

 <./rigidity_v101_archive.pdf>]
<rigidity_v101_archive.pdf, id=1434, page=92, 614.295pt x 794.97pt>
File: rigidity_v101_archive.pdf Graphic file (type pdf)
<use rigidity_v101_archive.pdf, page 92>
Package pdftex.def Info: rigidity_v101_archive.pdf , page92 used on input line 
5.
(pdftex.def)             Requested size: 597.78697pt x 773.60669pt.
File: rigidity_v101_archive.pdf Graphic file (type pdf)
<use rigidity_v101_archive.pdf, page 92>
Package pdftex.def Info: rigidity_v101_archive.pdf , page92 used on input line 
5.
(pdftex.def)             Requested size: 597.78697pt x 773.60669pt.
File: rigidity_v101_archive.pdf Graphic file (type pdf)
<use rigidity_v101_archive.pdf, page 92>
Package pdftex.def Info: rigidity_v101_archive.pdf , page92 used on input line 
5.
(pdftex.def)             Requested size: 597.78697pt x 773.60669pt.

[149

 <./rigidity_v101_archive.pdf>]
<rigidity_v101_archive.pdf, id=1441, page=93, 614.295pt x 794.97pt>
File: rigidity_v101_archive.pdf Graphic file (type pdf)
<use rigidity_v101_archive.pdf, page 93>
Package pdftex.def Info: rigidity_v101_archive.pdf , page93 used on input line 
5.
(pdftex.def)             Requested size: 597.78697pt x 773.60669pt.
File: rigidity_v101_archive.pdf Graphic file (type pdf)
<use rigidity_v101_archive.pdf, page 93>
Package pdftex.def Info: rigidity_v101_archive.pdf , page93 used on input line 
5.
(pdftex.def)             Requested size: 597.78697pt x 773.60669pt.
File: rigidity_v101_archive.pdf Graphic file (type pdf)
<use rigidity_v101_archive.pdf, page 93>
Package pdftex.def Info: rigidity_v101_archive.pdf , page93 used on input line 
5.
(pdftex.def)             Requested size: 597.78697pt x 773.60669pt.
 [150

 <./rigidity_v101_archive.pdf>]
<rigidity_v101_archive.pdf, id=1448, page=94, 614.295pt x 794.97pt>
File: rigidity_v101_archive.pdf Graphic file (type pdf)
<use rigidity_v101_archive.pdf, page 94>
Package pdftex.def Info: rigidity_v101_archive.pdf , page94 used on input line 
5.
(pdftex.def)             Requested size: 597.78697pt x 773.60669pt.
File: rigidity_v101_archive.pdf Graphic file (type pdf)
<use rigidity_v101_archive.pdf, page 94>
Package pdftex.def Info: rigidity_v101_archive.pdf , page94 used on input line 
5.
(pdftex.def)             Requested size: 597.78697pt x 773.60669pt.
File: rigidity_v101_archive.pdf Graphic file (type pdf)
<use rigidity_v101_archive.pdf, page 94>
Package pdftex.def Info: rigidity_v101_archive.pdf , page94 used on input line 
5.
(pdftex.def)             Requested size: 597.78697pt x 773.60669pt.

[151

 <./rigidity_v101_archive.pdf>]
<rigidity_v101_archive.pdf, id=1463, page=95, 614.295pt x 794.97pt>
File: rigidity_v101_archive.pdf Graphic file (type pdf)
<use rigidity_v101_archive.pdf, page 95>
Package pdftex.def Info: rigidity_v101_archive.pdf , page95 used on input line 
5.
(pdftex.def)             Requested size: 597.78697pt x 773.60669pt.
File: rigidity_v101_archive.pdf Graphic file (type pdf)
<use rigidity_v101_archive.pdf, page 95>
Package pdftex.def Info: rigidity_v101_archive.pdf , page95 used on input line 
5.
(pdftex.def)             Requested size: 597.78697pt x 773.60669pt.
File: rigidity_v101_archive.pdf Graphic file (type pdf)
<use rigidity_v101_archive.pdf, page 95>
Package pdftex.def Info: rigidity_v101_archive.pdf , page95 used on input line 
5.
(pdftex.def)             Requested size: 597.78697pt x 773.60669pt.
 [152

 <./rigidity_v101_archive.pdf>]
<rigidity_v101_archive.pdf, id=1484, page=96, 614.295pt x 794.97pt>
File: rigidity_v101_archive.pdf Graphic file (type pdf)
<use rigidity_v101_archive.pdf, page 96>
Package pdftex.def Info: rigidity_v101_archive.pdf , page96 used on input line 
5.
(pdftex.def)             Requested size: 597.78697pt x 773.60669pt.
File: rigidity_v101_archive.pdf Graphic file (type pdf)
<use rigidity_v101_archive.pdf, page 96>
Package pdftex.def Info: rigidity_v101_archive.pdf , page96 used on input line 
5.
(pdftex.def)             Requested size: 597.78697pt x 773.60669pt.
File: rigidity_v101_archive.pdf Graphic file (type pdf)
<use rigidity_v101_archive.pdf, page 96>
Package pdftex.def Info: rigidity_v101_archive.pdf , page96 used on input line 
5.
(pdftex.def)             Requested size: 597.78697pt x 773.60669pt.

[153

 <./rigidity_v101_archive.pdf>]
<rigidity_v101_archive.pdf, id=1491, page=97, 614.295pt x 794.97pt>
File: rigidity_v101_archive.pdf Graphic file (type pdf)
<use rigidity_v101_archive.pdf, page 97>
Package pdftex.def Info: rigidity_v101_archive.pdf , page97 used on input line 
5.
(pdftex.def)             Requested size: 597.78697pt x 773.60669pt.
File: rigidity_v101_archive.pdf Graphic file (type pdf)
<use rigidity_v101_archive.pdf, page 97>
Package pdftex.def Info: rigidity_v101_archive.pdf , page97 used on input line 
5.
(pdftex.def)             Requested size: 597.78697pt x 773.60669pt.
File: rigidity_v101_archive.pdf Graphic file (type pdf)
<use rigidity_v101_archive.pdf, page 97>
Package pdftex.def Info: rigidity_v101_archive.pdf , page97 used on input line 
5.
(pdftex.def)             Requested size: 597.78697pt x 773.60669pt.
 [154

 <./rigidity_v101_archive.pdf>]
<rigidity_v101_archive.pdf, id=1498, page=98, 614.295pt x 794.97pt>
File: rigidity_v101_archive.pdf Graphic file (type pdf)
<use rigidity_v101_archive.pdf, page 98>
Package pdftex.def Info: rigidity_v101_archive.pdf , page98 used on input line 
5.
(pdftex.def)             Requested size: 597.78697pt x 773.60669pt.
File: rigidity_v101_archive.pdf Graphic file (type pdf)
<use rigidity_v101_archive.pdf, page 98>
Package pdftex.def Info: rigidity_v101_archive.pdf , page98 used on input line 
5.
(pdftex.def)             Requested size: 597.78697pt x 773.60669pt.
File: rigidity_v101_archive.pdf Graphic file (type pdf)
<use rigidity_v101_archive.pdf, page 98>
Package pdftex.def Info: rigidity_v101_archive.pdf , page98 used on input line 
5.
(pdftex.def)             Requested size: 597.78697pt x 773.60669pt.

[155

 <./rigidity_v101_archive.pdf>]
<rigidity_v101_archive.pdf, id=1505, page=99, 614.295pt x 794.97pt>
File: rigidity_v101_archive.pdf Graphic file (type pdf)
<use rigidity_v101_archive.pdf, page 99>
Package pdftex.def Info: rigidity_v101_archive.pdf , page99 used on input line 
5.
(pdftex.def)             Requested size: 597.78697pt x 773.60669pt.
File: rigidity_v101_archive.pdf Graphic file (type pdf)
<use rigidity_v101_archive.pdf, page 99>
Package pdftex.def Info: rigidity_v101_archive.pdf , page99 used on input line 
5.
(pdftex.def)             Requested size: 597.78697pt x 773.60669pt.
File: rigidity_v101_archive.pdf Graphic file (type pdf)
<use rigidity_v101_archive.pdf, page 99>
Package pdftex.def Info: rigidity_v101_archive.pdf , page99 used on input line 
5.
(pdftex.def)             Requested size: 597.78697pt x 773.60669pt.
 [156

 <./rigidity_v101_archive.pdf>]
<rigidity_v101_archive.pdf, id=1512, page=100, 614.295pt x 794.97pt>
File: rigidity_v101_archive.pdf Graphic file (type pdf)
<use rigidity_v101_archive.pdf, page 100>
Package pdftex.def Info: rigidity_v101_archive.pdf , page100 used on input line
 5.
(pdftex.def)             Requested size: 597.78697pt x 773.60669pt.
File: rigidity_v101_archive.pdf Graphic file (type pdf)
<use rigidity_v101_archive.pdf, page 100>
Package pdftex.def Info: rigidity_v101_archive.pdf , page100 used on input line
 5.
(pdftex.def)             Requested size: 597.78697pt x 773.60669pt.
File: rigidity_v101_archive.pdf Graphic file (type pdf)
<use rigidity_v101_archive.pdf, page 100>
Package pdftex.def Info: rigidity_v101_archive.pdf , page100 used on input line
 5.
(pdftex.def)             Requested size: 597.78697pt x 773.60669pt.

[157

 <./rigidity_v101_archive.pdf>]
<rigidity_v101_archive.pdf, id=1520, page=101, 614.295pt x 794.97pt>
File: rigidity_v101_archive.pdf Graphic file (type pdf)
<use rigidity_v101_archive.pdf, page 101>
Package pdftex.def Info: rigidity_v101_archive.pdf , page101 used on input line
 5.
(pdftex.def)             Requested size: 597.78697pt x 773.60669pt.
File: rigidity_v101_archive.pdf Graphic file (type pdf)
<use rigidity_v101_archive.pdf, page 101>
Package pdftex.def Info: rigidity_v101_archive.pdf , page101 used on input line
 5.
(pdftex.def)             Requested size: 597.78697pt x 773.60669pt.
File: rigidity_v101_archive.pdf Graphic file (type pdf)
<use rigidity_v101_archive.pdf, page 101>
Package pdftex.def Info: rigidity_v101_archive.pdf , page101 used on input line
 5.
(pdftex.def)             Requested size: 597.78697pt x 773.60669pt.
 [158

 <./rigidity_v101_archive.pdf>]
<rigidity_v101_archive.pdf, id=1527, page=102, 614.295pt x 794.97pt>
File: rigidity_v101_archive.pdf Graphic file (type pdf)
<use rigidity_v101_archive.pdf, page 102>
Package pdftex.def Info: rigidity_v101_archive.pdf , page102 used on input line
 5.
(pdftex.def)             Requested size: 597.78697pt x 773.60669pt.
File: rigidity_v101_archive.pdf Graphic file (type pdf)
<use rigidity_v101_archive.pdf, page 102>
Package pdftex.def Info: rigidity_v101_archive.pdf , page102 used on input line
 5.
(pdftex.def)             Requested size: 597.78697pt x 773.60669pt.
File: rigidity_v101_archive.pdf Graphic file (type pdf)
<use rigidity_v101_archive.pdf, page 102>
Package pdftex.def Info: rigidity_v101_archive.pdf , page102 used on input line
 5.
(pdftex.def)             Requested size: 597.78697pt x 773.60669pt.

[159

 <./rigidity_v101_archive.pdf>]
<rigidity_v101_archive.pdf, id=1534, page=103, 614.295pt x 794.97pt>
File: rigidity_v101_archive.pdf Graphic file (type pdf)
<use rigidity_v101_archive.pdf, page 103>
Package pdftex.def Info: rigidity_v101_archive.pdf , page103 used on input line
 5.
(pdftex.def)             Requested size: 597.78697pt x 773.60669pt.
File: rigidity_v101_archive.pdf Graphic file (type pdf)
<use rigidity_v101_archive.pdf, page 103>
Package pdftex.def Info: rigidity_v101_archive.pdf , page103 used on input line
 5.
(pdftex.def)             Requested size: 597.78697pt x 773.60669pt.
File: rigidity_v101_archive.pdf Graphic file (type pdf)
<use rigidity_v101_archive.pdf, page 103>
Package pdftex.def Info: rigidity_v101_archive.pdf , page103 used on input line
 5.
(pdftex.def)             Requested size: 597.78697pt x 773.60669pt.
 [160

 <./rigidity_v101_archive.pdf>]
<rigidity_v101_archive.pdf, id=1548, page=104, 614.295pt x 794.97pt>
File: rigidity_v101_archive.pdf Graphic file (type pdf)
<use rigidity_v101_archive.pdf, page 104>
Package pdftex.def Info: rigidity_v101_archive.pdf , page104 used on input line
 5.
(pdftex.def)             Requested size: 597.78697pt x 773.60669pt.
File: rigidity_v101_archive.pdf Graphic file (type pdf)
<use rigidity_v101_archive.pdf, page 104>
Package pdftex.def Info: rigidity_v101_archive.pdf , page104 used on input line
 5.
(pdftex.def)             Requested size: 597.78697pt x 773.60669pt.
File: rigidity_v101_archive.pdf Graphic file (type pdf)
<use rigidity_v101_archive.pdf, page 104>
Package pdftex.def Info: rigidity_v101_archive.pdf , page104 used on input line
 5.
(pdftex.def)             Requested size: 597.78697pt x 773.60669pt.

[161

 <./rigidity_v101_archive.pdf>]
<rigidity_v101_archive.pdf, id=1555, page=105, 614.295pt x 794.97pt>
File: rigidity_v101_archive.pdf Graphic file (type pdf)
<use rigidity_v101_archive.pdf, page 105>
Package pdftex.def Info: rigidity_v101_archive.pdf , page105 used on input line
 5.
(pdftex.def)             Requested size: 597.78697pt x 773.60669pt.
File: rigidity_v101_archive.pdf Graphic file (type pdf)
<use rigidity_v101_archive.pdf, page 105>
Package pdftex.def Info: rigidity_v101_archive.pdf , page105 used on input line
 5.
(pdftex.def)             Requested size: 597.78697pt x 773.60669pt.
File: rigidity_v101_archive.pdf Graphic file (type pdf)
<use rigidity_v101_archive.pdf, page 105>
Package pdftex.def Info: rigidity_v101_archive.pdf , page105 used on input line
 5.
(pdftex.def)             Requested size: 597.78697pt x 773.60669pt.
 [162

 <./rigidity_v101_archive.pdf>]
<rigidity_v101_archive.pdf, id=1562, page=106, 614.295pt x 794.97pt>
File: rigidity_v101_archive.pdf Graphic file (type pdf)
<use rigidity_v101_archive.pdf, page 106>
Package pdftex.def Info: rigidity_v101_archive.pdf , page106 used on input line
 5.
(pdftex.def)             Requested size: 597.78697pt x 773.60669pt.
File: rigidity_v101_archive.pdf Graphic file (type pdf)
<use rigidity_v101_archive.pdf, page 106>
Package pdftex.def Info: rigidity_v101_archive.pdf , page106 used on input line
 5.
(pdftex.def)             Requested size: 597.78697pt x 773.60669pt.
File: rigidity_v101_archive.pdf Graphic file (type pdf)
<use rigidity_v101_archive.pdf, page 106>
Package pdftex.def Info: rigidity_v101_archive.pdf , page106 used on input line
 5.
(pdftex.def)             Requested size: 597.78697pt x 773.60669pt.

[163

 <./rigidity_v101_archive.pdf>]
<rigidity_v101_archive.pdf, id=1570, page=107, 614.295pt x 794.97pt>
File: rigidity_v101_archive.pdf Graphic file (type pdf)
<use rigidity_v101_archive.pdf, page 107>
Package pdftex.def Info: rigidity_v101_archive.pdf , page107 used on input line
 5.
(pdftex.def)             Requested size: 597.78697pt x 773.60669pt.
File: rigidity_v101_archive.pdf Graphic file (type pdf)
<use rigidity_v101_archive.pdf, page 107>
Package pdftex.def Info: rigidity_v101_archive.pdf , page107 used on input line
 5.
(pdftex.def)             Requested size: 597.78697pt x 773.60669pt.
File: rigidity_v101_archive.pdf Graphic file (type pdf)
<use rigidity_v101_archive.pdf, page 107>
Package pdftex.def Info: rigidity_v101_archive.pdf , page107 used on input line
 5.
(pdftex.def)             Requested size: 597.78697pt x 773.60669pt.
 [164

 <./rigidity_v101_archive.pdf>]
<rigidity_v101_archive.pdf, id=1577, page=108, 614.295pt x 794.97pt>
File: rigidity_v101_archive.pdf Graphic file (type pdf)
<use rigidity_v101_archive.pdf, page 108>
Package pdftex.def Info: rigidity_v101_archive.pdf , page108 used on input line
 5.
(pdftex.def)             Requested size: 597.78697pt x 773.60669pt.
File: rigidity_v101_archive.pdf Graphic file (type pdf)
<use rigidity_v101_archive.pdf, page 108>
Package pdftex.def Info: rigidity_v101_archive.pdf , page108 used on input line
 5.
(pdftex.def)             Requested size: 597.78697pt x 773.60669pt.
File: rigidity_v101_archive.pdf Graphic file (type pdf)
<use rigidity_v101_archive.pdf, page 108>
Package pdftex.def Info: rigidity_v101_archive.pdf , page108 used on input line
 5.
(pdftex.def)             Requested size: 597.78697pt x 773.60669pt.

[165

 <./rigidity_v101_archive.pdf>]
<rigidity_v101_archive.pdf, id=1584, page=109, 614.295pt x 794.97pt>
File: rigidity_v101_archive.pdf Graphic file (type pdf)
<use rigidity_v101_archive.pdf, page 109>
Package pdftex.def Info: rigidity_v101_archive.pdf , page109 used on input line
 5.
(pdftex.def)             Requested size: 597.78697pt x 773.60669pt.
File: rigidity_v101_archive.pdf Graphic file (type pdf)
<use rigidity_v101_archive.pdf, page 109>
Package pdftex.def Info: rigidity_v101_archive.pdf , page109 used on input line
 5.
(pdftex.def)             Requested size: 597.78697pt x 773.60669pt.
File: rigidity_v101_archive.pdf Graphic file (type pdf)
<use rigidity_v101_archive.pdf, page 109>
Package pdftex.def Info: rigidity_v101_archive.pdf , page109 used on input line
 5.
(pdftex.def)             Requested size: 597.78697pt x 773.60669pt.
 [166

 <./rigidity_v101_archive.pdf>]
<rigidity_v101_archive.pdf, id=1591, page=110, 614.295pt x 794.97pt>
File: rigidity_v101_archive.pdf Graphic file (type pdf)
<use rigidity_v101_archive.pdf, page 110>
Package pdftex.def Info: rigidity_v101_archive.pdf , page110 used on input line
 5.
(pdftex.def)             Requested size: 597.78697pt x 773.60669pt.
File: rigidity_v101_archive.pdf Graphic file (type pdf)
<use rigidity_v101_archive.pdf, page 110>
Package pdftex.def Info: rigidity_v101_archive.pdf , page110 used on input line
 5.
(pdftex.def)             Requested size: 597.78697pt x 773.60669pt.
File: rigidity_v101_archive.pdf Graphic file (type pdf)
<use rigidity_v101_archive.pdf, page 110>
Package pdftex.def Info: rigidity_v101_archive.pdf , page110 used on input line
 5.
(pdftex.def)             Requested size: 597.78697pt x 773.60669pt.

[167

 <./rigidity_v101_archive.pdf>]
<rigidity_v101_archive.pdf, id=1598, page=111, 614.295pt x 794.97pt>
File: rigidity_v101_archive.pdf Graphic file (type pdf)
<use rigidity_v101_archive.pdf, page 111>
Package pdftex.def Info: rigidity_v101_archive.pdf , page111 used on input line
 5.
(pdftex.def)             Requested size: 597.78697pt x 773.60669pt.
File: rigidity_v101_archive.pdf Graphic file (type pdf)
<use rigidity_v101_archive.pdf, page 111>
Package pdftex.def Info: rigidity_v101_archive.pdf , page111 used on input line
 5.
(pdftex.def)             Requested size: 597.78697pt x 773.60669pt.
File: rigidity_v101_archive.pdf Graphic file (type pdf)
<use rigidity_v101_archive.pdf, page 111>
Package pdftex.def Info: rigidity_v101_archive.pdf , page111 used on input line
 5.
(pdftex.def)             Requested size: 597.78697pt x 773.60669pt.
 [168

 <./rigidity_v101_archive.pdf>]
<rigidity_v101_archive.pdf, id=1606, page=112, 614.295pt x 794.97pt>
File: rigidity_v101_archive.pdf Graphic file (type pdf)
<use rigidity_v101_archive.pdf, page 112>
Package pdftex.def Info: rigidity_v101_archive.pdf , page112 used on input line
 5.
(pdftex.def)             Requested size: 597.78697pt x 773.60669pt.
File: rigidity_v101_archive.pdf Graphic file (type pdf)
<use rigidity_v101_archive.pdf, page 112>
Package pdftex.def Info: rigidity_v101_archive.pdf , page112 used on input line
 5.
(pdftex.def)             Requested size: 597.78697pt x 773.60669pt.
File: rigidity_v101_archive.pdf Graphic file (type pdf)
<use rigidity_v101_archive.pdf, page 112>
Package pdftex.def Info: rigidity_v101_archive.pdf , page112 used on input line
 5.
(pdftex.def)             Requested size: 597.78697pt x 773.60669pt.

[169

 <./rigidity_v101_archive.pdf>]
<rigidity_v101_archive.pdf, id=1621, page=113, 614.295pt x 794.97pt>
File: rigidity_v101_archive.pdf Graphic file (type pdf)
<use rigidity_v101_archive.pdf, page 113>
Package pdftex.def Info: rigidity_v101_archive.pdf , page113 used on input line
 5.
(pdftex.def)             Requested size: 597.78697pt x 773.60669pt.
File: rigidity_v101_archive.pdf Graphic file (type pdf)
<use rigidity_v101_archive.pdf, page 113>
Package pdftex.def Info: rigidity_v101_archive.pdf , page113 used on input line
 5.
(pdftex.def)             Requested size: 597.78697pt x 773.60669pt.
File: rigidity_v101_archive.pdf Graphic file (type pdf)
<use rigidity_v101_archive.pdf, page 113>
Package pdftex.def Info: rigidity_v101_archive.pdf , page113 used on input line
 5.
(pdftex.def)             Requested size: 597.78697pt x 773.60669pt.
 [170

 <./rigidity_v101_archive.pdf>]
<rigidity_v101_archive.pdf, id=1723, page=114, 614.295pt x 794.97pt>
File: rigidity_v101_archive.pdf Graphic file (type pdf)
<use rigidity_v101_archive.pdf, page 114>
Package pdftex.def Info: rigidity_v101_archive.pdf , page114 used on input line
 5.
(pdftex.def)             Requested size: 597.78697pt x 773.60669pt.
File: rigidity_v101_archive.pdf Graphic file (type pdf)
<use rigidity_v101_archive.pdf, page 114>
Package pdftex.def Info: rigidity_v101_archive.pdf , page114 used on input line
 5.
(pdftex.def)             Requested size: 597.78697pt x 773.60669pt.
File: rigidity_v101_archive.pdf Graphic file (type pdf)
<use rigidity_v101_archive.pdf, page 114>
Package pdftex.def Info: rigidity_v101_archive.pdf , page114 used on input line
 5.
(pdftex.def)             Requested size: 597.78697pt x 773.60669pt.

[171

 <./rigidity_v101_archive.pdf>]
<rigidity_v101_archive.pdf, id=1756, page=115, 614.295pt x 794.97pt>
File: rigidity_v101_archive.pdf Graphic file (type pdf)
<use rigidity_v101_archive.pdf, page 115>
Package pdftex.def Info: rigidity_v101_archive.pdf , page115 used on input line
 5.
(pdftex.def)             Requested size: 597.78697pt x 773.60669pt.
File: rigidity_v101_archive.pdf Graphic file (type pdf)
<use rigidity_v101_archive.pdf, page 115>
Package pdftex.def Info: rigidity_v101_archive.pdf , page115 used on input line
 5.
(pdftex.def)             Requested size: 597.78697pt x 773.60669pt.
File: rigidity_v101_archive.pdf Graphic file (type pdf)
<use rigidity_v101_archive.pdf, page 115>
Package pdftex.def Info: rigidity_v101_archive.pdf , page115 used on input line
 5.
(pdftex.def)             Requested size: 597.78697pt x 773.60669pt.
 [172

 <./rigidity_v101_archive.pdf>]
<rigidity_v101_archive.pdf, id=1776, page=116, 614.295pt x 794.97pt>
File: rigidity_v101_archive.pdf Graphic file (type pdf)
<use rigidity_v101_archive.pdf, page 116>
Package pdftex.def Info: rigidity_v101_archive.pdf , page116 used on input line
 5.
(pdftex.def)             Requested size: 597.78697pt x 773.60669pt.
File: rigidity_v101_archive.pdf Graphic file (type pdf)
<use rigidity_v101_archive.pdf, page 116>
Package pdftex.def Info: rigidity_v101_archive.pdf , page116 used on input line
 5.
(pdftex.def)             Requested size: 597.78697pt x 773.60669pt.
File: rigidity_v101_archive.pdf Graphic file (type pdf)
<use rigidity_v101_archive.pdf, page 116>
Package pdftex.def Info: rigidity_v101_archive.pdf , page116 used on input line
 5.
(pdftex.def)             Requested size: 597.78697pt x 773.60669pt.

[173

 <./rigidity_v101_archive.pdf>]
<rigidity_v101_archive.pdf, id=1798, page=117, 614.295pt x 794.97pt>
File: rigidity_v101_archive.pdf Graphic file (type pdf)
<use rigidity_v101_archive.pdf, page 117>
Package pdftex.def Info: rigidity_v101_archive.pdf , page117 used on input line
 5.
(pdftex.def)             Requested size: 597.78697pt x 773.60669pt.
File: rigidity_v101_archive.pdf Graphic file (type pdf)
<use rigidity_v101_archive.pdf, page 117>
Package pdftex.def Info: rigidity_v101_archive.pdf , page117 used on input line
 5.
(pdftex.def)             Requested size: 597.78697pt x 773.60669pt.
File: rigidity_v101_archive.pdf Graphic file (type pdf)
<use rigidity_v101_archive.pdf, page 117>
Package pdftex.def Info: rigidity_v101_archive.pdf , page117 used on input line
 5.
(pdftex.def)             Requested size: 597.78697pt x 773.60669pt.
 [174

 <./rigidity_v101_archive.pdf>]
<rigidity_v101_archive.pdf, id=1806, page=118, 614.295pt x 794.97pt>
File: rigidity_v101_archive.pdf Graphic file (type pdf)
<use rigidity_v101_archive.pdf, page 118>
Package pdftex.def Info: rigidity_v101_archive.pdf , page118 used on input line
 5.
(pdftex.def)             Requested size: 597.78697pt x 773.60669pt.
File: rigidity_v101_archive.pdf Graphic file (type pdf)
<use rigidity_v101_archive.pdf, page 118>
Package pdftex.def Info: rigidity_v101_archive.pdf , page118 used on input line
 5.
(pdftex.def)             Requested size: 597.78697pt x 773.60669pt.
File: rigidity_v101_archive.pdf Graphic file (type pdf)
<use rigidity_v101_archive.pdf, page 118>
Package pdftex.def Info: rigidity_v101_archive.pdf , page118 used on input line
 5.
(pdftex.def)             Requested size: 597.78697pt x 773.60669pt.

[175

 <./rigidity_v101_archive.pdf>]
<rigidity_v101_archive.pdf, id=1822, page=119, 614.295pt x 794.97pt>
File: rigidity_v101_archive.pdf Graphic file (type pdf)
<use rigidity_v101_archive.pdf, page 119>
Package pdftex.def Info: rigidity_v101_archive.pdf , page119 used on input line
 5.
(pdftex.def)             Requested size: 597.78697pt x 773.60669pt.
File: rigidity_v101_archive.pdf Graphic file (type pdf)
<use rigidity_v101_archive.pdf, page 119>
Package pdftex.def Info: rigidity_v101_archive.pdf , page119 used on input line
 5.
(pdftex.def)             Requested size: 597.78697pt x 773.60669pt.
File: rigidity_v101_archive.pdf Graphic file (type pdf)
<use rigidity_v101_archive.pdf, page 119>
Package pdftex.def Info: rigidity_v101_archive.pdf , page119 used on input line
 5.
(pdftex.def)             Requested size: 597.78697pt x 773.60669pt.
 [176

 <./rigidity_v101_archive.pdf>]
<rigidity_v101_archive.pdf, id=1851, page=120, 614.295pt x 794.97pt>
File: rigidity_v101_archive.pdf Graphic file (type pdf)
<use rigidity_v101_archive.pdf, page 120>
Package pdftex.def Info: rigidity_v101_archive.pdf , page120 used on input line
 5.
(pdftex.def)             Requested size: 597.78697pt x 773.60669pt.
File: rigidity_v101_archive.pdf Graphic file (type pdf)
<use rigidity_v101_archive.pdf, page 120>
Package pdftex.def Info: rigidity_v101_archive.pdf , page120 used on input line
 5.
(pdftex.def)             Requested size: 597.78697pt x 773.60669pt.
File: rigidity_v101_archive.pdf Graphic file (type pdf)
<use rigidity_v101_archive.pdf, page 120>
Package pdftex.def Info: rigidity_v101_archive.pdf , page120 used on input line
 5.
(pdftex.def)             Requested size: 597.78697pt x 773.60669pt.

[177

 <./rigidity_v101_archive.pdf>]
<rigidity_v101_archive.pdf, id=1866, page=121, 614.295pt x 794.97pt>
File: rigidity_v101_archive.pdf Graphic file (type pdf)
<use rigidity_v101_archive.pdf, page 121>
Package pdftex.def Info: rigidity_v101_archive.pdf , page121 used on input line
 5.
(pdftex.def)             Requested size: 597.78697pt x 773.60669pt.
File: rigidity_v101_archive.pdf Graphic file (type pdf)
<use rigidity_v101_archive.pdf, page 121>
Package pdftex.def Info: rigidity_v101_archive.pdf , page121 used on input line
 5.
(pdftex.def)             Requested size: 597.78697pt x 773.60669pt.
File: rigidity_v101_archive.pdf Graphic file (type pdf)
<use rigidity_v101_archive.pdf, page 121>
Package pdftex.def Info: rigidity_v101_archive.pdf , page121 used on input line
 5.
(pdftex.def)             Requested size: 597.78697pt x 773.60669pt.
 [178

 <./rigidity_v101_archive.pdf>]
<rigidity_v101_archive.pdf, id=1874, page=122, 614.295pt x 794.97pt>
File: rigidity_v101_archive.pdf Graphic file (type pdf)
<use rigidity_v101_archive.pdf, page 122>
Package pdftex.def Info: rigidity_v101_archive.pdf , page122 used on input line
 5.
(pdftex.def)             Requested size: 597.78697pt x 773.60669pt.
File: rigidity_v101_archive.pdf Graphic file (type pdf)
<use rigidity_v101_archive.pdf, page 122>
Package pdftex.def Info: rigidity_v101_archive.pdf , page122 used on input line
 5.
(pdftex.def)             Requested size: 597.78697pt x 773.60669pt.
File: rigidity_v101_archive.pdf Graphic file (type pdf)
<use rigidity_v101_archive.pdf, page 122>
Package pdftex.def Info: rigidity_v101_archive.pdf , page122 used on input line
 5.
(pdftex.def)             Requested size: 597.78697pt x 773.60669pt.

[179

 <./rigidity_v101_archive.pdf>]
<rigidity_v101_archive.pdf, id=1882, page=123, 614.295pt x 794.97pt>
File: rigidity_v101_archive.pdf Graphic file (type pdf)
<use rigidity_v101_archive.pdf, page 123>
Package pdftex.def Info: rigidity_v101_archive.pdf , page123 used on input line
 5.
(pdftex.def)             Requested size: 597.78697pt x 773.60669pt.
File: rigidity_v101_archive.pdf Graphic file (type pdf)
<use rigidity_v101_archive.pdf, page 123>
Package pdftex.def Info: rigidity_v101_archive.pdf , page123 used on input line
 5.
(pdftex.def)             Requested size: 597.78697pt x 773.60669pt.
File: rigidity_v101_archive.pdf Graphic file (type pdf)
<use rigidity_v101_archive.pdf, page 123>
Package pdftex.def Info: rigidity_v101_archive.pdf , page123 used on input line
 5.
(pdftex.def)             Requested size: 597.78697pt x 773.60669pt.
 [180

 <./rigidity_v101_archive.pdf>]
<rigidity_v101_archive.pdf, id=1890, page=124, 614.295pt x 794.97pt>
File: rigidity_v101_archive.pdf Graphic file (type pdf)
<use rigidity_v101_archive.pdf, page 124>
Package pdftex.def Info: rigidity_v101_archive.pdf , page124 used on input line
 5.
(pdftex.def)             Requested size: 597.78697pt x 773.60669pt.
File: rigidity_v101_archive.pdf Graphic file (type pdf)
<use rigidity_v101_archive.pdf, page 124>
Package pdftex.def Info: rigidity_v101_archive.pdf , page124 used on input line
 5.
(pdftex.def)             Requested size: 597.78697pt x 773.60669pt.
File: rigidity_v101_archive.pdf Graphic file (type pdf)
<use rigidity_v101_archive.pdf, page 124>
Package pdftex.def Info: rigidity_v101_archive.pdf , page124 used on input line
 5.
(pdftex.def)             Requested size: 597.78697pt x 773.60669pt.

[181

 <./rigidity_v101_archive.pdf>]
<rigidity_v101_archive.pdf, id=1899, page=125, 614.295pt x 794.97pt>
File: rigidity_v101_archive.pdf Graphic file (type pdf)
<use rigidity_v101_archive.pdf, page 125>
Package pdftex.def Info: rigidity_v101_archive.pdf , page125 used on input line
 5.
(pdftex.def)             Requested size: 597.78697pt x 773.60669pt.
File: rigidity_v101_archive.pdf Graphic file (type pdf)
<use rigidity_v101_archive.pdf, page 125>
Package pdftex.def Info: rigidity_v101_archive.pdf , page125 used on input line
 5.
(pdftex.def)             Requested size: 597.78697pt x 773.60669pt.
File: rigidity_v101_archive.pdf Graphic file (type pdf)
<use rigidity_v101_archive.pdf, page 125>
Package pdftex.def Info: rigidity_v101_archive.pdf , page125 used on input line
 5.
(pdftex.def)             Requested size: 597.78697pt x 773.60669pt.
 [182

 <./rigidity_v101_archive.pdf>]
<rigidity_v101_archive.pdf, id=1907, page=126, 614.295pt x 794.97pt>
File: rigidity_v101_archive.pdf Graphic file (type pdf)
<use rigidity_v101_archive.pdf, page 126>
Package pdftex.def Info: rigidity_v101_archive.pdf , page126 used on input line
 5.
(pdftex.def)             Requested size: 597.78697pt x 773.60669pt.
File: rigidity_v101_archive.pdf Graphic file (type pdf)
<use rigidity_v101_archive.pdf, page 126>
Package pdftex.def Info: rigidity_v101_archive.pdf , page126 used on input line
 5.
(pdftex.def)             Requested size: 597.78697pt x 773.60669pt.
File: rigidity_v101_archive.pdf Graphic file (type pdf)
<use rigidity_v101_archive.pdf, page 126>
Package pdftex.def Info: rigidity_v101_archive.pdf , page126 used on input line
 5.
(pdftex.def)             Requested size: 597.78697pt x 773.60669pt.

[183

 <./rigidity_v101_archive.pdf>]
<rigidity_v101_archive.pdf, id=1915, page=127, 614.295pt x 794.97pt>
File: rigidity_v101_archive.pdf Graphic file (type pdf)
<use rigidity_v101_archive.pdf, page 127>
Package pdftex.def Info: rigidity_v101_archive.pdf , page127 used on input line
 5.
(pdftex.def)             Requested size: 597.78697pt x 773.60669pt.
File: rigidity_v101_archive.pdf Graphic file (type pdf)
<use rigidity_v101_archive.pdf, page 127>
Package pdftex.def Info: rigidity_v101_archive.pdf , page127 used on input line
 5.
(pdftex.def)             Requested size: 597.78697pt x 773.60669pt.
File: rigidity_v101_archive.pdf Graphic file (type pdf)
<use rigidity_v101_archive.pdf, page 127>
Package pdftex.def Info: rigidity_v101_archive.pdf , page127 used on input line
 5.
(pdftex.def)             Requested size: 597.78697pt x 773.60669pt.
 [184

 <./rigidity_v101_archive.pdf>]
<rigidity_v101_archive.pdf, id=1923, page=128, 614.295pt x 794.97pt>
File: rigidity_v101_archive.pdf Graphic file (type pdf)
<use rigidity_v101_archive.pdf, page 128>
Package pdftex.def Info: rigidity_v101_archive.pdf , page128 used on input line
 5.
(pdftex.def)             Requested size: 597.78697pt x 773.60669pt.
File: rigidity_v101_archive.pdf Graphic file (type pdf)
<use rigidity_v101_archive.pdf, page 128>
Package pdftex.def Info: rigidity_v101_archive.pdf , page128 used on input line
 5.
(pdftex.def)             Requested size: 597.78697pt x 773.60669pt.
File: rigidity_v101_archive.pdf Graphic file (type pdf)
<use rigidity_v101_archive.pdf, page 128>
Package pdftex.def Info: rigidity_v101_archive.pdf , page128 used on input line
 5.
(pdftex.def)             Requested size: 597.78697pt x 773.60669pt.

[185

 <./rigidity_v101_archive.pdf>]
<rigidity_v101_archive.pdf, id=1931, page=129, 614.295pt x 794.97pt>
File: rigidity_v101_archive.pdf Graphic file (type pdf)
<use rigidity_v101_archive.pdf, page 129>
Package pdftex.def Info: rigidity_v101_archive.pdf , page129 used on input line
 5.
(pdftex.def)             Requested size: 597.78697pt x 773.60669pt.
File: rigidity_v101_archive.pdf Graphic file (type pdf)
<use rigidity_v101_archive.pdf, page 129>
Package pdftex.def Info: rigidity_v101_archive.pdf , page129 used on input line
 5.
(pdftex.def)             Requested size: 597.78697pt x 773.60669pt.
File: rigidity_v101_archive.pdf Graphic file (type pdf)
<use rigidity_v101_archive.pdf, page 129>
Package pdftex.def Info: rigidity_v101_archive.pdf , page129 used on input line
 5.
(pdftex.def)             Requested size: 597.78697pt x 773.60669pt.
 [186

 <./rigidity_v101_archive.pdf>]
<rigidity_v101_archive.pdf, id=1939, page=130, 614.295pt x 794.97pt>
File: rigidity_v101_archive.pdf Graphic file (type pdf)
<use rigidity_v101_archive.pdf, page 130>
Package pdftex.def Info: rigidity_v101_archive.pdf , page130 used on input line
 5.
(pdftex.def)             Requested size: 597.78697pt x 773.60669pt.
File: rigidity_v101_archive.pdf Graphic file (type pdf)
<use rigidity_v101_archive.pdf, page 130>
Package pdftex.def Info: rigidity_v101_archive.pdf , page130 used on input line
 5.
(pdftex.def)             Requested size: 597.78697pt x 773.60669pt.
File: rigidity_v101_archive.pdf Graphic file (type pdf)
<use rigidity_v101_archive.pdf, page 130>
Package pdftex.def Info: rigidity_v101_archive.pdf , page130 used on input line
 5.
(pdftex.def)             Requested size: 597.78697pt x 773.60669pt.

[187

 <./rigidity_v101_archive.pdf>]
<rigidity_v101_archive.pdf, id=1955, page=131, 614.295pt x 794.97pt>
File: rigidity_v101_archive.pdf Graphic file (type pdf)
<use rigidity_v101_archive.pdf, page 131>
Package pdftex.def Info: rigidity_v101_archive.pdf , page131 used on input line
 5.
(pdftex.def)             Requested size: 597.78697pt x 773.60669pt.
File: rigidity_v101_archive.pdf Graphic file (type pdf)
<use rigidity_v101_archive.pdf, page 131>
Package pdftex.def Info: rigidity_v101_archive.pdf , page131 used on input line
 5.
(pdftex.def)             Requested size: 597.78697pt x 773.60669pt.
File: rigidity_v101_archive.pdf Graphic file (type pdf)
<use rigidity_v101_archive.pdf, page 131>
Package pdftex.def Info: rigidity_v101_archive.pdf , page131 used on input line
 5.
(pdftex.def)             Requested size: 597.78697pt x 773.60669pt.
 [188

 <./rigidity_v101_archive.pdf>]
<rigidity_v101_archive.pdf, id=1963, page=132, 614.295pt x 794.97pt>
File: rigidity_v101_archive.pdf Graphic file (type pdf)
<use rigidity_v101_archive.pdf, page 132>
Package pdftex.def Info: rigidity_v101_archive.pdf , page132 used on input line
 5.
(pdftex.def)             Requested size: 597.78697pt x 773.60669pt.
File: rigidity_v101_archive.pdf Graphic file (type pdf)
<use rigidity_v101_archive.pdf, page 132>
Package pdftex.def Info: rigidity_v101_archive.pdf , page132 used on input line
 5.
(pdftex.def)             Requested size: 597.78697pt x 773.60669pt.
File: rigidity_v101_archive.pdf Graphic file (type pdf)
<use rigidity_v101_archive.pdf, page 132>
Package pdftex.def Info: rigidity_v101_archive.pdf , page132 used on input line
 5.
(pdftex.def)             Requested size: 597.78697pt x 773.60669pt.

[189

 <./rigidity_v101_archive.pdf>]
<rigidity_v101_archive.pdf, id=1971, page=133, 614.295pt x 794.97pt>
File: rigidity_v101_archive.pdf Graphic file (type pdf)
<use rigidity_v101_archive.pdf, page 133>
Package pdftex.def Info: rigidity_v101_archive.pdf , page133 used on input line
 5.
(pdftex.def)             Requested size: 597.78697pt x 773.60669pt.
File: rigidity_v101_archive.pdf Graphic file (type pdf)
<use rigidity_v101_archive.pdf, page 133>
Package pdftex.def Info: rigidity_v101_archive.pdf , page133 used on input line
 5.
(pdftex.def)             Requested size: 597.78697pt x 773.60669pt.
File: rigidity_v101_archive.pdf Graphic file (type pdf)
<use rigidity_v101_archive.pdf, page 133>
Package pdftex.def Info: rigidity_v101_archive.pdf , page133 used on input line
 5.
(pdftex.def)             Requested size: 597.78697pt x 773.60669pt.
 [190

 <./rigidity_v101_archive.pdf>]
<rigidity_v101_archive.pdf, id=1986, page=134, 614.295pt x 794.97pt>
File: rigidity_v101_archive.pdf Graphic file (type pdf)
<use rigidity_v101_archive.pdf, page 134>
Package pdftex.def Info: rigidity_v101_archive.pdf , page134 used on input line
 5.
(pdftex.def)             Requested size: 597.78697pt x 773.60669pt.
File: rigidity_v101_archive.pdf Graphic file (type pdf)
<use rigidity_v101_archive.pdf, page 134>
Package pdftex.def Info: rigidity_v101_archive.pdf , page134 used on input line
 5.
(pdftex.def)             Requested size: 597.78697pt x 773.60669pt.
File: rigidity_v101_archive.pdf Graphic file (type pdf)
<use rigidity_v101_archive.pdf, page 134>
Package pdftex.def Info: rigidity_v101_archive.pdf , page134 used on input line
 5.
(pdftex.def)             Requested size: 597.78697pt x 773.60669pt.

[191

 <./rigidity_v101_archive.pdf>]
<rigidity_v101_archive.pdf, id=2060, page=135, 614.295pt x 794.97pt>
File: rigidity_v101_archive.pdf Graphic file (type pdf)
<use rigidity_v101_archive.pdf, page 135>
Package pdftex.def Info: rigidity_v101_archive.pdf , page135 used on input line
 5.
(pdftex.def)             Requested size: 597.78697pt x 773.60669pt.
File: rigidity_v101_archive.pdf Graphic file (type pdf)
<use rigidity_v101_archive.pdf, page 135>
Package pdftex.def Info: rigidity_v101_archive.pdf , page135 used on input line
 5.
(pdftex.def)             Requested size: 597.78697pt x 773.60669pt.
File: rigidity_v101_archive.pdf Graphic file (type pdf)
<use rigidity_v101_archive.pdf, page 135>
Package pdftex.def Info: rigidity_v101_archive.pdf , page135 used on input line
 5.
(pdftex.def)             Requested size: 597.78697pt x 773.60669pt.
 [192

 <./rigidity_v101_archive.pdf>]
<rigidity_v101_archive.pdf, id=2076, page=136, 614.295pt x 794.97pt>
File: rigidity_v101_archive.pdf Graphic file (type pdf)
<use rigidity_v101_archive.pdf, page 136>
Package pdftex.def Info: rigidity_v101_archive.pdf , page136 used on input line
 5.
(pdftex.def)             Requested size: 597.78697pt x 773.60669pt.
File: rigidity_v101_archive.pdf Graphic file (type pdf)
<use rigidity_v101_archive.pdf, page 136>
Package pdftex.def Info: rigidity_v101_archive.pdf , page136 used on input line
 5.
(pdftex.def)             Requested size: 597.78697pt x 773.60669pt.
File: rigidity_v101_archive.pdf Graphic file (type pdf)
<use rigidity_v101_archive.pdf, page 136>
Package pdftex.def Info: rigidity_v101_archive.pdf , page136 used on input line
 5.
(pdftex.def)             Requested size: 597.78697pt x 773.60669pt.

[193

 <./rigidity_v101_archive.pdf>]
<rigidity_v101_archive.pdf, id=2101, page=137, 614.295pt x 794.97pt>
File: rigidity_v101_archive.pdf Graphic file (type pdf)
<use rigidity_v101_archive.pdf, page 137>
Package pdftex.def Info: rigidity_v101_archive.pdf , page137 used on input line
 5.
(pdftex.def)             Requested size: 597.78697pt x 773.60669pt.
File: rigidity_v101_archive.pdf Graphic file (type pdf)
<use rigidity_v101_archive.pdf, page 137>
Package pdftex.def Info: rigidity_v101_archive.pdf , page137 used on input line
 5.
(pdftex.def)             Requested size: 597.78697pt x 773.60669pt.
File: rigidity_v101_archive.pdf Graphic file (type pdf)
<use rigidity_v101_archive.pdf, page 137>
Package pdftex.def Info: rigidity_v101_archive.pdf , page137 used on input line
 5.
(pdftex.def)             Requested size: 597.78697pt x 773.60669pt.
 [194

 <./rigidity_v101_archive.pdf>]
<rigidity_v101_archive.pdf, id=2113, page=138, 614.295pt x 794.97pt>
File: rigidity_v101_archive.pdf Graphic file (type pdf)
<use rigidity_v101_archive.pdf, page 138>
Package pdftex.def Info: rigidity_v101_archive.pdf , page138 used on input line
 5.
(pdftex.def)             Requested size: 597.78697pt x 773.60669pt.
File: rigidity_v101_archive.pdf Graphic file (type pdf)
<use rigidity_v101_archive.pdf, page 138>
Package pdftex.def Info: rigidity_v101_archive.pdf , page138 used on input line
 5.
(pdftex.def)             Requested size: 597.78697pt x 773.60669pt.
File: rigidity_v101_archive.pdf Graphic file (type pdf)
<use rigidity_v101_archive.pdf, page 138>
Package pdftex.def Info: rigidity_v101_archive.pdf , page138 used on input line
 5.
(pdftex.def)             Requested size: 597.78697pt x 773.60669pt.

[195

 <./rigidity_v101_archive.pdf>]
<rigidity_v101_archive.pdf, id=2125, page=139, 614.295pt x 794.97pt>
File: rigidity_v101_archive.pdf Graphic file (type pdf)
<use rigidity_v101_archive.pdf, page 139>
Package pdftex.def Info: rigidity_v101_archive.pdf , page139 used on input line
 5.
(pdftex.def)             Requested size: 597.78697pt x 773.60669pt.
File: rigidity_v101_archive.pdf Graphic file (type pdf)
<use rigidity_v101_archive.pdf, page 139>
Package pdftex.def Info: rigidity_v101_archive.pdf , page139 used on input line
 5.
(pdftex.def)             Requested size: 597.78697pt x 773.60669pt.
File: rigidity_v101_archive.pdf Graphic file (type pdf)
<use rigidity_v101_archive.pdf, page 139>
Package pdftex.def Info: rigidity_v101_archive.pdf , page139 used on input line
 5.
(pdftex.def)             Requested size: 597.78697pt x 773.60669pt.
 [196

 <./rigidity_v101_archive.pdf>]
<rigidity_v101_archive.pdf, id=2137, page=140, 614.295pt x 794.97pt>
File: rigidity_v101_archive.pdf Graphic file (type pdf)
<use rigidity_v101_archive.pdf, page 140>
Package pdftex.def Info: rigidity_v101_archive.pdf , page140 used on input line
 5.
(pdftex.def)             Requested size: 597.78697pt x 773.60669pt.
File: rigidity_v101_archive.pdf Graphic file (type pdf)
<use rigidity_v101_archive.pdf, page 140>
Package pdftex.def Info: rigidity_v101_archive.pdf , page140 used on input line
 5.
(pdftex.def)             Requested size: 597.78697pt x 773.60669pt.
File: rigidity_v101_archive.pdf Graphic file (type pdf)
<use rigidity_v101_archive.pdf, page 140>
Package pdftex.def Info: rigidity_v101_archive.pdf , page140 used on input line
 5.
(pdftex.def)             Requested size: 597.78697pt x 773.60669pt.

[197

 <./rigidity_v101_archive.pdf>]
<rigidity_v101_archive.pdf, id=2149, page=141, 614.295pt x 794.97pt>
File: rigidity_v101_archive.pdf Graphic file (type pdf)
<use rigidity_v101_archive.pdf, page 141>
Package pdftex.def Info: rigidity_v101_archive.pdf , page141 used on input line
 5.
(pdftex.def)             Requested size: 597.78697pt x 773.60669pt.
File: rigidity_v101_archive.pdf Graphic file (type pdf)
<use rigidity_v101_archive.pdf, page 141>
Package pdftex.def Info: rigidity_v101_archive.pdf , page141 used on input line
 5.
(pdftex.def)             Requested size: 597.78697pt x 773.60669pt.
File: rigidity_v101_archive.pdf Graphic file (type pdf)
<use rigidity_v101_archive.pdf, page 141>
Package pdftex.def Info: rigidity_v101_archive.pdf , page141 used on input line
 5.
(pdftex.def)             Requested size: 597.78697pt x 773.60669pt.
 [198

 <./rigidity_v101_archive.pdf>]
<rigidity_v101_archive.pdf, id=2157, page=142, 614.295pt x 794.97pt>
File: rigidity_v101_archive.pdf Graphic file (type pdf)
<use rigidity_v101_archive.pdf, page 142>
Package pdftex.def Info: rigidity_v101_archive.pdf , page142 used on input line
 5.
(pdftex.def)             Requested size: 597.78697pt x 773.60669pt.
File: rigidity_v101_archive.pdf Graphic file (type pdf)
<use rigidity_v101_archive.pdf, page 142>
Package pdftex.def Info: rigidity_v101_archive.pdf , page142 used on input line
 5.
(pdftex.def)             Requested size: 597.78697pt x 773.60669pt.
File: rigidity_v101_archive.pdf Graphic file (type pdf)
<use rigidity_v101_archive.pdf, page 142>
Package pdftex.def Info: rigidity_v101_archive.pdf , page142 used on input line
 5.
(pdftex.def)             Requested size: 597.78697pt x 773.60669pt.

[199

 <./rigidity_v101_archive.pdf>]
<rigidity_v101_archive.pdf, id=2166, page=143, 614.295pt x 794.97pt>
File: rigidity_v101_archive.pdf Graphic file (type pdf)
<use rigidity_v101_archive.pdf, page 143>
Package pdftex.def Info: rigidity_v101_archive.pdf , page143 used on input line
 5.
(pdftex.def)             Requested size: 597.78697pt x 773.60669pt.
File: rigidity_v101_archive.pdf Graphic file (type pdf)
<use rigidity_v101_archive.pdf, page 143>
Package pdftex.def Info: rigidity_v101_archive.pdf , page143 used on input line
 5.
(pdftex.def)             Requested size: 597.78697pt x 773.60669pt.
File: rigidity_v101_archive.pdf Graphic file (type pdf)
<use rigidity_v101_archive.pdf, page 143>
Package pdftex.def Info: rigidity_v101_archive.pdf , page143 used on input line
 5.
(pdftex.def)             Requested size: 597.78697pt x 773.60669pt.
 [200

 <./rigidity_v101_archive.pdf>]
<rigidity_v101_archive.pdf, id=2174, page=144, 614.295pt x 794.97pt>
File: rigidity_v101_archive.pdf Graphic file (type pdf)
<use rigidity_v101_archive.pdf, page 144>
Package pdftex.def Info: rigidity_v101_archive.pdf , page144 used on input line
 5.
(pdftex.def)             Requested size: 597.78697pt x 773.60669pt.
File: rigidity_v101_archive.pdf Graphic file (type pdf)
<use rigidity_v101_archive.pdf, page 144>
Package pdftex.def Info: rigidity_v101_archive.pdf , page144 used on input line
 5.
(pdftex.def)             Requested size: 597.78697pt x 773.60669pt.
File: rigidity_v101_archive.pdf Graphic file (type pdf)
<use rigidity_v101_archive.pdf, page 144>
Package pdftex.def Info: rigidity_v101_archive.pdf , page144 used on input line
 5.
(pdftex.def)             Requested size: 597.78697pt x 773.60669pt.

[201

 <./rigidity_v101_archive.pdf>]
<rigidity_v101_archive.pdf, id=2182, page=145, 614.295pt x 794.97pt>
File: rigidity_v101_archive.pdf Graphic file (type pdf)
<use rigidity_v101_archive.pdf, page 145>
Package pdftex.def Info: rigidity_v101_archive.pdf , page145 used on input line
 5.
(pdftex.def)             Requested size: 597.78697pt x 773.60669pt.
File: rigidity_v101_archive.pdf Graphic file (type pdf)
<use rigidity_v101_archive.pdf, page 145>
Package pdftex.def Info: rigidity_v101_archive.pdf , page145 used on input line
 5.
(pdftex.def)             Requested size: 597.78697pt x 773.60669pt.
File: rigidity_v101_archive.pdf Graphic file (type pdf)
<use rigidity_v101_archive.pdf, page 145>
Package pdftex.def Info: rigidity_v101_archive.pdf , page145 used on input line
 5.
(pdftex.def)             Requested size: 597.78697pt x 773.60669pt.
 [202

 <./rigidity_v101_archive.pdf>]
<rigidity_v101_archive.pdf, id=2190, page=146, 614.295pt x 794.97pt>
File: rigidity_v101_archive.pdf Graphic file (type pdf)
<use rigidity_v101_archive.pdf, page 146>
Package pdftex.def Info: rigidity_v101_archive.pdf , page146 used on input line
 5.
(pdftex.def)             Requested size: 597.78697pt x 773.60669pt.
File: rigidity_v101_archive.pdf Graphic file (type pdf)
<use rigidity_v101_archive.pdf, page 146>
Package pdftex.def Info: rigidity_v101_archive.pdf , page146 used on input line
 5.
(pdftex.def)             Requested size: 597.78697pt x 773.60669pt.
File: rigidity_v101_archive.pdf Graphic file (type pdf)
<use rigidity_v101_archive.pdf, page 146>
Package pdftex.def Info: rigidity_v101_archive.pdf , page146 used on input line
 5.
(pdftex.def)             Requested size: 597.78697pt x 773.60669pt.

[203

 <./rigidity_v101_archive.pdf>]
<rigidity_v101_archive.pdf, id=2198, page=147, 614.295pt x 794.97pt>
File: rigidity_v101_archive.pdf Graphic file (type pdf)
<use rigidity_v101_archive.pdf, page 147>
Package pdftex.def Info: rigidity_v101_archive.pdf , page147 used on input line
 5.
(pdftex.def)             Requested size: 597.78697pt x 773.60669pt.
File: rigidity_v101_archive.pdf Graphic file (type pdf)
<use rigidity_v101_archive.pdf, page 147>
Package pdftex.def Info: rigidity_v101_archive.pdf , page147 used on input line
 5.
(pdftex.def)             Requested size: 597.78697pt x 773.60669pt.
File: rigidity_v101_archive.pdf Graphic file (type pdf)
<use rigidity_v101_archive.pdf, page 147>
Package pdftex.def Info: rigidity_v101_archive.pdf , page147 used on input line
 5.
(pdftex.def)             Requested size: 597.78697pt x 773.60669pt.
 [204

 <./rigidity_v101_archive.pdf>]
<rigidity_v101_archive.pdf, id=2206, page=148, 614.295pt x 794.97pt>
File: rigidity_v101_archive.pdf Graphic file (type pdf)
<use rigidity_v101_archive.pdf, page 148>
Package pdftex.def Info: rigidity_v101_archive.pdf , page148 used on input line
 5.
(pdftex.def)             Requested size: 597.78697pt x 773.60669pt.
File: rigidity_v101_archive.pdf Graphic file (type pdf)
<use rigidity_v101_archive.pdf, page 148>
Package pdftex.def Info: rigidity_v101_archive.pdf , page148 used on input line
 5.
(pdftex.def)             Requested size: 597.78697pt x 773.60669pt.
File: rigidity_v101_archive.pdf Graphic file (type pdf)
<use rigidity_v101_archive.pdf, page 148>
Package pdftex.def Info: rigidity_v101_archive.pdf , page148 used on input line
 5.
(pdftex.def)             Requested size: 597.78697pt x 773.60669pt.

[205

 <./rigidity_v101_archive.pdf>]
<rigidity_v101_archive.pdf, id=2215, page=149, 614.295pt x 794.97pt>
File: rigidity_v101_archive.pdf Graphic file (type pdf)
<use rigidity_v101_archive.pdf, page 149>
Package pdftex.def Info: rigidity_v101_archive.pdf , page149 used on input line
 5.
(pdftex.def)             Requested size: 597.78697pt x 773.60669pt.
File: rigidity_v101_archive.pdf Graphic file (type pdf)
<use rigidity_v101_archive.pdf, page 149>
Package pdftex.def Info: rigidity_v101_archive.pdf , page149 used on input line
 5.
(pdftex.def)             Requested size: 597.78697pt x 773.60669pt.
File: rigidity_v101_archive.pdf Graphic file (type pdf)
<use rigidity_v101_archive.pdf, page 149>
Package pdftex.def Info: rigidity_v101_archive.pdf , page149 used on input line
 5.
(pdftex.def)             Requested size: 597.78697pt x 773.60669pt.
 [206

 <./rigidity_v101_archive.pdf>]
<rigidity_v101_archive.pdf, id=2224, page=150, 614.295pt x 794.97pt>
File: rigidity_v101_archive.pdf Graphic file (type pdf)
<use rigidity_v101_archive.pdf, page 150>
Package pdftex.def Info: rigidity_v101_archive.pdf , page150 used on input line
 5.
(pdftex.def)             Requested size: 597.78697pt x 773.60669pt.
File: rigidity_v101_archive.pdf Graphic file (type pdf)
<use rigidity_v101_archive.pdf, page 150>
Package pdftex.def Info: rigidity_v101_archive.pdf , page150 used on input line
 5.
(pdftex.def)             Requested size: 597.78697pt x 773.60669pt.
File: rigidity_v101_archive.pdf Graphic file (type pdf)
<use rigidity_v101_archive.pdf, page 150>
Package pdftex.def Info: rigidity_v101_archive.pdf , page150 used on input line
 5.
(pdftex.def)             Requested size: 597.78697pt x 773.60669pt.

[207

 <./rigidity_v101_archive.pdf>]
<rigidity_v101_archive.pdf, id=2232, page=151, 614.295pt x 794.97pt>
File: rigidity_v101_archive.pdf Graphic file (type pdf)
<use rigidity_v101_archive.pdf, page 151>
Package pdftex.def Info: rigidity_v101_archive.pdf , page151 used on input line
 5.
(pdftex.def)             Requested size: 597.78697pt x 773.60669pt.
File: rigidity_v101_archive.pdf Graphic file (type pdf)
<use rigidity_v101_archive.pdf, page 151>
Package pdftex.def Info: rigidity_v101_archive.pdf , page151 used on input line
 5.
(pdftex.def)             Requested size: 597.78697pt x 773.60669pt.
File: rigidity_v101_archive.pdf Graphic file (type pdf)
<use rigidity_v101_archive.pdf, page 151>
Package pdftex.def Info: rigidity_v101_archive.pdf , page151 used on input line
 5.
(pdftex.def)             Requested size: 597.78697pt x 773.60669pt.
 [208

 <./rigidity_v101_archive.pdf>]
<rigidity_v101_archive.pdf, id=2240, page=152, 614.295pt x 794.97pt>
File: rigidity_v101_archive.pdf Graphic file (type pdf)
<use rigidity_v101_archive.pdf, page 152>
Package pdftex.def Info: rigidity_v101_archive.pdf , page152 used on input line
 5.
(pdftex.def)             Requested size: 597.78697pt x 773.60669pt.
File: rigidity_v101_archive.pdf Graphic file (type pdf)
<use rigidity_v101_archive.pdf, page 152>
Package pdftex.def Info: rigidity_v101_archive.pdf , page152 used on input line
 5.
(pdftex.def)             Requested size: 597.78697pt x 773.60669pt.
File: rigidity_v101_archive.pdf Graphic file (type pdf)
<use rigidity_v101_archive.pdf, page 152>
Package pdftex.def Info: rigidity_v101_archive.pdf , page152 used on input line
 5.
(pdftex.def)             Requested size: 597.78697pt x 773.60669pt.

[209

 <./rigidity_v101_archive.pdf>]
<rigidity_v101_archive.pdf, id=2248, page=153, 614.295pt x 794.97pt>
File: rigidity_v101_archive.pdf Graphic file (type pdf)
<use rigidity_v101_archive.pdf, page 153>
Package pdftex.def Info: rigidity_v101_archive.pdf , page153 used on input line
 5.
(pdftex.def)             Requested size: 597.78697pt x 773.60669pt.
File: rigidity_v101_archive.pdf Graphic file (type pdf)
<use rigidity_v101_archive.pdf, page 153>
Package pdftex.def Info: rigidity_v101_archive.pdf , page153 used on input line
 5.
(pdftex.def)             Requested size: 597.78697pt x 773.60669pt.
File: rigidity_v101_archive.pdf Graphic file (type pdf)
<use rigidity_v101_archive.pdf, page 153>
Package pdftex.def Info: rigidity_v101_archive.pdf , page153 used on input line
 5.
(pdftex.def)             Requested size: 597.78697pt x 773.60669pt.
 [210

 <./rigidity_v101_archive.pdf>]
<rigidity_v101_archive.pdf, id=2256, page=154, 614.295pt x 794.97pt>
File: rigidity_v101_archive.pdf Graphic file (type pdf)
<use rigidity_v101_archive.pdf, page 154>
Package pdftex.def Info: rigidity_v101_archive.pdf , page154 used on input line
 5.
(pdftex.def)             Requested size: 597.78697pt x 773.60669pt.
File: rigidity_v101_archive.pdf Graphic file (type pdf)
<use rigidity_v101_archive.pdf, page 154>
Package pdftex.def Info: rigidity_v101_archive.pdf , page154 used on input line
 5.
(pdftex.def)             Requested size: 597.78697pt x 773.60669pt.
File: rigidity_v101_archive.pdf Graphic file (type pdf)
<use rigidity_v101_archive.pdf, page 154>
Package pdftex.def Info: rigidity_v101_archive.pdf , page154 used on input line
 5.
(pdftex.def)             Requested size: 597.78697pt x 773.60669pt.

[211

 <./rigidity_v101_archive.pdf>]
<rigidity_v101_archive.pdf, id=2265, page=155, 614.295pt x 794.97pt>
File: rigidity_v101_archive.pdf Graphic file (type pdf)
<use rigidity_v101_archive.pdf, page 155>
Package pdftex.def Info: rigidity_v101_archive.pdf , page155 used on input line
 5.
(pdftex.def)             Requested size: 597.78697pt x 773.60669pt.
File: rigidity_v101_archive.pdf Graphic file (type pdf)
<use rigidity_v101_archive.pdf, page 155>
Package pdftex.def Info: rigidity_v101_archive.pdf , page155 used on input line
 5.
(pdftex.def)             Requested size: 597.78697pt x 773.60669pt.
File: rigidity_v101_archive.pdf Graphic file (type pdf)
<use rigidity_v101_archive.pdf, page 155>
Package pdftex.def Info: rigidity_v101_archive.pdf , page155 used on input line
 5.
(pdftex.def)             Requested size: 597.78697pt x 773.60669pt.
 [212

 <./rigidity_v101_archive.pdf>]
<rigidity_v101_archive.pdf, id=2273, page=156, 614.295pt x 794.97pt>
File: rigidity_v101_archive.pdf Graphic file (type pdf)
<use rigidity_v101_archive.pdf, page 156>
Package pdftex.def Info: rigidity_v101_archive.pdf , page156 used on input line
 5.
(pdftex.def)             Requested size: 597.78697pt x 773.60669pt.
File: rigidity_v101_archive.pdf Graphic file (type pdf)
<use rigidity_v101_archive.pdf, page 156>
Package pdftex.def Info: rigidity_v101_archive.pdf , page156 used on input line
 5.
(pdftex.def)             Requested size: 597.78697pt x 773.60669pt.
File: rigidity_v101_archive.pdf Graphic file (type pdf)
<use rigidity_v101_archive.pdf, page 156>
Package pdftex.def Info: rigidity_v101_archive.pdf , page156 used on input line
 5.
(pdftex.def)             Requested size: 597.78697pt x 773.60669pt.

[213

 <./rigidity_v101_archive.pdf>]
<rigidity_v101_archive.pdf, id=2281, page=157, 614.295pt x 794.97pt>
File: rigidity_v101_archive.pdf Graphic file (type pdf)
<use rigidity_v101_archive.pdf, page 157>
Package pdftex.def Info: rigidity_v101_archive.pdf , page157 used on input line
 5.
(pdftex.def)             Requested size: 597.78697pt x 773.60669pt.
File: rigidity_v101_archive.pdf Graphic file (type pdf)
<use rigidity_v101_archive.pdf, page 157>
Package pdftex.def Info: rigidity_v101_archive.pdf , page157 used on input line
 5.
(pdftex.def)             Requested size: 597.78697pt x 773.60669pt.
File: rigidity_v101_archive.pdf Graphic file (type pdf)
<use rigidity_v101_archive.pdf, page 157>
Package pdftex.def Info: rigidity_v101_archive.pdf , page157 used on input line
 5.
(pdftex.def)             Requested size: 597.78697pt x 773.60669pt.
 [214

 <./rigidity_v101_archive.pdf>]
<rigidity_v101_archive.pdf, id=2289, page=158, 614.295pt x 794.97pt>
File: rigidity_v101_archive.pdf Graphic file (type pdf)
<use rigidity_v101_archive.pdf, page 158>
Package pdftex.def Info: rigidity_v101_archive.pdf , page158 used on input line
 5.
(pdftex.def)             Requested size: 597.78697pt x 773.60669pt.
File: rigidity_v101_archive.pdf Graphic file (type pdf)
<use rigidity_v101_archive.pdf, page 158>
Package pdftex.def Info: rigidity_v101_archive.pdf , page158 used on input line
 5.
(pdftex.def)             Requested size: 597.78697pt x 773.60669pt.
File: rigidity_v101_archive.pdf Graphic file (type pdf)
<use rigidity_v101_archive.pdf, page 158>
Package pdftex.def Info: rigidity_v101_archive.pdf , page158 used on input line
 5.
(pdftex.def)             Requested size: 597.78697pt x 773.60669pt.

[215

 <./rigidity_v101_archive.pdf>]
<rigidity_v101_archive.pdf, id=2297, page=159, 614.295pt x 794.97pt>
File: rigidity_v101_archive.pdf Graphic file (type pdf)
<use rigidity_v101_archive.pdf, page 159>
Package pdftex.def Info: rigidity_v101_archive.pdf , page159 used on input line
 5.
(pdftex.def)             Requested size: 597.78697pt x 773.60669pt.
File: rigidity_v101_archive.pdf Graphic file (type pdf)
<use rigidity_v101_archive.pdf, page 159>
Package pdftex.def Info: rigidity_v101_archive.pdf , page159 used on input line
 5.
(pdftex.def)             Requested size: 597.78697pt x 773.60669pt.
File: rigidity_v101_archive.pdf Graphic file (type pdf)
<use rigidity_v101_archive.pdf, page 159>
Package pdftex.def Info: rigidity_v101_archive.pdf , page159 used on input line
 5.
(pdftex.def)             Requested size: 597.78697pt x 773.60669pt.
 [216

 <./rigidity_v101_archive.pdf>]
<rigidity_v101_archive.pdf, id=2305, page=160, 614.295pt x 794.97pt>
File: rigidity_v101_archive.pdf Graphic file (type pdf)
<use rigidity_v101_archive.pdf, page 160>
Package pdftex.def Info: rigidity_v101_archive.pdf , page160 used on input line
 5.
(pdftex.def)             Requested size: 597.78697pt x 773.60669pt.
File: rigidity_v101_archive.pdf Graphic file (type pdf)
<use rigidity_v101_archive.pdf, page 160>
Package pdftex.def Info: rigidity_v101_archive.pdf , page160 used on input line
 5.
(pdftex.def)             Requested size: 597.78697pt x 773.60669pt.
File: rigidity_v101_archive.pdf Graphic file (type pdf)
<use rigidity_v101_archive.pdf, page 160>
Package pdftex.def Info: rigidity_v101_archive.pdf , page160 used on input line
 5.
(pdftex.def)             Requested size: 597.78697pt x 773.60669pt.

[217

 <./rigidity_v101_archive.pdf>]
<rigidity_v101_archive.pdf, id=2314, page=161, 614.295pt x 794.97pt>
File: rigidity_v101_archive.pdf Graphic file (type pdf)
<use rigidity_v101_archive.pdf, page 161>
Package pdftex.def Info: rigidity_v101_archive.pdf , page161 used on input line
 5.
(pdftex.def)             Requested size: 597.78697pt x 773.60669pt.
File: rigidity_v101_archive.pdf Graphic file (type pdf)
<use rigidity_v101_archive.pdf, page 161>
Package pdftex.def Info: rigidity_v101_archive.pdf , page161 used on input line
 5.
(pdftex.def)             Requested size: 597.78697pt x 773.60669pt.
File: rigidity_v101_archive.pdf Graphic file (type pdf)
<use rigidity_v101_archive.pdf, page 161>
Package pdftex.def Info: rigidity_v101_archive.pdf , page161 used on input line
 5.
(pdftex.def)             Requested size: 597.78697pt x 773.60669pt.
 [218

 <./rigidity_v101_archive.pdf>]
<rigidity_v101_archive.pdf, id=2322, page=162, 614.295pt x 794.97pt>
File: rigidity_v101_archive.pdf Graphic file (type pdf)
<use rigidity_v101_archive.pdf, page 162>
Package pdftex.def Info: rigidity_v101_archive.pdf , page162 used on input line
 5.
(pdftex.def)             Requested size: 597.78697pt x 773.60669pt.
File: rigidity_v101_archive.pdf Graphic file (type pdf)
<use rigidity_v101_archive.pdf, page 162>
Package pdftex.def Info: rigidity_v101_archive.pdf , page162 used on input line
 5.
(pdftex.def)             Requested size: 597.78697pt x 773.60669pt.
File: rigidity_v101_archive.pdf Graphic file (type pdf)
<use rigidity_v101_archive.pdf, page 162>
Package pdftex.def Info: rigidity_v101_archive.pdf , page162 used on input line
 5.
(pdftex.def)             Requested size: 597.78697pt x 773.60669pt.

[219

 <./rigidity_v101_archive.pdf>]
<rigidity_v101_archive.pdf, id=2330, page=163, 614.295pt x 794.97pt>
File: rigidity_v101_archive.pdf Graphic file (type pdf)
<use rigidity_v101_archive.pdf, page 163>
Package pdftex.def Info: rigidity_v101_archive.pdf , page163 used on input line
 5.
(pdftex.def)             Requested size: 597.78697pt x 773.60669pt.
File: rigidity_v101_archive.pdf Graphic file (type pdf)
<use rigidity_v101_archive.pdf, page 163>
Package pdftex.def Info: rigidity_v101_archive.pdf , page163 used on input line
 5.
(pdftex.def)             Requested size: 597.78697pt x 773.60669pt.
File: rigidity_v101_archive.pdf Graphic file (type pdf)
<use rigidity_v101_archive.pdf, page 163>
Package pdftex.def Info: rigidity_v101_archive.pdf , page163 used on input line
 5.
(pdftex.def)             Requested size: 597.78697pt x 773.60669pt.
 [220

 <./rigidity_v101_archive.pdf>]
<rigidity_v101_archive.pdf, id=2338, page=164, 614.295pt x 794.97pt>
File: rigidity_v101_archive.pdf Graphic file (type pdf)
<use rigidity_v101_archive.pdf, page 164>
Package pdftex.def Info: rigidity_v101_archive.pdf , page164 used on input line
 5.
(pdftex.def)             Requested size: 597.78697pt x 773.60669pt.
File: rigidity_v101_archive.pdf Graphic file (type pdf)
<use rigidity_v101_archive.pdf, page 164>
Package pdftex.def Info: rigidity_v101_archive.pdf , page164 used on input line
 5.
(pdftex.def)             Requested size: 597.78697pt x 773.60669pt.
File: rigidity_v101_archive.pdf Graphic file (type pdf)
<use rigidity_v101_archive.pdf, page 164>
Package pdftex.def Info: rigidity_v101_archive.pdf , page164 used on input line
 5.
(pdftex.def)             Requested size: 597.78697pt x 773.60669pt.

[221

 <./rigidity_v101_archive.pdf>]
<rigidity_v101_archive.pdf, id=2346, page=165, 614.295pt x 794.97pt>
File: rigidity_v101_archive.pdf Graphic file (type pdf)
<use rigidity_v101_archive.pdf, page 165>
Package pdftex.def Info: rigidity_v101_archive.pdf , page165 used on input line
 5.
(pdftex.def)             Requested size: 597.78697pt x 773.60669pt.
File: rigidity_v101_archive.pdf Graphic file (type pdf)
<use rigidity_v101_archive.pdf, page 165>
Package pdftex.def Info: rigidity_v101_archive.pdf , page165 used on input line
 5.
(pdftex.def)             Requested size: 597.78697pt x 773.60669pt.
File: rigidity_v101_archive.pdf Graphic file (type pdf)
<use rigidity_v101_archive.pdf, page 165>
Package pdftex.def Info: rigidity_v101_archive.pdf , page165 used on input line
 5.
(pdftex.def)             Requested size: 597.78697pt x 773.60669pt.
 [222

 <./rigidity_v101_archive.pdf>]
<rigidity_v101_archive.pdf, id=2354, page=166, 614.295pt x 794.97pt>
File: rigidity_v101_archive.pdf Graphic file (type pdf)
<use rigidity_v101_archive.pdf, page 166>
Package pdftex.def Info: rigidity_v101_archive.pdf , page166 used on input line
 5.
(pdftex.def)             Requested size: 597.78697pt x 773.60669pt.
File: rigidity_v101_archive.pdf Graphic file (type pdf)
<use rigidity_v101_archive.pdf, page 166>
Package pdftex.def Info: rigidity_v101_archive.pdf , page166 used on input line
 5.
(pdftex.def)             Requested size: 597.78697pt x 773.60669pt.
File: rigidity_v101_archive.pdf Graphic file (type pdf)
<use rigidity_v101_archive.pdf, page 166>
Package pdftex.def Info: rigidity_v101_archive.pdf , page166 used on input line
 5.
(pdftex.def)             Requested size: 597.78697pt x 773.60669pt.

[223

 <./rigidity_v101_archive.pdf>]
<rigidity_v101_archive.pdf, id=2363, page=167, 614.295pt x 794.97pt>
File: rigidity_v101_archive.pdf Graphic file (type pdf)
<use rigidity_v101_archive.pdf, page 167>
Package pdftex.def Info: rigidity_v101_archive.pdf , page167 used on input line
 5.
(pdftex.def)             Requested size: 597.78697pt x 773.60669pt.
File: rigidity_v101_archive.pdf Graphic file (type pdf)
<use rigidity_v101_archive.pdf, page 167>
Package pdftex.def Info: rigidity_v101_archive.pdf , page167 used on input line
 5.
(pdftex.def)             Requested size: 597.78697pt x 773.60669pt.
File: rigidity_v101_archive.pdf Graphic file (type pdf)
<use rigidity_v101_archive.pdf, page 167>
Package pdftex.def Info: rigidity_v101_archive.pdf , page167 used on input line
 5.
(pdftex.def)             Requested size: 597.78697pt x 773.60669pt.
 [224

 <./rigidity_v101_archive.pdf>]
<rigidity_v101_archive.pdf, id=2371, page=168, 614.295pt x 794.97pt>
File: rigidity_v101_archive.pdf Graphic file (type pdf)
<use rigidity_v101_archive.pdf, page 168>
Package pdftex.def Info: rigidity_v101_archive.pdf , page168 used on input line
 5.
(pdftex.def)             Requested size: 597.78697pt x 773.60669pt.
File: rigidity_v101_archive.pdf Graphic file (type pdf)
<use rigidity_v101_archive.pdf, page 168>
Package pdftex.def Info: rigidity_v101_archive.pdf , page168 used on input line
 5.
(pdftex.def)             Requested size: 597.78697pt x 773.60669pt.
File: rigidity_v101_archive.pdf Graphic file (type pdf)
<use rigidity_v101_archive.pdf, page 168>
Package pdftex.def Info: rigidity_v101_archive.pdf , page168 used on input line
 5.
(pdftex.def)             Requested size: 597.78697pt x 773.60669pt.

[225

 <./rigidity_v101_archive.pdf>]
<rigidity_v101_archive.pdf, id=2379, page=169, 614.295pt x 794.97pt>
File: rigidity_v101_archive.pdf Graphic file (type pdf)
<use rigidity_v101_archive.pdf, page 169>
Package pdftex.def Info: rigidity_v101_archive.pdf , page169 used on input line
 5.
(pdftex.def)             Requested size: 597.78697pt x 773.60669pt.
File: rigidity_v101_archive.pdf Graphic file (type pdf)
<use rigidity_v101_archive.pdf, page 169>
Package pdftex.def Info: rigidity_v101_archive.pdf , page169 used on input line
 5.
(pdftex.def)             Requested size: 597.78697pt x 773.60669pt.
File: rigidity_v101_archive.pdf Graphic file (type pdf)
<use rigidity_v101_archive.pdf, page 169>
Package pdftex.def Info: rigidity_v101_archive.pdf , page169 used on input line
 5.
(pdftex.def)             Requested size: 597.78697pt x 773.60669pt.
 [226

 <./rigidity_v101_archive.pdf>]
<rigidity_v101_archive.pdf, id=2387, page=170, 614.295pt x 794.97pt>
File: rigidity_v101_archive.pdf Graphic file (type pdf)
<use rigidity_v101_archive.pdf, page 170>
Package pdftex.def Info: rigidity_v101_archive.pdf , page170 used on input line
 5.
(pdftex.def)             Requested size: 597.78697pt x 773.60669pt.
File: rigidity_v101_archive.pdf Graphic file (type pdf)
<use rigidity_v101_archive.pdf, page 170>
Package pdftex.def Info: rigidity_v101_archive.pdf , page170 used on input line
 5.
(pdftex.def)             Requested size: 597.78697pt x 773.60669pt.
File: rigidity_v101_archive.pdf Graphic file (type pdf)
<use rigidity_v101_archive.pdf, page 170>
Package pdftex.def Info: rigidity_v101_archive.pdf , page170 used on input line
 5.
(pdftex.def)             Requested size: 597.78697pt x 773.60669pt.

[227

 <./rigidity_v101_archive.pdf>]
<rigidity_v101_archive.pdf, id=2395, page=171, 614.295pt x 794.97pt>
File: rigidity_v101_archive.pdf Graphic file (type pdf)
<use rigidity_v101_archive.pdf, page 171>
Package pdftex.def Info: rigidity_v101_archive.pdf , page171 used on input line
 5.
(pdftex.def)             Requested size: 597.78697pt x 773.60669pt.
File: rigidity_v101_archive.pdf Graphic file (type pdf)
<use rigidity_v101_archive.pdf, page 171>
Package pdftex.def Info: rigidity_v101_archive.pdf , page171 used on input line
 5.
(pdftex.def)             Requested size: 597.78697pt x 773.60669pt.
File: rigidity_v101_archive.pdf Graphic file (type pdf)
<use rigidity_v101_archive.pdf, page 171>
Package pdftex.def Info: rigidity_v101_archive.pdf , page171 used on input line
 5.
(pdftex.def)             Requested size: 597.78697pt x 773.60669pt.
 [228

 <./rigidity_v101_archive.pdf>]
<rigidity_v101_archive.pdf, id=2403, page=172, 614.295pt x 794.97pt>
File: rigidity_v101_archive.pdf Graphic file (type pdf)
<use rigidity_v101_archive.pdf, page 172>
Package pdftex.def Info: rigidity_v101_archive.pdf , page172 used on input line
 5.
(pdftex.def)             Requested size: 597.78697pt x 773.60669pt.
File: rigidity_v101_archive.pdf Graphic file (type pdf)
<use rigidity_v101_archive.pdf, page 172>
Package pdftex.def Info: rigidity_v101_archive.pdf , page172 used on input line
 5.
(pdftex.def)             Requested size: 597.78697pt x 773.60669pt.
File: rigidity_v101_archive.pdf Graphic file (type pdf)
<use rigidity_v101_archive.pdf, page 172>
Package pdftex.def Info: rigidity_v101_archive.pdf , page172 used on input line
 5.
(pdftex.def)             Requested size: 597.78697pt x 773.60669pt.

[229

 <./rigidity_v101_archive.pdf>]
<rigidity_v101_archive.pdf, id=2412, page=173, 614.295pt x 794.97pt>
File: rigidity_v101_archive.pdf Graphic file (type pdf)
<use rigidity_v101_archive.pdf, page 173>
Package pdftex.def Info: rigidity_v101_archive.pdf , page173 used on input line
 5.
(pdftex.def)             Requested size: 597.78697pt x 773.60669pt.
File: rigidity_v101_archive.pdf Graphic file (type pdf)
<use rigidity_v101_archive.pdf, page 173>
Package pdftex.def Info: rigidity_v101_archive.pdf , page173 used on input line
 5.
(pdftex.def)             Requested size: 597.78697pt x 773.60669pt.
File: rigidity_v101_archive.pdf Graphic file (type pdf)
<use rigidity_v101_archive.pdf, page 173>
Package pdftex.def Info: rigidity_v101_archive.pdf , page173 used on input line
 5.
(pdftex.def)             Requested size: 597.78697pt x 773.60669pt.
 [230

 <./rigidity_v101_archive.pdf>]
<rigidity_v101_archive.pdf, id=2420, page=174, 614.295pt x 794.97pt>
File: rigidity_v101_archive.pdf Graphic file (type pdf)
<use rigidity_v101_archive.pdf, page 174>
Package pdftex.def Info: rigidity_v101_archive.pdf , page174 used on input line
 5.
(pdftex.def)             Requested size: 597.78697pt x 773.60669pt.
File: rigidity_v101_archive.pdf Graphic file (type pdf)
<use rigidity_v101_archive.pdf, page 174>
Package pdftex.def Info: rigidity_v101_archive.pdf , page174 used on input line
 5.
(pdftex.def)             Requested size: 597.78697pt x 773.60669pt.
File: rigidity_v101_archive.pdf Graphic file (type pdf)
<use rigidity_v101_archive.pdf, page 174>
Package pdftex.def Info: rigidity_v101_archive.pdf , page174 used on input line
 5.
(pdftex.def)             Requested size: 597.78697pt x 773.60669pt.

[231

 <./rigidity_v101_archive.pdf>]
<rigidity_v101_archive.pdf, id=2432, page=175, 614.295pt x 794.97pt>
File: rigidity_v101_archive.pdf Graphic file (type pdf)
<use rigidity_v101_archive.pdf, page 175>
Package pdftex.def Info: rigidity_v101_archive.pdf , page175 used on input line
 5.
(pdftex.def)             Requested size: 597.78697pt x 773.60669pt.
File: rigidity_v101_archive.pdf Graphic file (type pdf)
<use rigidity_v101_archive.pdf, page 175>
Package pdftex.def Info: rigidity_v101_archive.pdf , page175 used on input line
 5.
(pdftex.def)             Requested size: 597.78697pt x 773.60669pt.
File: rigidity_v101_archive.pdf Graphic file (type pdf)
<use rigidity_v101_archive.pdf, page 175>
Package pdftex.def Info: rigidity_v101_archive.pdf , page175 used on input line
 5.
(pdftex.def)             Requested size: 597.78697pt x 773.60669pt.
 [232

 <./rigidity_v101_archive.pdf>]
<rigidity_v101_archive.pdf, id=2440, page=176, 614.295pt x 794.97pt>
File: rigidity_v101_archive.pdf Graphic file (type pdf)
<use rigidity_v101_archive.pdf, page 176>
Package pdftex.def Info: rigidity_v101_archive.pdf , page176 used on input line
 5.
(pdftex.def)             Requested size: 597.78697pt x 773.60669pt.
File: rigidity_v101_archive.pdf Graphic file (type pdf)
<use rigidity_v101_archive.pdf, page 176>
Package pdftex.def Info: rigidity_v101_archive.pdf , page176 used on input line
 5.
(pdftex.def)             Requested size: 597.78697pt x 773.60669pt.
File: rigidity_v101_archive.pdf Graphic file (type pdf)
<use rigidity_v101_archive.pdf, page 176>
Package pdftex.def Info: rigidity_v101_archive.pdf , page176 used on input line
 5.
(pdftex.def)             Requested size: 597.78697pt x 773.60669pt.

[233

 <./rigidity_v101_archive.pdf>]
<rigidity_v101_archive.pdf, id=2448, page=177, 614.295pt x 794.97pt>
File: rigidity_v101_archive.pdf Graphic file (type pdf)
<use rigidity_v101_archive.pdf, page 177>
Package pdftex.def Info: rigidity_v101_archive.pdf , page177 used on input line
 5.
(pdftex.def)             Requested size: 597.78697pt x 773.60669pt.
File: rigidity_v101_archive.pdf Graphic file (type pdf)
<use rigidity_v101_archive.pdf, page 177>
Package pdftex.def Info: rigidity_v101_archive.pdf , page177 used on input line
 5.
(pdftex.def)             Requested size: 597.78697pt x 773.60669pt.
File: rigidity_v101_archive.pdf Graphic file (type pdf)
<use rigidity_v101_archive.pdf, page 177>
Package pdftex.def Info: rigidity_v101_archive.pdf , page177 used on input line
 5.
(pdftex.def)             Requested size: 597.78697pt x 773.60669pt.
 [234

 <./rigidity_v101_archive.pdf>]
<rigidity_v101_archive.pdf, id=2456, page=178, 614.295pt x 794.97pt>
File: rigidity_v101_archive.pdf Graphic file (type pdf)
<use rigidity_v101_archive.pdf, page 178>
Package pdftex.def Info: rigidity_v101_archive.pdf , page178 used on input line
 5.
(pdftex.def)             Requested size: 597.78697pt x 773.60669pt.
File: rigidity_v101_archive.pdf Graphic file (type pdf)
<use rigidity_v101_archive.pdf, page 178>
Package pdftex.def Info: rigidity_v101_archive.pdf , page178 used on input line
 5.
(pdftex.def)             Requested size: 597.78697pt x 773.60669pt.
File: rigidity_v101_archive.pdf Graphic file (type pdf)
<use rigidity_v101_archive.pdf, page 178>
Package pdftex.def Info: rigidity_v101_archive.pdf , page178 used on input line
 5.
(pdftex.def)             Requested size: 597.78697pt x 773.60669pt.

[235

 <./rigidity_v101_archive.pdf>]
<rigidity_v101_archive.pdf, id=2465, page=179, 614.295pt x 794.97pt>
File: rigidity_v101_archive.pdf Graphic file (type pdf)
<use rigidity_v101_archive.pdf, page 179>
Package pdftex.def Info: rigidity_v101_archive.pdf , page179 used on input line
 5.
(pdftex.def)             Requested size: 597.78697pt x 773.60669pt.
File: rigidity_v101_archive.pdf Graphic file (type pdf)
<use rigidity_v101_archive.pdf, page 179>
Package pdftex.def Info: rigidity_v101_archive.pdf , page179 used on input line
 5.
(pdftex.def)             Requested size: 597.78697pt x 773.60669pt.
File: rigidity_v101_archive.pdf Graphic file (type pdf)
<use rigidity_v101_archive.pdf, page 179>
Package pdftex.def Info: rigidity_v101_archive.pdf , page179 used on input line
 5.
(pdftex.def)             Requested size: 597.78697pt x 773.60669pt.
 [236

 <./rigidity_v101_archive.pdf>]
<rigidity_v101_archive.pdf, id=2473, page=180, 614.295pt x 794.97pt>
File: rigidity_v101_archive.pdf Graphic file (type pdf)
<use rigidity_v101_archive.pdf, page 180>
Package pdftex.def Info: rigidity_v101_archive.pdf , page180 used on input line
 5.
(pdftex.def)             Requested size: 597.78697pt x 773.60669pt.
File: rigidity_v101_archive.pdf Graphic file (type pdf)
<use rigidity_v101_archive.pdf, page 180>
Package pdftex.def Info: rigidity_v101_archive.pdf , page180 used on input line
 5.
(pdftex.def)             Requested size: 597.78697pt x 773.60669pt.
File: rigidity_v101_archive.pdf Graphic file (type pdf)
<use rigidity_v101_archive.pdf, page 180>
Package pdftex.def Info: rigidity_v101_archive.pdf , page180 used on input line
 5.
(pdftex.def)             Requested size: 597.78697pt x 773.60669pt.

[237

 <./rigidity_v101_archive.pdf>]
<rigidity_v101_archive.pdf, id=2481, page=181, 614.295pt x 794.97pt>
File: rigidity_v101_archive.pdf Graphic file (type pdf)
<use rigidity_v101_archive.pdf, page 181>
Package pdftex.def Info: rigidity_v101_archive.pdf , page181 used on input line
 5.
(pdftex.def)             Requested size: 597.78697pt x 773.60669pt.
File: rigidity_v101_archive.pdf Graphic file (type pdf)
<use rigidity_v101_archive.pdf, page 181>
Package pdftex.def Info: rigidity_v101_archive.pdf , page181 used on input line
 5.
(pdftex.def)             Requested size: 597.78697pt x 773.60669pt.
File: rigidity_v101_archive.pdf Graphic file (type pdf)
<use rigidity_v101_archive.pdf, page 181>
Package pdftex.def Info: rigidity_v101_archive.pdf , page181 used on input line
 5.
(pdftex.def)             Requested size: 597.78697pt x 773.60669pt.
 [238

 <./rigidity_v101_archive.pdf>]
<rigidity_v101_archive.pdf, id=2489, page=182, 614.295pt x 794.97pt>
File: rigidity_v101_archive.pdf Graphic file (type pdf)
<use rigidity_v101_archive.pdf, page 182>
Package pdftex.def Info: rigidity_v101_archive.pdf , page182 used on input line
 5.
(pdftex.def)             Requested size: 597.78697pt x 773.60669pt.
File: rigidity_v101_archive.pdf Graphic file (type pdf)
<use rigidity_v101_archive.pdf, page 182>
Package pdftex.def Info: rigidity_v101_archive.pdf , page182 used on input line
 5.
(pdftex.def)             Requested size: 597.78697pt x 773.60669pt.
File: rigidity_v101_archive.pdf Graphic file (type pdf)
<use rigidity_v101_archive.pdf, page 182>
Package pdftex.def Info: rigidity_v101_archive.pdf , page182 used on input line
 5.
(pdftex.def)             Requested size: 597.78697pt x 773.60669pt.

[239

 <./rigidity_v101_archive.pdf>]
<rigidity_v101_archive.pdf, id=2497, page=183, 614.295pt x 794.97pt>
File: rigidity_v101_archive.pdf Graphic file (type pdf)
<use rigidity_v101_archive.pdf, page 183>
Package pdftex.def Info: rigidity_v101_archive.pdf , page183 used on input line
 5.
(pdftex.def)             Requested size: 597.78697pt x 773.60669pt.
File: rigidity_v101_archive.pdf Graphic file (type pdf)
<use rigidity_v101_archive.pdf, page 183>
Package pdftex.def Info: rigidity_v101_archive.pdf , page183 used on input line
 5.
(pdftex.def)             Requested size: 597.78697pt x 773.60669pt.
File: rigidity_v101_archive.pdf Graphic file (type pdf)
<use rigidity_v101_archive.pdf, page 183>
Package pdftex.def Info: rigidity_v101_archive.pdf , page183 used on input line
 5.
(pdftex.def)             Requested size: 597.78697pt x 773.60669pt.
 [240

 <./rigidity_v101_archive.pdf>]
<rigidity_v101_archive.pdf, id=2505, page=184, 614.295pt x 794.97pt>
File: rigidity_v101_archive.pdf Graphic file (type pdf)
<use rigidity_v101_archive.pdf, page 184>
Package pdftex.def Info: rigidity_v101_archive.pdf , page184 used on input line
 5.
(pdftex.def)             Requested size: 597.78697pt x 773.60669pt.
File: rigidity_v101_archive.pdf Graphic file (type pdf)
<use rigidity_v101_archive.pdf, page 184>
Package pdftex.def Info: rigidity_v101_archive.pdf , page184 used on input line
 5.
(pdftex.def)             Requested size: 597.78697pt x 773.60669pt.
File: rigidity_v101_archive.pdf Graphic file (type pdf)
<use rigidity_v101_archive.pdf, page 184>
Package pdftex.def Info: rigidity_v101_archive.pdf , page184 used on input line
 5.
(pdftex.def)             Requested size: 597.78697pt x 773.60669pt.

[241

 <./rigidity_v101_archive.pdf>]
<rigidity_v101_archive.pdf, id=2518, page=185, 614.295pt x 794.97pt>
File: rigidity_v101_archive.pdf Graphic file (type pdf)
<use rigidity_v101_archive.pdf, page 185>
Package pdftex.def Info: rigidity_v101_archive.pdf , page185 used on input line
 5.
(pdftex.def)             Requested size: 597.78697pt x 773.60669pt.
File: rigidity_v101_archive.pdf Graphic file (type pdf)
<use rigidity_v101_archive.pdf, page 185>
Package pdftex.def Info: rigidity_v101_archive.pdf , page185 used on input line
 5.
(pdftex.def)             Requested size: 597.78697pt x 773.60669pt.
File: rigidity_v101_archive.pdf Graphic file (type pdf)
<use rigidity_v101_archive.pdf, page 185>
Package pdftex.def Info: rigidity_v101_archive.pdf , page185 used on input line
 5.
(pdftex.def)             Requested size: 597.78697pt x 773.60669pt.
 [242

 <./rigidity_v101_archive.pdf>]
<rigidity_v101_archive.pdf, id=2526, page=186, 614.295pt x 794.97pt>
File: rigidity_v101_archive.pdf Graphic file (type pdf)
<use rigidity_v101_archive.pdf, page 186>
Package pdftex.def Info: rigidity_v101_archive.pdf , page186 used on input line
 5.
(pdftex.def)             Requested size: 597.78697pt x 773.60669pt.
File: rigidity_v101_archive.pdf Graphic file (type pdf)
<use rigidity_v101_archive.pdf, page 186>
Package pdftex.def Info: rigidity_v101_archive.pdf , page186 used on input line
 5.
(pdftex.def)             Requested size: 597.78697pt x 773.60669pt.
File: rigidity_v101_archive.pdf Graphic file (type pdf)
<use rigidity_v101_archive.pdf, page 186>
Package pdftex.def Info: rigidity_v101_archive.pdf , page186 used on input line
 5.
(pdftex.def)             Requested size: 597.78697pt x 773.60669pt.

[243

 <./rigidity_v101_archive.pdf>]
<rigidity_v101_archive.pdf, id=2534, page=187, 614.295pt x 794.97pt>
File: rigidity_v101_archive.pdf Graphic file (type pdf)
<use rigidity_v101_archive.pdf, page 187>
Package pdftex.def Info: rigidity_v101_archive.pdf , page187 used on input line
 5.
(pdftex.def)             Requested size: 597.78697pt x 773.60669pt.
File: rigidity_v101_archive.pdf Graphic file (type pdf)
<use rigidity_v101_archive.pdf, page 187>
Package pdftex.def Info: rigidity_v101_archive.pdf , page187 used on input line
 5.
(pdftex.def)             Requested size: 597.78697pt x 773.60669pt.
File: rigidity_v101_archive.pdf Graphic file (type pdf)
<use rigidity_v101_archive.pdf, page 187>
Package pdftex.def Info: rigidity_v101_archive.pdf , page187 used on input line
 5.
(pdftex.def)             Requested size: 597.78697pt x 773.60669pt.
 [244

 <./rigidity_v101_archive.pdf>]
<rigidity_v101_archive.pdf, id=2542, page=188, 614.295pt x 794.97pt>
File: rigidity_v101_archive.pdf Graphic file (type pdf)
<use rigidity_v101_archive.pdf, page 188>
Package pdftex.def Info: rigidity_v101_archive.pdf , page188 used on input line
 5.
(pdftex.def)             Requested size: 597.78697pt x 773.60669pt.
File: rigidity_v101_archive.pdf Graphic file (type pdf)
<use rigidity_v101_archive.pdf, page 188>
Package pdftex.def Info: rigidity_v101_archive.pdf , page188 used on input line
 5.
(pdftex.def)             Requested size: 597.78697pt x 773.60669pt.
File: rigidity_v101_archive.pdf Graphic file (type pdf)
<use rigidity_v101_archive.pdf, page 188>
Package pdftex.def Info: rigidity_v101_archive.pdf , page188 used on input line
 5.
(pdftex.def)             Requested size: 597.78697pt x 773.60669pt.

[245

 <./rigidity_v101_archive.pdf>]
<rigidity_v101_archive.pdf, id=2550, page=189, 614.295pt x 794.97pt>
File: rigidity_v101_archive.pdf Graphic file (type pdf)
<use rigidity_v101_archive.pdf, page 189>
Package pdftex.def Info: rigidity_v101_archive.pdf , page189 used on input line
 5.
(pdftex.def)             Requested size: 597.78697pt x 773.60669pt.
File: rigidity_v101_archive.pdf Graphic file (type pdf)
<use rigidity_v101_archive.pdf, page 189>
Package pdftex.def Info: rigidity_v101_archive.pdf , page189 used on input line
 5.
(pdftex.def)             Requested size: 597.78697pt x 773.60669pt.
File: rigidity_v101_archive.pdf Graphic file (type pdf)
<use rigidity_v101_archive.pdf, page 189>
Package pdftex.def Info: rigidity_v101_archive.pdf , page189 used on input line
 5.
(pdftex.def)             Requested size: 597.78697pt x 773.60669pt.
 [246

 <./rigidity_v101_archive.pdf>]
<rigidity_v101_archive.pdf, id=2558, page=190, 614.295pt x 794.97pt>
File: rigidity_v101_archive.pdf Graphic file (type pdf)
<use rigidity_v101_archive.pdf, page 190>
Package pdftex.def Info: rigidity_v101_archive.pdf , page190 used on input line
 5.
(pdftex.def)             Requested size: 597.78697pt x 773.60669pt.
File: rigidity_v101_archive.pdf Graphic file (type pdf)
<use rigidity_v101_archive.pdf, page 190>
Package pdftex.def Info: rigidity_v101_archive.pdf , page190 used on input line
 5.
(pdftex.def)             Requested size: 597.78697pt x 773.60669pt.
File: rigidity_v101_archive.pdf Graphic file (type pdf)
<use rigidity_v101_archive.pdf, page 190>
Package pdftex.def Info: rigidity_v101_archive.pdf , page190 used on input line
 5.
(pdftex.def)             Requested size: 597.78697pt x 773.60669pt.

[247

 <./rigidity_v101_archive.pdf>]
<rigidity_v101_archive.pdf, id=2567, page=191, 614.295pt x 794.97pt>
File: rigidity_v101_archive.pdf Graphic file (type pdf)
<use rigidity_v101_archive.pdf, page 191>
Package pdftex.def Info: rigidity_v101_archive.pdf , page191 used on input line
 5.
(pdftex.def)             Requested size: 597.78697pt x 773.60669pt.
File: rigidity_v101_archive.pdf Graphic file (type pdf)
<use rigidity_v101_archive.pdf, page 191>
Package pdftex.def Info: rigidity_v101_archive.pdf , page191 used on input line
 5.
(pdftex.def)             Requested size: 597.78697pt x 773.60669pt.
File: rigidity_v101_archive.pdf Graphic file (type pdf)
<use rigidity_v101_archive.pdf, page 191>
Package pdftex.def Info: rigidity_v101_archive.pdf , page191 used on input line
 5.
(pdftex.def)             Requested size: 597.78697pt x 773.60669pt.
 [248

 <./rigidity_v101_archive.pdf>]
<rigidity_v101_archive.pdf, id=2575, page=192, 614.295pt x 794.97pt>
File: rigidity_v101_archive.pdf Graphic file (type pdf)
<use rigidity_v101_archive.pdf, page 192>
Package pdftex.def Info: rigidity_v101_archive.pdf , page192 used on input line
 5.
(pdftex.def)             Requested size: 597.78697pt x 773.60669pt.
File: rigidity_v101_archive.pdf Graphic file (type pdf)
<use rigidity_v101_archive.pdf, page 192>
Package pdftex.def Info: rigidity_v101_archive.pdf , page192 used on input line
 5.
(pdftex.def)             Requested size: 597.78697pt x 773.60669pt.
File: rigidity_v101_archive.pdf Graphic file (type pdf)
<use rigidity_v101_archive.pdf, page 192>
Package pdftex.def Info: rigidity_v101_archive.pdf , page192 used on input line
 5.
(pdftex.def)             Requested size: 597.78697pt x 773.60669pt.

[249

 <./rigidity_v101_archive.pdf>]
<rigidity_v101_archive.pdf, id=2583, page=193, 614.295pt x 794.97pt>
File: rigidity_v101_archive.pdf Graphic file (type pdf)
<use rigidity_v101_archive.pdf, page 193>
Package pdftex.def Info: rigidity_v101_archive.pdf , page193 used on input line
 5.
(pdftex.def)             Requested size: 597.78697pt x 773.60669pt.
File: rigidity_v101_archive.pdf Graphic file (type pdf)
<use rigidity_v101_archive.pdf, page 193>
Package pdftex.def Info: rigidity_v101_archive.pdf , page193 used on input line
 5.
(pdftex.def)             Requested size: 597.78697pt x 773.60669pt.
File: rigidity_v101_archive.pdf Graphic file (type pdf)
<use rigidity_v101_archive.pdf, page 193>
Package pdftex.def Info: rigidity_v101_archive.pdf , page193 used on input line
 5.
(pdftex.def)             Requested size: 597.78697pt x 773.60669pt.
 [250

 <./rigidity_v101_archive.pdf>]
<rigidity_v101_archive.pdf, id=2591, page=194, 614.295pt x 794.97pt>
File: rigidity_v101_archive.pdf Graphic file (type pdf)
<use rigidity_v101_archive.pdf, page 194>
Package pdftex.def Info: rigidity_v101_archive.pdf , page194 used on input line
 5.
(pdftex.def)             Requested size: 597.78697pt x 773.60669pt.
File: rigidity_v101_archive.pdf Graphic file (type pdf)
<use rigidity_v101_archive.pdf, page 194>
Package pdftex.def Info: rigidity_v101_archive.pdf , page194 used on input line
 5.
(pdftex.def)             Requested size: 597.78697pt x 773.60669pt.
File: rigidity_v101_archive.pdf Graphic file (type pdf)
<use rigidity_v101_archive.pdf, page 194>
Package pdftex.def Info: rigidity_v101_archive.pdf , page194 used on input line
 5.
(pdftex.def)             Requested size: 597.78697pt x 773.60669pt.

[251

 <./rigidity_v101_archive.pdf>]
<rigidity_v101_archive.pdf, id=2599, page=195, 614.295pt x 794.97pt>
File: rigidity_v101_archive.pdf Graphic file (type pdf)
<use rigidity_v101_archive.pdf, page 195>
Package pdftex.def Info: rigidity_v101_archive.pdf , page195 used on input line
 5.
(pdftex.def)             Requested size: 597.78697pt x 773.60669pt.
File: rigidity_v101_archive.pdf Graphic file (type pdf)
<use rigidity_v101_archive.pdf, page 195>
Package pdftex.def Info: rigidity_v101_archive.pdf , page195 used on input line
 5.
(pdftex.def)             Requested size: 597.78697pt x 773.60669pt.
File: rigidity_v101_archive.pdf Graphic file (type pdf)
<use rigidity_v101_archive.pdf, page 195>
Package pdftex.def Info: rigidity_v101_archive.pdf , page195 used on input line
 5.
(pdftex.def)             Requested size: 597.78697pt x 773.60669pt.
 [252

 <./rigidity_v101_archive.pdf>]
<rigidity_v101_archive.pdf, id=2607, page=196, 614.295pt x 794.97pt>
File: rigidity_v101_archive.pdf Graphic file (type pdf)
<use rigidity_v101_archive.pdf, page 196>
Package pdftex.def Info: rigidity_v101_archive.pdf , page196 used on input line
 5.
(pdftex.def)             Requested size: 597.78697pt x 773.60669pt.
File: rigidity_v101_archive.pdf Graphic file (type pdf)
<use rigidity_v101_archive.pdf, page 196>
Package pdftex.def Info: rigidity_v101_archive.pdf , page196 used on input line
 5.
(pdftex.def)             Requested size: 597.78697pt x 773.60669pt.
File: rigidity_v101_archive.pdf Graphic file (type pdf)
<use rigidity_v101_archive.pdf, page 196>
Package pdftex.def Info: rigidity_v101_archive.pdf , page196 used on input line
 5.
(pdftex.def)             Requested size: 597.78697pt x 773.60669pt.

[253

 <./rigidity_v101_archive.pdf>]
<rigidity_v101_archive.pdf, id=2617, page=197, 614.295pt x 794.97pt>
File: rigidity_v101_archive.pdf Graphic file (type pdf)
<use rigidity_v101_archive.pdf, page 197>
Package pdftex.def Info: rigidity_v101_archive.pdf , page197 used on input line
 5.
(pdftex.def)             Requested size: 597.78697pt x 773.60669pt.
File: rigidity_v101_archive.pdf Graphic file (type pdf)
<use rigidity_v101_archive.pdf, page 197>
Package pdftex.def Info: rigidity_v101_archive.pdf , page197 used on input line
 5.
(pdftex.def)             Requested size: 597.78697pt x 773.60669pt.
File: rigidity_v101_archive.pdf Graphic file (type pdf)
<use rigidity_v101_archive.pdf, page 197>
Package pdftex.def Info: rigidity_v101_archive.pdf , page197 used on input line
 5.
(pdftex.def)             Requested size: 597.78697pt x 773.60669pt.
 [254

 <./rigidity_v101_archive.pdf>]
<rigidity_v101_archive.pdf, id=2625, page=198, 614.295pt x 794.97pt>
File: rigidity_v101_archive.pdf Graphic file (type pdf)
<use rigidity_v101_archive.pdf, page 198>
Package pdftex.def Info: rigidity_v101_archive.pdf , page198 used on input line
 5.
(pdftex.def)             Requested size: 597.78697pt x 773.60669pt.
File: rigidity_v101_archive.pdf Graphic file (type pdf)
<use rigidity_v101_archive.pdf, page 198>
Package pdftex.def Info: rigidity_v101_archive.pdf , page198 used on input line
 5.
(pdftex.def)             Requested size: 597.78697pt x 773.60669pt.
File: rigidity_v101_archive.pdf Graphic file (type pdf)
<use rigidity_v101_archive.pdf, page 198>
Package pdftex.def Info: rigidity_v101_archive.pdf , page198 used on input line
 5.
(pdftex.def)             Requested size: 597.78697pt x 773.60669pt.

[255

 <./rigidity_v101_archive.pdf>]
<rigidity_v101_archive.pdf, id=2633, page=199, 614.295pt x 794.97pt>
File: rigidity_v101_archive.pdf Graphic file (type pdf)
<use rigidity_v101_archive.pdf, page 199>
Package pdftex.def Info: rigidity_v101_archive.pdf , page199 used on input line
 5.
(pdftex.def)             Requested size: 597.78697pt x 773.60669pt.
File: rigidity_v101_archive.pdf Graphic file (type pdf)
<use rigidity_v101_archive.pdf, page 199>
Package pdftex.def Info: rigidity_v101_archive.pdf , page199 used on input line
 5.
(pdftex.def)             Requested size: 597.78697pt x 773.60669pt.
File: rigidity_v101_archive.pdf Graphic file (type pdf)
<use rigidity_v101_archive.pdf, page 199>
Package pdftex.def Info: rigidity_v101_archive.pdf , page199 used on input line
 5.
(pdftex.def)             Requested size: 597.78697pt x 773.60669pt.
 [256

 <./rigidity_v101_archive.pdf>]
<rigidity_v101_archive.pdf, id=2641, page=200, 614.295pt x 794.97pt>
File: rigidity_v101_archive.pdf Graphic file (type pdf)
<use rigidity_v101_archive.pdf, page 200>
Package pdftex.def Info: rigidity_v101_archive.pdf , page200 used on input line
 5.
(pdftex.def)             Requested size: 597.78697pt x 773.60669pt.
File: rigidity_v101_archive.pdf Graphic file (type pdf)
<use rigidity_v101_archive.pdf, page 200>
Package pdftex.def Info: rigidity_v101_archive.pdf , page200 used on input line
 5.
(pdftex.def)             Requested size: 597.78697pt x 773.60669pt.
File: rigidity_v101_archive.pdf Graphic file (type pdf)
<use rigidity_v101_archive.pdf, page 200>
Package pdftex.def Info: rigidity_v101_archive.pdf , page200 used on input line
 5.
(pdftex.def)             Requested size: 597.78697pt x 773.60669pt.

[257

 <./rigidity_v101_archive.pdf>]
<rigidity_v101_archive.pdf, id=2649, page=201, 614.295pt x 794.97pt>
File: rigidity_v101_archive.pdf Graphic file (type pdf)
<use rigidity_v101_archive.pdf, page 201>
Package pdftex.def Info: rigidity_v101_archive.pdf , page201 used on input line
 5.
(pdftex.def)             Requested size: 597.78697pt x 773.60669pt.
File: rigidity_v101_archive.pdf Graphic file (type pdf)
<use rigidity_v101_archive.pdf, page 201>
Package pdftex.def Info: rigidity_v101_archive.pdf , page201 used on input line
 5.
(pdftex.def)             Requested size: 597.78697pt x 773.60669pt.
File: rigidity_v101_archive.pdf Graphic file (type pdf)
<use rigidity_v101_archive.pdf, page 201>
Package pdftex.def Info: rigidity_v101_archive.pdf , page201 used on input line
 5.
(pdftex.def)             Requested size: 597.78697pt x 773.60669pt.
 [258

 <./rigidity_v101_archive.pdf>]
<rigidity_v101_archive.pdf, id=2657, page=202, 614.295pt x 794.97pt>
File: rigidity_v101_archive.pdf Graphic file (type pdf)
<use rigidity_v101_archive.pdf, page 202>
Package pdftex.def Info: rigidity_v101_archive.pdf , page202 used on input line
 5.
(pdftex.def)             Requested size: 597.78697pt x 773.60669pt.
File: rigidity_v101_archive.pdf Graphic file (type pdf)
<use rigidity_v101_archive.pdf, page 202>
Package pdftex.def Info: rigidity_v101_archive.pdf , page202 used on input line
 5.
(pdftex.def)             Requested size: 597.78697pt x 773.60669pt.
File: rigidity_v101_archive.pdf Graphic file (type pdf)
<use rigidity_v101_archive.pdf, page 202>
Package pdftex.def Info: rigidity_v101_archive.pdf , page202 used on input line
 5.
(pdftex.def)             Requested size: 597.78697pt x 773.60669pt.

[259

 <./rigidity_v101_archive.pdf>]
<rigidity_v101_archive.pdf, id=2666, page=203, 614.295pt x 794.97pt>
File: rigidity_v101_archive.pdf Graphic file (type pdf)
<use rigidity_v101_archive.pdf, page 203>
Package pdftex.def Info: rigidity_v101_archive.pdf , page203 used on input line
 5.
(pdftex.def)             Requested size: 597.78697pt x 773.60669pt.
File: rigidity_v101_archive.pdf Graphic file (type pdf)
<use rigidity_v101_archive.pdf, page 203>
Package pdftex.def Info: rigidity_v101_archive.pdf , page203 used on input line
 5.
(pdftex.def)             Requested size: 597.78697pt x 773.60669pt.
File: rigidity_v101_archive.pdf Graphic file (type pdf)
<use rigidity_v101_archive.pdf, page 203>
Package pdftex.def Info: rigidity_v101_archive.pdf , page203 used on input line
 5.
(pdftex.def)             Requested size: 597.78697pt x 773.60669pt.
 [260

 <./rigidity_v101_archive.pdf>]
<rigidity_v101_archive.pdf, id=2674, page=204, 614.295pt x 794.97pt>
File: rigidity_v101_archive.pdf Graphic file (type pdf)
<use rigidity_v101_archive.pdf, page 204>
Package pdftex.def Info: rigidity_v101_archive.pdf , page204 used on input line
 5.
(pdftex.def)             Requested size: 597.78697pt x 773.60669pt.
File: rigidity_v101_archive.pdf Graphic file (type pdf)
<use rigidity_v101_archive.pdf, page 204>
Package pdftex.def Info: rigidity_v101_archive.pdf , page204 used on input line
 5.
(pdftex.def)             Requested size: 597.78697pt x 773.60669pt.
File: rigidity_v101_archive.pdf Graphic file (type pdf)
<use rigidity_v101_archive.pdf, page 204>
Package pdftex.def Info: rigidity_v101_archive.pdf , page204 used on input line
 5.
(pdftex.def)             Requested size: 597.78697pt x 773.60669pt.

[261

 <./rigidity_v101_archive.pdf>]
<rigidity_v101_archive.pdf, id=2682, page=205, 614.295pt x 794.97pt>
File: rigidity_v101_archive.pdf Graphic file (type pdf)
<use rigidity_v101_archive.pdf, page 205>
Package pdftex.def Info: rigidity_v101_archive.pdf , page205 used on input line
 5.
(pdftex.def)             Requested size: 597.78697pt x 773.60669pt.
File: rigidity_v101_archive.pdf Graphic file (type pdf)
<use rigidity_v101_archive.pdf, page 205>
Package pdftex.def Info: rigidity_v101_archive.pdf , page205 used on input line
 5.
(pdftex.def)             Requested size: 597.78697pt x 773.60669pt.
File: rigidity_v101_archive.pdf Graphic file (type pdf)
<use rigidity_v101_archive.pdf, page 205>
Package pdftex.def Info: rigidity_v101_archive.pdf , page205 used on input line
 5.
(pdftex.def)             Requested size: 597.78697pt x 773.60669pt.
 [262

 <./rigidity_v101_archive.pdf>]
<rigidity_v101_archive.pdf, id=2690, page=206, 614.295pt x 794.97pt>
File: rigidity_v101_archive.pdf Graphic file (type pdf)
<use rigidity_v101_archive.pdf, page 206>
Package pdftex.def Info: rigidity_v101_archive.pdf , page206 used on input line
 5.
(pdftex.def)             Requested size: 597.78697pt x 773.60669pt.
File: rigidity_v101_archive.pdf Graphic file (type pdf)
<use rigidity_v101_archive.pdf, page 206>
Package pdftex.def Info: rigidity_v101_archive.pdf , page206 used on input line
 5.
(pdftex.def)             Requested size: 597.78697pt x 773.60669pt.
File: rigidity_v101_archive.pdf Graphic file (type pdf)
<use rigidity_v101_archive.pdf, page 206>
Package pdftex.def Info: rigidity_v101_archive.pdf , page206 used on input line
 5.
(pdftex.def)             Requested size: 597.78697pt x 773.60669pt.

[263

 <./rigidity_v101_archive.pdf>]
<rigidity_v101_archive.pdf, id=2698, page=207, 614.295pt x 794.97pt>
File: rigidity_v101_archive.pdf Graphic file (type pdf)
<use rigidity_v101_archive.pdf, page 207>
Package pdftex.def Info: rigidity_v101_archive.pdf , page207 used on input line
 5.
(pdftex.def)             Requested size: 597.78697pt x 773.60669pt.
File: rigidity_v101_archive.pdf Graphic file (type pdf)
<use rigidity_v101_archive.pdf, page 207>
Package pdftex.def Info: rigidity_v101_archive.pdf , page207 used on input line
 5.
(pdftex.def)             Requested size: 597.78697pt x 773.60669pt.
File: rigidity_v101_archive.pdf Graphic file (type pdf)
<use rigidity_v101_archive.pdf, page 207>
Package pdftex.def Info: rigidity_v101_archive.pdf , page207 used on input line
 5.
(pdftex.def)             Requested size: 597.78697pt x 773.60669pt.
 [264

 <./rigidity_v101_archive.pdf>]
<rigidity_v101_archive.pdf, id=2706, page=208, 614.295pt x 794.97pt>
File: rigidity_v101_archive.pdf Graphic file (type pdf)
<use rigidity_v101_archive.pdf, page 208>
Package pdftex.def Info: rigidity_v101_archive.pdf , page208 used on input line
 5.
(pdftex.def)             Requested size: 597.78697pt x 773.60669pt.
File: rigidity_v101_archive.pdf Graphic file (type pdf)
<use rigidity_v101_archive.pdf, page 208>
Package pdftex.def Info: rigidity_v101_archive.pdf , page208 used on input line
 5.
(pdftex.def)             Requested size: 597.78697pt x 773.60669pt.
File: rigidity_v101_archive.pdf Graphic file (type pdf)
<use rigidity_v101_archive.pdf, page 208>
Package pdftex.def Info: rigidity_v101_archive.pdf , page208 used on input line
 5.
(pdftex.def)             Requested size: 597.78697pt x 773.60669pt.

[265

 <./rigidity_v101_archive.pdf>]
<rigidity_v101_archive.pdf, id=2715, page=209, 614.295pt x 794.97pt>
File: rigidity_v101_archive.pdf Graphic file (type pdf)
<use rigidity_v101_archive.pdf, page 209>
Package pdftex.def Info: rigidity_v101_archive.pdf , page209 used on input line
 5.
(pdftex.def)             Requested size: 597.78697pt x 773.60669pt.
File: rigidity_v101_archive.pdf Graphic file (type pdf)
<use rigidity_v101_archive.pdf, page 209>
Package pdftex.def Info: rigidity_v101_archive.pdf , page209 used on input line
 5.
(pdftex.def)             Requested size: 597.78697pt x 773.60669pt.
File: rigidity_v101_archive.pdf Graphic file (type pdf)
<use rigidity_v101_archive.pdf, page 209>
Package pdftex.def Info: rigidity_v101_archive.pdf , page209 used on input line
 5.
(pdftex.def)             Requested size: 597.78697pt x 773.60669pt.
 [266

 <./rigidity_v101_archive.pdf>]
<rigidity_v101_archive.pdf, id=2723, page=210, 614.295pt x 794.97pt>
File: rigidity_v101_archive.pdf Graphic file (type pdf)
<use rigidity_v101_archive.pdf, page 210>
Package pdftex.def Info: rigidity_v101_archive.pdf , page210 used on input line
 5.
(pdftex.def)             Requested size: 597.78697pt x 773.60669pt.
File: rigidity_v101_archive.pdf Graphic file (type pdf)
<use rigidity_v101_archive.pdf, page 210>
Package pdftex.def Info: rigidity_v101_archive.pdf , page210 used on input line
 5.
(pdftex.def)             Requested size: 597.78697pt x 773.60669pt.
File: rigidity_v101_archive.pdf Graphic file (type pdf)
<use rigidity_v101_archive.pdf, page 210>
Package pdftex.def Info: rigidity_v101_archive.pdf , page210 used on input line
 5.
(pdftex.def)             Requested size: 597.78697pt x 773.60669pt.

[267

 <./rigidity_v101_archive.pdf>]
<rigidity_v101_archive.pdf, id=2731, page=211, 614.295pt x 794.97pt>
File: rigidity_v101_archive.pdf Graphic file (type pdf)
<use rigidity_v101_archive.pdf, page 211>
Package pdftex.def Info: rigidity_v101_archive.pdf , page211 used on input line
 5.
(pdftex.def)             Requested size: 597.78697pt x 773.60669pt.
File: rigidity_v101_archive.pdf Graphic file (type pdf)
<use rigidity_v101_archive.pdf, page 211>
Package pdftex.def Info: rigidity_v101_archive.pdf , page211 used on input line
 5.
(pdftex.def)             Requested size: 597.78697pt x 773.60669pt.
File: rigidity_v101_archive.pdf Graphic file (type pdf)
<use rigidity_v101_archive.pdf, page 211>
Package pdftex.def Info: rigidity_v101_archive.pdf , page211 used on input line
 5.
(pdftex.def)             Requested size: 597.78697pt x 773.60669pt.
 [268

 <./rigidity_v101_archive.pdf>]
<rigidity_v101_archive.pdf, id=2739, page=212, 614.295pt x 794.97pt>
File: rigidity_v101_archive.pdf Graphic file (type pdf)
<use rigidity_v101_archive.pdf, page 212>
Package pdftex.def Info: rigidity_v101_archive.pdf , page212 used on input line
 5.
(pdftex.def)             Requested size: 597.78697pt x 773.60669pt.
File: rigidity_v101_archive.pdf Graphic file (type pdf)
<use rigidity_v101_archive.pdf, page 212>
Package pdftex.def Info: rigidity_v101_archive.pdf , page212 used on input line
 5.
(pdftex.def)             Requested size: 597.78697pt x 773.60669pt.
File: rigidity_v101_archive.pdf Graphic file (type pdf)
<use rigidity_v101_archive.pdf, page 212>
Package pdftex.def Info: rigidity_v101_archive.pdf , page212 used on input line
 5.
(pdftex.def)             Requested size: 597.78697pt x 773.60669pt.

[269

 <./rigidity_v101_archive.pdf>]
<rigidity_v101_archive.pdf, id=2751, page=213, 614.295pt x 794.97pt>
File: rigidity_v101_archive.pdf Graphic file (type pdf)
<use rigidity_v101_archive.pdf, page 213>
Package pdftex.def Info: rigidity_v101_archive.pdf , page213 used on input line
 5.
(pdftex.def)             Requested size: 597.78697pt x 773.60669pt.
File: rigidity_v101_archive.pdf Graphic file (type pdf)
<use rigidity_v101_archive.pdf, page 213>
Package pdftex.def Info: rigidity_v101_archive.pdf , page213 used on input line
 5.
(pdftex.def)             Requested size: 597.78697pt x 773.60669pt.
File: rigidity_v101_archive.pdf Graphic file (type pdf)
<use rigidity_v101_archive.pdf, page 213>
Package pdftex.def Info: rigidity_v101_archive.pdf , page213 used on input line
 5.
(pdftex.def)             Requested size: 597.78697pt x 773.60669pt.
 [270

 <./rigidity_v101_archive.pdf>]
(./rigidity_v102_archive.aux)
 ***********
LaTeX2e <2023-11-01> patch level 1
L3 programming layer <2024-01-22>
 ***********
 ) ) 
Here is how much of TeX's memory you used:
 3532 strings out of 476182
 78529 string characters out of 5795595
 1923975 words of memory out of 5000000
 25536 multiletter control sequences out of 15000+600000
 558069 words of font info for 36 fonts, out of 8000000 for 9000
 14 hyphenation exceptions out of 8191
 77i,17n,82p,289b,428s stack positions out of 10000i,1000n,20000p,200000b,200000s
</usr/share/texlive/texmf-dist/fonts/type1/public/amsfonts/euler/eufm10.pfb
></usr/share/texmf/fonts/type1/public/lm/lmbx10.pfb></usr/share/texmf/fonts/typ
e1/public/lm/lmbx9.pfb></usr/share/texmf/fonts/type1/public/lm/lmcsc10.pfb></us
r/share/texmf/fonts/type1/public/lm/lmex10.pfb></usr/share/texmf/fonts/type1/pu
blic/lm/lmmi10.pfb></usr/share/texmf/fonts/type1/public/lm/lmmi6.pfb></usr/shar
e/texmf/fonts/type1/public/lm/lmmi8.pfb></usr/share/texmf/fonts/type1/public/lm
/lmmi9.pfb></usr/share/texmf/fonts/type1/public/lm/lmr10.pfb></usr/share/texmf/
fonts/type1/public/lm/lmr6.pfb></usr/share/texmf/fonts/type1/public/lm/lmr8.pfb
></usr/share/texmf/fonts/type1/public/lm/lmr9.pfb></usr/share/texmf/fonts/type1
/public/lm/lmri10.pfb></usr/share/texmf/fonts/type1/public/lm/lmri8.pfb></usr/s
hare/texmf/fonts/type1/public/lm/lmri9.pfb></usr/share/texmf/fonts/type1/public
/lm/lmss10.pfb></usr/share/texmf/fonts/type1/public/lm/lmss8.pfb></usr/share/te
xmf/fonts/type1/public/lm/lmsy10.pfb></usr/share/texmf/fonts/type1/public/lm/lm
sy6.pfb></usr/share/texmf/fonts/type1/public/lm/lmsy8.pfb></usr/share/texlive/t
exmf-dist/fonts/type1/public/amsfonts/symbols/msam10.pfb></usr/share/texlive/te
xmf-dist/fonts/type1/public/amsfonts/symbols/msbm10.pfb></usr/share/texlive/tex
mf-dist/fonts/type1/public/rsfs/rsfs10.pfb>
Output written on rigidity_v102_archive.pdf (270 pages, 3924606 bytes).
PDF statistics:
 2797 PDF objects out of 2984 (max. 8388607)
 1343 compressed objects within 14 object streams
 0 named destinations out of 1000 (max. 500000)
 1381 words of extra memory for PDF output out of 10000 (max. 10000000)

