This is pdfTeX, Version 3.141592653-2.6-1.40.25 (TeX Live 2023/Debian) (preloaded format=pdflatex 2026.9.22)  22 SEP 2026 18:38
entering extended mode
 restricted \write18 enabled.
 %&-line parsing enabled.
**paper.tex
(./paper.tex
LaTeX2e <2023-11-01> patch level 1
L3 programming layer <2024-01-22>
(/usr/share/texlive/texmf-dist/tex/latex/base/article.cls
Document Class: article 2023/05/17 v1.4n Standard LaTeX document class
(/usr/share/texlive/texmf-dist/tex/latex/base/size11.clo
File: size11.clo 2023/05/17 v1.4n Standard LaTeX file (size option)
)
\c@part=\count187
\c@section=\count188
\c@subsection=\count189
\c@subsubsection=\count190
\c@paragraph=\count191
\c@subparagraph=\count192
\c@figure=\count193
\c@table=\count194
\abovecaptionskip=\skip48
\belowcaptionskip=\skip49
\bibindent=\dimen140
)
(/usr/share/texlive/texmf-dist/tex/latex/base/fontenc.sty
Package: fontenc 2021/04/29 v2.0v Standard LaTeX package
)
(/usr/share/texmf/tex/latex/lm/lmodern.sty
Package: lmodern 2015/05/01 v1.6.1 Latin Modern Fonts
LaTeX Font Info:    Overwriting symbol font `operators' in version `normal'
(Font)                  OT1/cmr/m/n --> OT1/lmr/m/n on input line 22.
LaTeX Font Info:    Overwriting symbol font `letters' in version `normal'
(Font)                  OML/cmm/m/it --> OML/lmm/m/it on input line 23.
LaTeX Font Info:    Overwriting symbol font `symbols' in version `normal'
(Font)                  OMS/cmsy/m/n --> OMS/lmsy/m/n on input line 24.
LaTeX Font Info:    Overwriting symbol font `largesymbols' in version `normal'
(Font)                  OMX/cmex/m/n --> OMX/lmex/m/n on input line 25.
LaTeX Font Info:    Overwriting symbol font `operators' in version `bold'
(Font)                  OT1/cmr/bx/n --> OT1/lmr/bx/n on input line 26.
LaTeX Font Info:    Overwriting symbol font `letters' in version `bold'
(Font)                  OML/cmm/b/it --> OML/lmm/b/it on input line 27.
LaTeX Font Info:    Overwriting symbol font `symbols' in version `bold'
(Font)                  OMS/cmsy/b/n --> OMS/lmsy/b/n on input line 28.
LaTeX Font Info:    Overwriting symbol font `largesymbols' in version `bold'
(Font)                  OMX/cmex/m/n --> OMX/lmex/m/n on input line 29.
LaTeX Font Info:    Overwriting math alphabet `\mathbf' in version `normal'
(Font)                  OT1/cmr/bx/n --> OT1/lmr/bx/n on input line 31.
LaTeX Font Info:    Overwriting math alphabet `\mathsf' in version `normal'
(Font)                  OT1/cmss/m/n --> OT1/lmss/m/n on input line 32.
LaTeX Font Info:    Overwriting math alphabet `\mathit' in version `normal'
(Font)                  OT1/cmr/m/it --> OT1/lmr/m/it on input line 33.
LaTeX Font Info:    Overwriting math alphabet `\mathtt' in version `normal'
(Font)                  OT1/cmtt/m/n --> OT1/lmtt/m/n on input line 34.
LaTeX Font Info:    Overwriting math alphabet `\mathbf' in version `bold'
(Font)                  OT1/cmr/bx/n --> OT1/lmr/bx/n on input line 35.
LaTeX Font Info:    Overwriting math alphabet `\mathsf' in version `bold'
(Font)                  OT1/cmss/bx/n --> OT1/lmss/bx/n on input line 36.
LaTeX Font Info:    Overwriting math alphabet `\mathit' in version `bold'
(Font)                  OT1/cmr/bx/it --> OT1/lmr/bx/it on input line 37.
LaTeX Font Info:    Overwriting math alphabet `\mathtt' in version `bold'
(Font)                  OT1/cmtt/m/n --> OT1/lmtt/m/n on input line 38.
)
(/usr/share/texlive/texmf-dist/tex/latex/geometry/geometry.sty
Package: geometry 2020/01/02 v5.9 Page Geometry

(/usr/share/texlive/texmf-dist/tex/latex/graphics/keyval.sty
Package: keyval 2022/05/29 v1.15 key=value parser (DPC)
\KV@toks@=\toks17
)
(/usr/share/texlive/texmf-dist/tex/generic/iftex/ifvtex.sty
Package: ifvtex 2019/10/25 v1.7 ifvtex legacy package. Use iftex instead.

(/usr/share/texlive/texmf-dist/tex/generic/iftex/iftex.sty
Package: iftex 2022/02/03 v1.0f TeX engine tests
))
\Gm@cnth=\count195
\Gm@cntv=\count196
\c@Gm@tempcnt=\count197
\Gm@bindingoffset=\dimen141
\Gm@wd@mp=\dimen142
\Gm@odd@mp=\dimen143
\Gm@even@mp=\dimen144
\Gm@layoutwidth=\dimen145
\Gm@layoutheight=\dimen146
\Gm@layouthoffset=\dimen147
\Gm@layoutvoffset=\dimen148
\Gm@dimlist=\toks18
)
(/usr/share/texlive/texmf-dist/tex/latex/pdfpages/pdfpages.sty
Package: pdfpages 2024/01/21 v0.5y Insert pages of external PDF documents (AM)

(/usr/share/texlive/texmf-dist/tex/latex/base/ifthen.sty
Package: ifthen 2022/04/13 v1.1d Standard LaTeX ifthen package (DPC)
)
(/usr/share/texlive/texmf-dist/tex/latex/tools/calc.sty
Package: calc 2023/07/08 v4.3 Infix arithmetic (KKT,FJ)
\calc@Acount=\count198
\calc@Bcount=\count199
\calc@Adimen=\dimen149
\calc@Bdimen=\dimen150
\calc@Askip=\skip50
\calc@Bskip=\skip51
LaTeX Info: Redefining \setlength on input line 80.
LaTeX Info: Redefining \addtolength on input line 81.
\calc@Ccount=\count266
\calc@Cskip=\skip52
)
(/usr/share/texlive/texmf-dist/tex/latex/eso-pic/eso-pic.sty
Package: eso-pic 2023/05/03 v3.0c eso-pic (RN)
\ESO@tempdima=\dimen151
\ESO@tempdimb=\dimen152

(/usr/share/texlive/texmf-dist/tex/latex/xcolor/xcolor.sty
Package: xcolor 2023/11/15 v3.01 LaTeX color extensions (UK)

(/usr/share/texlive/texmf-dist/tex/latex/graphics-cfg/color.cfg
File: color.cfg 2016/01/02 v1.6 sample color configuration
)
Package xcolor Info: Driver file: pdftex.def on input line 274.

(/usr/share/texlive/texmf-dist/tex/latex/graphics-def/pdftex.def
File: pdftex.def 2022/09/22 v1.2b Graphics/color driver for pdftex
)
(/usr/share/texlive/texmf-dist/tex/latex/graphics/mathcolor.ltx)
Package xcolor Info: Model `cmy' substituted by `cmy0' on input line 1350.
Package xcolor Info: Model `hsb' substituted by `rgb' on input line 1354.
Package xcolor Info: Model `RGB' extended on input line 1366.
Package xcolor Info: Model `HTML' substituted by `rgb' on input line 1368.
Package xcolor Info: Model `Hsb' substituted by `hsb' on input line 1369.
Package xcolor Info: Model `tHsb' substituted by `hsb' on input line 1370.
Package xcolor Info: Model `HSB' substituted by `hsb' on input line 1371.
Package xcolor Info: Model `Gray' substituted by `gray' on input line 1372.
Package xcolor Info: Model `wave' substituted by `hsb' on input line 1373.
))
(/usr/share/texlive/texmf-dist/tex/latex/graphics/graphicx.sty
Package: graphicx 2021/09/16 v1.2d Enhanced LaTeX Graphics (DPC,SPQR)

(/usr/share/texlive/texmf-dist/tex/latex/graphics/graphics.sty
Package: graphics 2022/03/10 v1.4e Standard LaTeX Graphics (DPC,SPQR)

(/usr/share/texlive/texmf-dist/tex/latex/graphics/trig.sty
Package: trig 2021/08/11 v1.11 sin cos tan (DPC)
)
(/usr/share/texlive/texmf-dist/tex/latex/graphics-cfg/graphics.cfg
File: graphics.cfg 2016/06/04 v1.11 sample graphics configuration
)
Package graphics Info: Driver file: pdftex.def on input line 107.
)
\Gin@req@height=\dimen153
\Gin@req@width=\dimen154
)
\AM@pagewidth=\dimen155
\AM@pageheight=\dimen156
\AM@fboxrule=\dimen157

(/usr/share/texlive/texmf-dist/tex/latex/pdfpages/pppdftex.def
File: pppdftex.def 2024/01/21 v0.5y Pdfpages driver for pdfTeX (AM)
)
\pdfpages@includegraphics@status=\count267
\AM@pagebox=\box51
\AM@global@opts=\toks19
\AM@pagecnt=\count268
\AM@toc@title=\toks20
\AM@lof@heading=\toks21
\c@AM@survey=\count269
\AM@templatesizebox=\box52
)
(/usr/share/texlive/texmf-dist/tex/latex/hyperref/hyperref.sty
Package: hyperref 2024-01-20 v7.01h Hypertext links for LaTeX

(/usr/share/texlive/texmf-dist/tex/latex/kvsetkeys/kvsetkeys.sty
Package: kvsetkeys 2022-10-05 v1.19 Key value parser (HO)
)
(/usr/share/texlive/texmf-dist/tex/generic/kvdefinekeys/kvdefinekeys.sty
Package: kvdefinekeys 2019-12-19 v1.6 Define keys (HO)
)
(/usr/share/texlive/texmf-dist/tex/generic/pdfescape/pdfescape.sty
Package: pdfescape 2019/12/09 v1.15 Implements pdfTeX's escape features (HO)

(/usr/share/texlive/texmf-dist/tex/generic/ltxcmds/ltxcmds.sty
Package: ltxcmds 2023-12-04 v1.26 LaTeX kernel commands for general use (HO)
)
(/usr/share/texlive/texmf-dist/tex/generic/pdftexcmds/pdftexcmds.sty
Package: pdftexcmds 2020-06-27 v0.33 Utility functions of pdfTeX for LuaTeX (HO
)

(/usr/share/texlive/texmf-dist/tex/generic/infwarerr/infwarerr.sty
Package: infwarerr 2019/12/03 v1.5 Providing info/warning/error messages (HO)
)
Package pdftexcmds Info: \pdf@primitive is available.
Package pdftexcmds Info: \pdf@ifprimitive is available.
Package pdftexcmds Info: \pdfdraftmode found.
))
(/usr/share/texlive/texmf-dist/tex/latex/hycolor/hycolor.sty
Package: hycolor 2020-01-27 v1.10 Color options for hyperref/bookmark (HO)
)
(/usr/share/texlive/texmf-dist/tex/latex/auxhook/auxhook.sty
Package: auxhook 2019-12-17 v1.6 Hooks for auxiliary files (HO)
)
(/usr/share/texlive/texmf-dist/tex/latex/hyperref/nameref.sty
Package: nameref 2023-11-26 v2.56 Cross-referencing by name of section

(/usr/share/texlive/texmf-dist/tex/latex/refcount/refcount.sty
Package: refcount 2019/12/15 v3.6 Data extraction from label references (HO)
)
(/usr/share/texlive/texmf-dist/tex/generic/gettitlestring/gettitlestring.sty
Package: gettitlestring 2019/12/15 v1.6 Cleanup title references (HO)

(/usr/share/texlive/texmf-dist/tex/latex/kvoptions/kvoptions.sty
Package: kvoptions 2022-06-15 v3.15 Key value format for package options (HO)
))
\c@section@level=\count270
)
(/usr/share/texlive/texmf-dist/tex/latex/etoolbox/etoolbox.sty
Package: etoolbox 2020/10/05 v2.5k e-TeX tools for LaTeX (JAW)
\etb@tempcnta=\count271
)
\@linkdim=\dimen158
\Hy@linkcounter=\count272
\Hy@pagecounter=\count273

(/usr/share/texlive/texmf-dist/tex/latex/hyperref/pd1enc.def
File: pd1enc.def 2024-01-20 v7.01h Hyperref: PDFDocEncoding definition (HO)
Now handling font encoding PD1 ...
... no UTF-8 mapping file for font encoding PD1
)
(/usr/share/texlive/texmf-dist/tex/generic/intcalc/intcalc.sty
Package: intcalc 2019/12/15 v1.3 Expandable calculations with integers (HO)
)
\Hy@SavedSpaceFactor=\count274

(/usr/share/texlive/texmf-dist/tex/latex/hyperref/puenc.def
File: puenc.def 2024-01-20 v7.01h Hyperref: PDF Unicode definition (HO)
Now handling font encoding PU ...
... no UTF-8 mapping file for font encoding PU
)
Package hyperref Info: Hyper figures OFF on input line 4179.
Package hyperref Info: Link nesting OFF on input line 4184.
Package hyperref Info: Hyper index ON on input line 4187.
Package hyperref Info: Plain pages OFF on input line 4194.
Package hyperref Info: Backreferencing OFF on input line 4199.
Package hyperref Info: Implicit mode ON; LaTeX internals redefined.
Package hyperref Info: Bookmarks ON on input line 4446.
\c@Hy@tempcnt=\count275

(/usr/share/texlive/texmf-dist/tex/latex/url/url.sty
\Urlmuskip=\muskip16
Package: url 2013/09/16  ver 3.4  Verb mode for urls, etc.
)
LaTeX Info: Redefining \url on input line 4784.
\XeTeXLinkMargin=\dimen159

(/usr/share/texlive/texmf-dist/tex/generic/bitset/bitset.sty
Package: bitset 2019/12/09 v1.3 Handle bit-vector datatype (HO)

(/usr/share/texlive/texmf-dist/tex/generic/bigintcalc/bigintcalc.sty
Package: bigintcalc 2019/12/15 v1.5 Expandable calculations on big integers (HO
)
))
\Fld@menulength=\count276
\Field@Width=\dimen160
\Fld@charsize=\dimen161
Package hyperref Info: Hyper figures OFF on input line 6063.
Package hyperref Info: Link nesting OFF on input line 6068.
Package hyperref Info: Hyper index ON on input line 6071.
Package hyperref Info: backreferencing OFF on input line 6078.
Package hyperref Info: Link coloring OFF on input line 6083.
Package hyperref Info: Link coloring with OCG OFF on input line 6088.
Package hyperref Info: PDF/A mode OFF on input line 6093.

(/usr/share/texlive/texmf-dist/tex/latex/base/atbegshi-ltx.sty
Package: atbegshi-ltx 2021/01/10 v1.0c Emulation of the original atbegshi
package with kernel methods
)
\Hy@abspage=\count277
\c@Item=\count278
\c@Hfootnote=\count279
)
Package hyperref Info: Driver (autodetected): hpdftex.

(/usr/share/texlive/texmf-dist/tex/latex/hyperref/hpdftex.def
File: hpdftex.def 2024-01-20 v7.01h Hyperref driver for pdfTeX

(/usr/share/texlive/texmf-dist/tex/latex/base/atveryend-ltx.sty
Package: atveryend-ltx 2020/08/19 v1.0a Emulation of the original atveryend pac
kage
with kernel methods
)
\Fld@listcount=\count280
\c@bookmark@seq@number=\count281

(/usr/share/texlive/texmf-dist/tex/latex/rerunfilecheck/rerunfilecheck.sty
Package: rerunfilecheck 2022-07-10 v1.10 Rerun checks for auxiliary files (HO)

(/usr/share/texlive/texmf-dist/tex/generic/uniquecounter/uniquecounter.sty
Package: uniquecounter 2019/12/15 v1.4 Provide unlimited unique counter (HO)
)
Package uniquecounter Info: New unique counter `rerunfilecheck' on input line 2
85.
)
\Hy@SectionHShift=\skip53
)
LaTeX Font Info:    Trying to load font information for T1+lmr on input line 7.


(/usr/share/texmf/tex/latex/lm/t1lmr.fd
File: t1lmr.fd 2015/05/01 v1.6.1 Font defs for Latin Modern
)
(/usr/share/texlive/texmf-dist/tex/latex/l3backend/l3backend-pdftex.def
File: l3backend-pdftex.def 2024-01-04 L3 backend support: PDF output (pdfTeX)
\l__color_backend_stack_int=\count282
\l__pdf_internal_box=\box53
)
(./paper_latex.aux)
\openout1 = `paper_latex.aux'.

LaTeX Font Info:    Checking defaults for OML/cmm/m/it on input line 7.
LaTeX Font Info:    ... okay on input line 7.
LaTeX Font Info:    Checking defaults for OMS/cmsy/m/n on input line 7.
LaTeX Font Info:    ... okay on input line 7.
LaTeX Font Info:    Checking defaults for OT1/cmr/m/n on input line 7.
LaTeX Font Info:    ... okay on input line 7.
LaTeX Font Info:    Checking defaults for T1/cmr/m/n on input line 7.
LaTeX Font Info:    ... okay on input line 7.
LaTeX Font Info:    Checking defaults for TS1/cmr/m/n on input line 7.
LaTeX Font Info:    ... okay on input line 7.
LaTeX Font Info:    Checking defaults for OMX/cmex/m/n on input line 7.
LaTeX Font Info:    ... okay on input line 7.
LaTeX Font Info:    Checking defaults for U/cmr/m/n on input line 7.
LaTeX Font Info:    ... okay on input line 7.
LaTeX Font Info:    Checking defaults for PD1/pdf/m/n on input line 7.
LaTeX Font Info:    ... okay on input line 7.
LaTeX Font Info:    Checking defaults for PU/pdf/m/n on input line 7.
LaTeX Font Info:    ... okay on input line 7.

*geometry* driver: auto-detecting
*geometry* detected driver: pdftex
*geometry* verbose mode - [ preamble ] result:
* driver: pdftex
* paper: <default>
* layout: <same size as paper>
* layoutoffset:(h,v)=(0.0pt,0.0pt)
* modes: 
* h-part:(L,W,R)=(78.05173pt, 458.19154pt, 78.05173pt)
* v-part:(T,H,B)=(78.05173pt, 638.86653pt, 78.05173pt)
* \paperwidth=614.295pt
* \paperheight=794.96999pt
* \textwidth=458.19154pt
* \textheight=638.86653pt
* \oddsidemargin=5.78174pt
* \evensidemargin=5.78174pt
* \topmargin=-31.21826pt
* \headheight=12.0pt
* \headsep=25.0pt
* \topskip=11.0pt
* \footskip=30.0pt
* \marginparwidth=59.0pt
* \marginparsep=10.0pt
* \columnsep=10.0pt
* \skip\footins=10.0pt plus 4.0pt minus 2.0pt
* \hoffset=0.0pt
* \voffset=0.0pt
* \mag=1000
* \@twocolumnfalse
* \@twosidefalse
* \@mparswitchfalse
* \@reversemarginfalse
* (1in=72.27pt=25.4mm, 1cm=28.453pt)

(/usr/share/texlive/texmf-dist/tex/context/base/mkii/supp-pdf.mkii
[Loading MPS to PDF converter (version 2006.09.02).]
\scratchcounter=\count283
\scratchdimen=\dimen162
\scratchbox=\box54
\nofMPsegments=\count284
\nofMParguments=\count285
\everyMPshowfont=\toks22
\MPscratchCnt=\count286
\MPscratchDim=\dimen163
\MPnumerator=\count287
\makeMPintoPDFobject=\count288
\everyMPtoPDFconversion=\toks23
) (/usr/share/texlive/texmf-dist/tex/latex/epstopdf-pkg/epstopdf-base.sty
Package: epstopdf-base 2020-01-24 v2.11 Base part for package epstopdf
Package epstopdf-base Info: Redefining graphics rule for `.eps' on input line 4
85.

(/usr/share/texlive/texmf-dist/tex/latex/latexconfig/epstopdf-sys.cfg
File: epstopdf-sys.cfg 2010/07/13 v1.3 Configuration of (r)epstopdf for TeX Liv
e
))
(/usr/share/texlive/texmf-dist/tex/latex/pdflscape/pdflscape.sty
Package: pdflscape 2022-10-27 v0.13 Display of landscape pages in PDF

(/usr/share/texlive/texmf-dist/tex/latex/pdflscape/pdflscape-nometadata.sty
Package: pdflscape-nometadata 2022-10-28 v0.13 Display of landscape pages in PD
F (HO)

(/usr/share/texlive/texmf-dist/tex/latex/graphics/lscape.sty
Package: lscape 2020/05/28 v3.02 Landscape Pages (DPC)
)
Package pdflscape Info: Auto-detected driver: pdftex on input line 81.
))
Package hyperref Info: Link coloring OFF on input line 7.

(./paper_latex.out) (./paper_latex.out)
\@outlinefile=\write3
\openout3 = `paper_latex.out'.

<geometry.pdf, id=12, 614.295pt x 794.97pt>
File: geometry.pdf Graphic file (type pdf)
<use geometry.pdf>
Package pdftex.def Info: geometry.pdf  used on input line 8.
(pdftex.def)             Requested size: 614.29349pt x 794.96806pt.
File: geometry.pdf Graphic file (type pdf)
<use geometry.pdf>
Package pdftex.def Info: geometry.pdf  used on input line 8.
(pdftex.def)             Requested size: 614.29349pt x 794.96806pt.
<geometry.pdf, id=15, page=1, 614.295pt x 794.97pt>
File: geometry.pdf Graphic file (type pdf)
<use geometry.pdf, page 1>
Package pdftex.def Info: geometry.pdf , page1 used on input line 8.
(pdftex.def)             Requested size: 614.29349pt x 794.96806pt.
File: geometry.pdf Graphic file (type pdf)
<use geometry.pdf, page 1>
Package pdftex.def Info: geometry.pdf , page1 used on input line 8.
(pdftex.def)             Requested size: 614.58406pt x 795.3441pt.
File: geometry.pdf Graphic file (type pdf)
<use geometry.pdf, page 1>
Package pdftex.def Info: geometry.pdf , page1 used on input line 8.
(pdftex.def)             Requested size: 614.58406pt x 795.3441pt.
File: geometry.pdf Graphic file (type pdf)
<use geometry.pdf, page 1>
Package pdftex.def Info: geometry.pdf , page1 used on input line 8.
(pdftex.def)             Requested size: 614.58406pt x 795.3441pt.
File: geometry.pdf Graphic file (type pdf)
<use geometry.pdf, page 1>
Package pdftex.def Info: geometry.pdf , page1 used on input line 8.
(pdftex.def)             Requested size: 614.58406pt x 795.3441pt.
 [1


 <./geometry.pdf{/var/lib/texmf/fonts/map/pdftex/updmap/pdftex.map}>]
<geometry.pdf, id=112, page=2, 614.295pt x 794.97pt>
File: geometry.pdf Graphic file (type pdf)
<use geometry.pdf, page 2>
Package pdftex.def Info: geometry.pdf , page2 used on input line 8.
(pdftex.def)             Requested size: 614.58406pt x 795.3441pt.
File: geometry.pdf Graphic file (type pdf)
<use geometry.pdf, page 2>
Package pdftex.def Info: geometry.pdf , page2 used on input line 8.
(pdftex.def)             Requested size: 614.58406pt x 795.3441pt.
File: geometry.pdf Graphic file (type pdf)
<use geometry.pdf, page 2>
Package pdftex.def Info: geometry.pdf , page2 used on input line 8.
(pdftex.def)             Requested size: 614.58406pt x 795.3441pt.
 [2

 <./geometry.pdf>]
<geometry.pdf, id=135, page=3, 614.295pt x 794.97pt>
File: geometry.pdf Graphic file (type pdf)
<use geometry.pdf, page 3>
Package pdftex.def Info: geometry.pdf , page3 used on input line 8.
(pdftex.def)             Requested size: 614.58406pt x 795.3441pt.
File: geometry.pdf Graphic file (type pdf)
<use geometry.pdf, page 3>
Package pdftex.def Info: geometry.pdf , page3 used on input line 8.
(pdftex.def)             Requested size: 614.58406pt x 795.3441pt.
File: geometry.pdf Graphic file (type pdf)
<use geometry.pdf, page 3>
Package pdftex.def Info: geometry.pdf , page3 used on input line 8.
(pdftex.def)             Requested size: 614.58406pt x 795.3441pt.
 [3

 <./geometry.pdf>]
<geometry.pdf, id=146, page=4, 614.295pt x 794.97pt>
File: geometry.pdf Graphic file (type pdf)
<use geometry.pdf, page 4>
Package pdftex.def Info: geometry.pdf , page4 used on input line 8.
(pdftex.def)             Requested size: 614.58406pt x 795.3441pt.
File: geometry.pdf Graphic file (type pdf)
<use geometry.pdf, page 4>
Package pdftex.def Info: geometry.pdf , page4 used on input line 8.
(pdftex.def)             Requested size: 614.58406pt x 795.3441pt.
File: geometry.pdf Graphic file (type pdf)
<use geometry.pdf, page 4>
Package pdftex.def Info: geometry.pdf , page4 used on input line 8.
(pdftex.def)             Requested size: 614.58406pt x 795.3441pt.

[4

 <./geometry.pdf>]
<geometry.pdf, id=163, page=5, 614.295pt x 794.97pt>
File: geometry.pdf Graphic file (type pdf)
<use geometry.pdf, page 5>
Package pdftex.def Info: geometry.pdf , page5 used on input line 8.
(pdftex.def)             Requested size: 614.58406pt x 795.3441pt.
File: geometry.pdf Graphic file (type pdf)
<use geometry.pdf, page 5>
Package pdftex.def Info: geometry.pdf , page5 used on input line 8.
(pdftex.def)             Requested size: 614.58406pt x 795.3441pt.
File: geometry.pdf Graphic file (type pdf)
<use geometry.pdf, page 5>
Package pdftex.def Info: geometry.pdf , page5 used on input line 8.
(pdftex.def)             Requested size: 614.58406pt x 795.3441pt.
 [5

 <./geometry.pdf>]
<geometry.pdf, id=168, page=6, 614.295pt x 794.97pt>
File: geometry.pdf Graphic file (type pdf)
<use geometry.pdf, page 6>
Package pdftex.def Info: geometry.pdf , page6 used on input line 8.
(pdftex.def)             Requested size: 614.58406pt x 795.3441pt.
File: geometry.pdf Graphic file (type pdf)
<use geometry.pdf, page 6>
Package pdftex.def Info: geometry.pdf , page6 used on input line 8.
(pdftex.def)             Requested size: 614.58406pt x 795.3441pt.
File: geometry.pdf Graphic file (type pdf)
<use geometry.pdf, page 6>
Package pdftex.def Info: geometry.pdf , page6 used on input line 8.
(pdftex.def)             Requested size: 614.58406pt x 795.3441pt.
 [6

 <./geometry.pdf>]
<geometry.pdf, id=173, page=7, 614.295pt x 794.97pt>
File: geometry.pdf Graphic file (type pdf)
<use geometry.pdf, page 7>
Package pdftex.def Info: geometry.pdf , page7 used on input line 8.
(pdftex.def)             Requested size: 614.58406pt x 795.3441pt.
File: geometry.pdf Graphic file (type pdf)
<use geometry.pdf, page 7>
Package pdftex.def Info: geometry.pdf , page7 used on input line 8.
(pdftex.def)             Requested size: 614.58406pt x 795.3441pt.
File: geometry.pdf Graphic file (type pdf)
<use geometry.pdf, page 7>
Package pdftex.def Info: geometry.pdf , page7 used on input line 8.
(pdftex.def)             Requested size: 614.58406pt x 795.3441pt.
 [7

 <./geometry.pdf>]
<geometry.pdf, id=179, page=8, 614.295pt x 794.97pt>
File: geometry.pdf Graphic file (type pdf)
<use geometry.pdf, page 8>
Package pdftex.def Info: geometry.pdf , page8 used on input line 8.
(pdftex.def)             Requested size: 614.58406pt x 795.3441pt.
File: geometry.pdf Graphic file (type pdf)
<use geometry.pdf, page 8>
Package pdftex.def Info: geometry.pdf , page8 used on input line 8.
(pdftex.def)             Requested size: 614.58406pt x 795.3441pt.
File: geometry.pdf Graphic file (type pdf)
<use geometry.pdf, page 8>
Package pdftex.def Info: geometry.pdf , page8 used on input line 8.
(pdftex.def)             Requested size: 614.58406pt x 795.3441pt.
 [8

 <./geometry.pdf>]
<geometry.pdf, id=184, page=9, 614.295pt x 794.97pt>
File: geometry.pdf Graphic file (type pdf)
<use geometry.pdf, page 9>
Package pdftex.def Info: geometry.pdf , page9 used on input line 8.
(pdftex.def)             Requested size: 614.58406pt x 795.3441pt.
File: geometry.pdf Graphic file (type pdf)
<use geometry.pdf, page 9>
Package pdftex.def Info: geometry.pdf , page9 used on input line 8.
(pdftex.def)             Requested size: 614.58406pt x 795.3441pt.
File: geometry.pdf Graphic file (type pdf)
<use geometry.pdf, page 9>
Package pdftex.def Info: geometry.pdf , page9 used on input line 8.
(pdftex.def)             Requested size: 614.58406pt x 795.3441pt.
 [9

 <./geometry.pdf>]
<geometry.pdf, id=190, page=10, 614.295pt x 794.97pt>
File: geometry.pdf Graphic file (type pdf)
<use geometry.pdf, page 10>
Package pdftex.def Info: geometry.pdf , page10 used on input line 8.
(pdftex.def)             Requested size: 614.58406pt x 795.3441pt.
File: geometry.pdf Graphic file (type pdf)
<use geometry.pdf, page 10>
Package pdftex.def Info: geometry.pdf , page10 used on input line 8.
(pdftex.def)             Requested size: 614.58406pt x 795.3441pt.
File: geometry.pdf Graphic file (type pdf)
<use geometry.pdf, page 10>
Package pdftex.def Info: geometry.pdf , page10 used on input line 8.
(pdftex.def)             Requested size: 614.58406pt x 795.3441pt.
 [10

 <./geometry.pdf>]
<geometry.pdf, id=195, page=11, 614.295pt x 794.97pt>
File: geometry.pdf Graphic file (type pdf)
<use geometry.pdf, page 11>
Package pdftex.def Info: geometry.pdf , page11 used on input line 8.
(pdftex.def)             Requested size: 614.58406pt x 795.3441pt.
File: geometry.pdf Graphic file (type pdf)
<use geometry.pdf, page 11>
Package pdftex.def Info: geometry.pdf , page11 used on input line 8.
(pdftex.def)             Requested size: 614.58406pt x 795.3441pt.
File: geometry.pdf Graphic file (type pdf)
<use geometry.pdf, page 11>
Package pdftex.def Info: geometry.pdf , page11 used on input line 8.
(pdftex.def)             Requested size: 614.58406pt x 795.3441pt.
 [11

 <./geometry.pdf>]
<geometry.pdf, id=200, page=12, 614.295pt x 794.97pt>
File: geometry.pdf Graphic file (type pdf)
<use geometry.pdf, page 12>
Package pdftex.def Info: geometry.pdf , page12 used on input line 8.
(pdftex.def)             Requested size: 614.58406pt x 795.3441pt.
File: geometry.pdf Graphic file (type pdf)
<use geometry.pdf, page 12>
Package pdftex.def Info: geometry.pdf , page12 used on input line 8.
(pdftex.def)             Requested size: 614.58406pt x 795.3441pt.
File: geometry.pdf Graphic file (type pdf)
<use geometry.pdf, page 12>
Package pdftex.def Info: geometry.pdf , page12 used on input line 8.
(pdftex.def)             Requested size: 614.58406pt x 795.3441pt.
 [12

 <./geometry.pdf>]
<geometry.pdf, id=205, page=13, 614.295pt x 794.97pt>
File: geometry.pdf Graphic file (type pdf)
<use geometry.pdf, page 13>
Package pdftex.def Info: geometry.pdf , page13 used on input line 8.
(pdftex.def)             Requested size: 614.58406pt x 795.3441pt.
File: geometry.pdf Graphic file (type pdf)
<use geometry.pdf, page 13>
Package pdftex.def Info: geometry.pdf , page13 used on input line 8.
(pdftex.def)             Requested size: 614.58406pt x 795.3441pt.
File: geometry.pdf Graphic file (type pdf)
<use geometry.pdf, page 13>
Package pdftex.def Info: geometry.pdf , page13 used on input line 8.
(pdftex.def)             Requested size: 614.58406pt x 795.3441pt.
 [13

 <./geometry.pdf>]
<geometry.pdf, id=211, page=14, 614.295pt x 794.97pt>
File: geometry.pdf Graphic file (type pdf)
<use geometry.pdf, page 14>
Package pdftex.def Info: geometry.pdf , page14 used on input line 8.
(pdftex.def)             Requested size: 614.58406pt x 795.3441pt.
File: geometry.pdf Graphic file (type pdf)
<use geometry.pdf, page 14>
Package pdftex.def Info: geometry.pdf , page14 used on input line 8.
(pdftex.def)             Requested size: 614.58406pt x 795.3441pt.
File: geometry.pdf Graphic file (type pdf)
<use geometry.pdf, page 14>
Package pdftex.def Info: geometry.pdf , page14 used on input line 8.
(pdftex.def)             Requested size: 614.58406pt x 795.3441pt.
 [14

 <./geometry.pdf>]
<geometry.pdf, id=216, page=15, 614.295pt x 794.97pt>
File: geometry.pdf Graphic file (type pdf)
<use geometry.pdf, page 15>
Package pdftex.def Info: geometry.pdf , page15 used on input line 8.
(pdftex.def)             Requested size: 614.58406pt x 795.3441pt.
File: geometry.pdf Graphic file (type pdf)
<use geometry.pdf, page 15>
Package pdftex.def Info: geometry.pdf , page15 used on input line 8.
(pdftex.def)             Requested size: 614.58406pt x 795.3441pt.
File: geometry.pdf Graphic file (type pdf)
<use geometry.pdf, page 15>
Package pdftex.def Info: geometry.pdf , page15 used on input line 8.
(pdftex.def)             Requested size: 614.58406pt x 795.3441pt.

[15

 <./geometry.pdf>]
<geometry.pdf, id=227, page=16, 614.295pt x 794.97pt>
File: geometry.pdf Graphic file (type pdf)
<use geometry.pdf, page 16>
Package pdftex.def Info: geometry.pdf , page16 used on input line 8.
(pdftex.def)             Requested size: 614.58406pt x 795.3441pt.
File: geometry.pdf Graphic file (type pdf)
<use geometry.pdf, page 16>
Package pdftex.def Info: geometry.pdf , page16 used on input line 8.
(pdftex.def)             Requested size: 614.58406pt x 795.3441pt.
File: geometry.pdf Graphic file (type pdf)
<use geometry.pdf, page 16>
Package pdftex.def Info: geometry.pdf , page16 used on input line 8.
(pdftex.def)             Requested size: 614.58406pt x 795.3441pt.
 [16

 <./geometry.pdf>]
LaTeX Font Info:    Trying to load font information for T1+lmtt on input line 2
3.

(/usr/share/texmf/tex/latex/lm/t1lmtt.fd
File: t1lmtt.fd 2015/05/01 v1.6.1 Font defs for Latin Modern
) [17

{/usr/share/texmf/fonts/enc/dvips/lm/lm-ec.enc}]
<../v122/paper.pdf, id=246, 614.295pt x 794.97pt>
File: ../v122/paper.pdf Graphic file (type pdf)
<use ../v122/paper.pdf>
Package pdftex.def Info: ../v122/paper.pdf  used on input line 43.
(pdftex.def)             Requested size: 614.29349pt x 794.96806pt.
File: ../v122/paper.pdf Graphic file (type pdf)
<use ../v122/paper.pdf>
Package pdftex.def Info: ../v122/paper.pdf  used on input line 43.
(pdftex.def)             Requested size: 614.29349pt x 794.96806pt.
<../v122/paper.pdf, id=249, page=1, 614.295pt x 794.97pt>
File: ../v122/paper.pdf Graphic file (type pdf)
<use ../v122/paper.pdf, page 1>
Package pdftex.def Info: ../v122/paper.pdf , page1 used on input line 43.
(pdftex.def)             Requested size: 614.29349pt x 794.96806pt.
File: ../v122/paper.pdf Graphic file (type pdf)
<use ../v122/paper.pdf, page 1>
Package pdftex.def Info: ../v122/paper.pdf , page1 used on input line 43.
(pdftex.def)             Requested size: 614.58406pt x 795.3441pt.
File: ../v122/paper.pdf Graphic file (type pdf)
<use ../v122/paper.pdf, page 1>
Package pdftex.def Info: ../v122/paper.pdf , page1 used on input line 43.
(pdftex.def)             Requested size: 614.58406pt x 795.3441pt.
File: ../v122/paper.pdf Graphic file (type pdf)
<use ../v122/paper.pdf, page 1>
Package pdftex.def Info: ../v122/paper.pdf , page1 used on input line 43.
(pdftex.def)             Requested size: 614.58406pt x 795.3441pt.
File: ../v122/paper.pdf Graphic file (type pdf)
<use ../v122/paper.pdf, page 1>
Package pdftex.def Info: ../v122/paper.pdf , page1 used on input line 43.
(pdftex.def)             Requested size: 614.58406pt x 795.3441pt.
 [18


 <../v122/paper.pdf>]
<../v122/paper.pdf, id=287, page=2, 614.295pt x 794.97pt>
File: ../v122/paper.pdf Graphic file (type pdf)
<use ../v122/paper.pdf, page 2>
Package pdftex.def Info: ../v122/paper.pdf , page2 used on input line 43.
(pdftex.def)             Requested size: 614.58406pt x 795.3441pt.
File: ../v122/paper.pdf Graphic file (type pdf)
<use ../v122/paper.pdf, page 2>
Package pdftex.def Info: ../v122/paper.pdf , page2 used on input line 43.
(pdftex.def)             Requested size: 614.58406pt x 795.3441pt.
File: ../v122/paper.pdf Graphic file (type pdf)
<use ../v122/paper.pdf, page 2>
Package pdftex.def Info: ../v122/paper.pdf , page2 used on input line 43.
(pdftex.def)             Requested size: 614.58406pt x 795.3441pt.
 [19

 <../v122/paper.pdf>]
<../v122/paper.pdf, id=301, page=3, 614.295pt x 794.97pt>
File: ../v122/paper.pdf Graphic file (type pdf)
<use ../v122/paper.pdf, page 3>
Package pdftex.def Info: ../v122/paper.pdf , page3 used on input line 43.
(pdftex.def)             Requested size: 614.58406pt x 795.3441pt.
File: ../v122/paper.pdf Graphic file (type pdf)
<use ../v122/paper.pdf, page 3>
Package pdftex.def Info: ../v122/paper.pdf , page3 used on input line 43.
(pdftex.def)             Requested size: 614.58406pt x 795.3441pt.
File: ../v122/paper.pdf Graphic file (type pdf)
<use ../v122/paper.pdf, page 3>
Package pdftex.def Info: ../v122/paper.pdf , page3 used on input line 43.
(pdftex.def)             Requested size: 614.58406pt x 795.3441pt.
 [20

 <../v122/paper.pdf>]
<../v122/paper.pdf, id=306, page=4, 614.295pt x 794.97pt>
File: ../v122/paper.pdf Graphic file (type pdf)
<use ../v122/paper.pdf, page 4>
Package pdftex.def Info: ../v122/paper.pdf , page4 used on input line 43.
(pdftex.def)             Requested size: 614.58406pt x 795.3441pt.
File: ../v122/paper.pdf Graphic file (type pdf)
<use ../v122/paper.pdf, page 4>
Package pdftex.def Info: ../v122/paper.pdf , page4 used on input line 43.
(pdftex.def)             Requested size: 614.58406pt x 795.3441pt.
File: ../v122/paper.pdf Graphic file (type pdf)
<use ../v122/paper.pdf, page 4>
Package pdftex.def Info: ../v122/paper.pdf , page4 used on input line 43.
(pdftex.def)             Requested size: 614.58406pt x 795.3441pt.
 [21

 <../v122/paper.pdf>]
<../v122/paper.pdf, id=348, page=5, 614.295pt x 794.97pt>
File: ../v122/paper.pdf Graphic file (type pdf)
<use ../v122/paper.pdf, page 5>
Package pdftex.def Info: ../v122/paper.pdf , page5 used on input line 43.
(pdftex.def)             Requested size: 614.58406pt x 795.3441pt.
File: ../v122/paper.pdf Graphic file (type pdf)
<use ../v122/paper.pdf, page 5>
Package pdftex.def Info: ../v122/paper.pdf , page5 used on input line 43.
(pdftex.def)             Requested size: 614.58406pt x 795.3441pt.
File: ../v122/paper.pdf Graphic file (type pdf)
<use ../v122/paper.pdf, page 5>
Package pdftex.def Info: ../v122/paper.pdf , page5 used on input line 43.
(pdftex.def)             Requested size: 614.58406pt x 795.3441pt.
 [22

 <../v122/paper.pdf>]
<../v122/paper.pdf, id=361, page=6, 614.295pt x 794.97pt>
File: ../v122/paper.pdf Graphic file (type pdf)
<use ../v122/paper.pdf, page 6>
Package pdftex.def Info: ../v122/paper.pdf , page6 used on input line 43.
(pdftex.def)             Requested size: 614.58406pt x 795.3441pt.
File: ../v122/paper.pdf Graphic file (type pdf)
<use ../v122/paper.pdf, page 6>
Package pdftex.def Info: ../v122/paper.pdf , page6 used on input line 43.
(pdftex.def)             Requested size: 614.58406pt x 795.3441pt.
File: ../v122/paper.pdf Graphic file (type pdf)
<use ../v122/paper.pdf, page 6>
Package pdftex.def Info: ../v122/paper.pdf , page6 used on input line 43.
(pdftex.def)             Requested size: 614.58406pt x 795.3441pt.
 [23

 <../v122/paper.pdf>]
<../v122/paper.pdf, id=366, page=7, 614.295pt x 794.97pt>
File: ../v122/paper.pdf Graphic file (type pdf)
<use ../v122/paper.pdf, page 7>
Package pdftex.def Info: ../v122/paper.pdf , page7 used on input line 43.
(pdftex.def)             Requested size: 614.58406pt x 795.3441pt.
File: ../v122/paper.pdf Graphic file (type pdf)
<use ../v122/paper.pdf, page 7>
Package pdftex.def Info: ../v122/paper.pdf , page7 used on input line 43.
(pdftex.def)             Requested size: 614.58406pt x 795.3441pt.
File: ../v122/paper.pdf Graphic file (type pdf)
<use ../v122/paper.pdf, page 7>
Package pdftex.def Info: ../v122/paper.pdf , page7 used on input line 43.
(pdftex.def)             Requested size: 614.58406pt x 795.3441pt.
 [24

 <../v122/paper.pdf>]
<../v122/paper.pdf, id=371, page=8, 614.295pt x 794.97pt>
File: ../v122/paper.pdf Graphic file (type pdf)
<use ../v122/paper.pdf, page 8>
Package pdftex.def Info: ../v122/paper.pdf , page8 used on input line 43.
(pdftex.def)             Requested size: 614.58406pt x 795.3441pt.
File: ../v122/paper.pdf Graphic file (type pdf)
<use ../v122/paper.pdf, page 8>
Package pdftex.def Info: ../v122/paper.pdf , page8 used on input line 43.
(pdftex.def)             Requested size: 614.58406pt x 795.3441pt.
File: ../v122/paper.pdf Graphic file (type pdf)
<use ../v122/paper.pdf, page 8>
Package pdftex.def Info: ../v122/paper.pdf , page8 used on input line 43.
(pdftex.def)             Requested size: 614.58406pt x 795.3441pt.
 [25

 <../v122/paper.pdf>]
<../v122/paper.pdf, id=377, page=9, 614.295pt x 794.97pt>
File: ../v122/paper.pdf Graphic file (type pdf)
<use ../v122/paper.pdf, page 9>
Package pdftex.def Info: ../v122/paper.pdf , page9 used on input line 43.
(pdftex.def)             Requested size: 614.58406pt x 795.3441pt.
File: ../v122/paper.pdf Graphic file (type pdf)
<use ../v122/paper.pdf, page 9>
Package pdftex.def Info: ../v122/paper.pdf , page9 used on input line 43.
(pdftex.def)             Requested size: 614.58406pt x 795.3441pt.
File: ../v122/paper.pdf Graphic file (type pdf)
<use ../v122/paper.pdf, page 9>
Package pdftex.def Info: ../v122/paper.pdf , page9 used on input line 43.
(pdftex.def)             Requested size: 614.58406pt x 795.3441pt.
 [26

 <../v122/paper.pdf>]
<../v122/paper.pdf, id=386, page=10, 614.295pt x 794.97pt>
File: ../v122/paper.pdf Graphic file (type pdf)
<use ../v122/paper.pdf, page 10>
Package pdftex.def Info: ../v122/paper.pdf , page10 used on input line 43.
(pdftex.def)             Requested size: 614.58406pt x 795.3441pt.
File: ../v122/paper.pdf Graphic file (type pdf)
<use ../v122/paper.pdf, page 10>
Package pdftex.def Info: ../v122/paper.pdf , page10 used on input line 43.
(pdftex.def)             Requested size: 614.58406pt x 795.3441pt.
File: ../v122/paper.pdf Graphic file (type pdf)
<use ../v122/paper.pdf, page 10>
Package pdftex.def Info: ../v122/paper.pdf , page10 used on input line 43.
(pdftex.def)             Requested size: 614.58406pt x 795.3441pt.
 [27

 <../v122/paper.pdf>]
<../v122/paper.pdf, id=397, page=11, 614.295pt x 794.97pt>
File: ../v122/paper.pdf Graphic file (type pdf)
<use ../v122/paper.pdf, page 11>
Package pdftex.def Info: ../v122/paper.pdf , page11 used on input line 43.
(pdftex.def)             Requested size: 614.58406pt x 795.3441pt.
File: ../v122/paper.pdf Graphic file (type pdf)
<use ../v122/paper.pdf, page 11>
Package pdftex.def Info: ../v122/paper.pdf , page11 used on input line 43.
(pdftex.def)             Requested size: 614.58406pt x 795.3441pt.
File: ../v122/paper.pdf Graphic file (type pdf)
<use ../v122/paper.pdf, page 11>
Package pdftex.def Info: ../v122/paper.pdf , page11 used on input line 43.
(pdftex.def)             Requested size: 614.58406pt x 795.3441pt.
 [28

 <../v122/paper.pdf>]
<../v122/paper.pdf, id=402, page=12, 614.295pt x 794.97pt>
File: ../v122/paper.pdf Graphic file (type pdf)
<use ../v122/paper.pdf, page 12>
Package pdftex.def Info: ../v122/paper.pdf , page12 used on input line 43.
(pdftex.def)             Requested size: 614.58406pt x 795.3441pt.
File: ../v122/paper.pdf Graphic file (type pdf)
<use ../v122/paper.pdf, page 12>
Package pdftex.def Info: ../v122/paper.pdf , page12 used on input line 43.
(pdftex.def)             Requested size: 614.58406pt x 795.3441pt.
File: ../v122/paper.pdf Graphic file (type pdf)
<use ../v122/paper.pdf, page 12>
Package pdftex.def Info: ../v122/paper.pdf , page12 used on input line 43.
(pdftex.def)             Requested size: 614.58406pt x 795.3441pt.
 [29

 <../v122/paper.pdf>]
<../v122/paper.pdf, id=407, page=13, 614.295pt x 794.97pt>
File: ../v122/paper.pdf Graphic file (type pdf)
<use ../v122/paper.pdf, page 13>
Package pdftex.def Info: ../v122/paper.pdf , page13 used on input line 43.
(pdftex.def)             Requested size: 614.58406pt x 795.3441pt.
File: ../v122/paper.pdf Graphic file (type pdf)
<use ../v122/paper.pdf, page 13>
Package pdftex.def Info: ../v122/paper.pdf , page13 used on input line 43.
(pdftex.def)             Requested size: 614.58406pt x 795.3441pt.
File: ../v122/paper.pdf Graphic file (type pdf)
<use ../v122/paper.pdf, page 13>
Package pdftex.def Info: ../v122/paper.pdf , page13 used on input line 43.
(pdftex.def)             Requested size: 614.58406pt x 795.3441pt.

[30

 <../v122/paper.pdf>]
<../v122/paper.pdf, id=416, page=14, 614.295pt x 794.97pt>
File: ../v122/paper.pdf Graphic file (type pdf)
<use ../v122/paper.pdf, page 14>
Package pdftex.def Info: ../v122/paper.pdf , page14 used on input line 43.
(pdftex.def)             Requested size: 614.58406pt x 795.3441pt.
File: ../v122/paper.pdf Graphic file (type pdf)
<use ../v122/paper.pdf, page 14>
Package pdftex.def Info: ../v122/paper.pdf , page14 used on input line 43.
(pdftex.def)             Requested size: 614.58406pt x 795.3441pt.
File: ../v122/paper.pdf Graphic file (type pdf)
<use ../v122/paper.pdf, page 14>
Package pdftex.def Info: ../v122/paper.pdf , page14 used on input line 43.
(pdftex.def)             Requested size: 614.58406pt x 795.3441pt.
 [31

 <../v122/paper.pdf>]
<../v122/paper.pdf, id=422, page=15, 614.295pt x 794.97pt>
File: ../v122/paper.pdf Graphic file (type pdf)
<use ../v122/paper.pdf, page 15>
Package pdftex.def Info: ../v122/paper.pdf , page15 used on input line 43.
(pdftex.def)             Requested size: 614.58406pt x 795.3441pt.
File: ../v122/paper.pdf Graphic file (type pdf)
<use ../v122/paper.pdf, page 15>
Package pdftex.def Info: ../v122/paper.pdf , page15 used on input line 43.
(pdftex.def)             Requested size: 614.58406pt x 795.3441pt.
File: ../v122/paper.pdf Graphic file (type pdf)
<use ../v122/paper.pdf, page 15>
Package pdftex.def Info: ../v122/paper.pdf , page15 used on input line 43.
(pdftex.def)             Requested size: 614.58406pt x 795.3441pt.
 [32

 <../v122/paper.pdf>]
<../v122/paper.pdf, id=433, page=16, 614.295pt x 794.97pt>
File: ../v122/paper.pdf Graphic file (type pdf)
<use ../v122/paper.pdf, page 16>
Package pdftex.def Info: ../v122/paper.pdf , page16 used on input line 43.
(pdftex.def)             Requested size: 614.58406pt x 795.3441pt.
File: ../v122/paper.pdf Graphic file (type pdf)
<use ../v122/paper.pdf, page 16>
Package pdftex.def Info: ../v122/paper.pdf , page16 used on input line 43.
(pdftex.def)             Requested size: 614.58406pt x 795.3441pt.
File: ../v122/paper.pdf Graphic file (type pdf)
<use ../v122/paper.pdf, page 16>
Package pdftex.def Info: ../v122/paper.pdf , page16 used on input line 43.
(pdftex.def)             Requested size: 614.58406pt x 795.3441pt.

[33

 <../v122/paper.pdf>]
<../v122/paper.pdf, id=438, page=17, 614.295pt x 794.97pt>
File: ../v122/paper.pdf Graphic file (type pdf)
<use ../v122/paper.pdf, page 17>
Package pdftex.def Info: ../v122/paper.pdf , page17 used on input line 43.
(pdftex.def)             Requested size: 614.58406pt x 795.3441pt.
File: ../v122/paper.pdf Graphic file (type pdf)
<use ../v122/paper.pdf, page 17>
Package pdftex.def Info: ../v122/paper.pdf , page17 used on input line 43.
(pdftex.def)             Requested size: 614.58406pt x 795.3441pt.
File: ../v122/paper.pdf Graphic file (type pdf)
<use ../v122/paper.pdf, page 17>
Package pdftex.def Info: ../v122/paper.pdf , page17 used on input line 43.
(pdftex.def)             Requested size: 614.58406pt x 795.3441pt.
 [34

 <../v122/paper.pdf>]
<../v122/paper.pdf, id=443, page=18, 614.295pt x 794.97pt>
File: ../v122/paper.pdf Graphic file (type pdf)
<use ../v122/paper.pdf, page 18>
Package pdftex.def Info: ../v122/paper.pdf , page18 used on input line 43.
(pdftex.def)             Requested size: 614.58406pt x 795.3441pt.
File: ../v122/paper.pdf Graphic file (type pdf)
<use ../v122/paper.pdf, page 18>
Package pdftex.def Info: ../v122/paper.pdf , page18 used on input line 43.
(pdftex.def)             Requested size: 614.58406pt x 795.3441pt.
File: ../v122/paper.pdf Graphic file (type pdf)
<use ../v122/paper.pdf, page 18>
Package pdftex.def Info: ../v122/paper.pdf , page18 used on input line 43.
(pdftex.def)             Requested size: 614.58406pt x 795.3441pt.
 [35

 <../v122/paper.pdf>]
<../v122/paper.pdf, id=448, page=19, 614.295pt x 794.97pt>
File: ../v122/paper.pdf Graphic file (type pdf)
<use ../v122/paper.pdf, page 19>
Package pdftex.def Info: ../v122/paper.pdf , page19 used on input line 43.
(pdftex.def)             Requested size: 614.58406pt x 795.3441pt.
File: ../v122/paper.pdf Graphic file (type pdf)
<use ../v122/paper.pdf, page 19>
Package pdftex.def Info: ../v122/paper.pdf , page19 used on input line 43.
(pdftex.def)             Requested size: 614.58406pt x 795.3441pt.
File: ../v122/paper.pdf Graphic file (type pdf)
<use ../v122/paper.pdf, page 19>
Package pdftex.def Info: ../v122/paper.pdf , page19 used on input line 43.
(pdftex.def)             Requested size: 614.58406pt x 795.3441pt.

[36

 <../v122/paper.pdf>]
<../v122/paper.pdf, id=453, page=20, 614.295pt x 794.97pt>
File: ../v122/paper.pdf Graphic file (type pdf)
<use ../v122/paper.pdf, page 20>
Package pdftex.def Info: ../v122/paper.pdf , page20 used on input line 43.
(pdftex.def)             Requested size: 614.58406pt x 795.3441pt.
File: ../v122/paper.pdf Graphic file (type pdf)
<use ../v122/paper.pdf, page 20>
Package pdftex.def Info: ../v122/paper.pdf , page20 used on input line 43.
(pdftex.def)             Requested size: 614.58406pt x 795.3441pt.
File: ../v122/paper.pdf Graphic file (type pdf)
<use ../v122/paper.pdf, page 20>
Package pdftex.def Info: ../v122/paper.pdf , page20 used on input line 43.
(pdftex.def)             Requested size: 614.58406pt x 795.3441pt.
 [37

 <../v122/paper.pdf>]
<../v122/paper.pdf, id=459, page=21, 614.295pt x 794.97pt>
File: ../v122/paper.pdf Graphic file (type pdf)
<use ../v122/paper.pdf, page 21>
Package pdftex.def Info: ../v122/paper.pdf , page21 used on input line 43.
(pdftex.def)             Requested size: 614.58406pt x 795.3441pt.
File: ../v122/paper.pdf Graphic file (type pdf)
<use ../v122/paper.pdf, page 21>
Package pdftex.def Info: ../v122/paper.pdf , page21 used on input line 43.
(pdftex.def)             Requested size: 614.58406pt x 795.3441pt.
File: ../v122/paper.pdf Graphic file (type pdf)
<use ../v122/paper.pdf, page 21>
Package pdftex.def Info: ../v122/paper.pdf , page21 used on input line 43.
(pdftex.def)             Requested size: 614.58406pt x 795.3441pt.
 [38

 <../v122/paper.pdf>]
<../v122/paper.pdf, id=464, page=22, 614.295pt x 794.97pt>
File: ../v122/paper.pdf Graphic file (type pdf)
<use ../v122/paper.pdf, page 22>
Package pdftex.def Info: ../v122/paper.pdf , page22 used on input line 43.
(pdftex.def)             Requested size: 614.58406pt x 795.3441pt.
File: ../v122/paper.pdf Graphic file (type pdf)
<use ../v122/paper.pdf, page 22>
Package pdftex.def Info: ../v122/paper.pdf , page22 used on input line 43.
(pdftex.def)             Requested size: 614.58406pt x 795.3441pt.
File: ../v122/paper.pdf Graphic file (type pdf)
<use ../v122/paper.pdf, page 22>
Package pdftex.def Info: ../v122/paper.pdf , page22 used on input line 43.
(pdftex.def)             Requested size: 614.58406pt x 795.3441pt.

[39

 <../v122/paper.pdf>]
<../v122/paper.pdf, id=469, page=23, 614.295pt x 794.97pt>
File: ../v122/paper.pdf Graphic file (type pdf)
<use ../v122/paper.pdf, page 23>
Package pdftex.def Info: ../v122/paper.pdf , page23 used on input line 43.
(pdftex.def)             Requested size: 614.58406pt x 795.3441pt.
File: ../v122/paper.pdf Graphic file (type pdf)
<use ../v122/paper.pdf, page 23>
Package pdftex.def Info: ../v122/paper.pdf , page23 used on input line 43.
(pdftex.def)             Requested size: 614.58406pt x 795.3441pt.
File: ../v122/paper.pdf Graphic file (type pdf)
<use ../v122/paper.pdf, page 23>
Package pdftex.def Info: ../v122/paper.pdf , page23 used on input line 43.
(pdftex.def)             Requested size: 614.58406pt x 795.3441pt.
 [40

 <../v122/paper.pdf>]
<../v122/paper.pdf, id=474, page=24, 614.295pt x 794.97pt>
File: ../v122/paper.pdf Graphic file (type pdf)
<use ../v122/paper.pdf, page 24>
Package pdftex.def Info: ../v122/paper.pdf , page24 used on input line 43.
(pdftex.def)             Requested size: 614.58406pt x 795.3441pt.
File: ../v122/paper.pdf Graphic file (type pdf)
<use ../v122/paper.pdf, page 24>
Package pdftex.def Info: ../v122/paper.pdf , page24 used on input line 43.
(pdftex.def)             Requested size: 614.58406pt x 795.3441pt.
File: ../v122/paper.pdf Graphic file (type pdf)
<use ../v122/paper.pdf, page 24>
Package pdftex.def Info: ../v122/paper.pdf , page24 used on input line 43.
(pdftex.def)             Requested size: 614.58406pt x 795.3441pt.
 [41

 <../v122/paper.pdf>]
<../v122/paper.pdf, id=479, page=25, 614.295pt x 794.97pt>
File: ../v122/paper.pdf Graphic file (type pdf)
<use ../v122/paper.pdf, page 25>
Package pdftex.def Info: ../v122/paper.pdf , page25 used on input line 43.
(pdftex.def)             Requested size: 614.58406pt x 795.3441pt.
File: ../v122/paper.pdf Graphic file (type pdf)
<use ../v122/paper.pdf, page 25>
Package pdftex.def Info: ../v122/paper.pdf , page25 used on input line 43.
(pdftex.def)             Requested size: 614.58406pt x 795.3441pt.
File: ../v122/paper.pdf Graphic file (type pdf)
<use ../v122/paper.pdf, page 25>
Package pdftex.def Info: ../v122/paper.pdf , page25 used on input line 43.
(pdftex.def)             Requested size: 614.58406pt x 795.3441pt.

[42

 <../v122/paper.pdf>]
<../v122/paper.pdf, id=484, page=26, 614.295pt x 794.97pt>
File: ../v122/paper.pdf Graphic file (type pdf)
<use ../v122/paper.pdf, page 26>
Package pdftex.def Info: ../v122/paper.pdf , page26 used on input line 43.
(pdftex.def)             Requested size: 614.58406pt x 795.3441pt.
File: ../v122/paper.pdf Graphic file (type pdf)
<use ../v122/paper.pdf, page 26>
Package pdftex.def Info: ../v122/paper.pdf , page26 used on input line 43.
(pdftex.def)             Requested size: 614.58406pt x 795.3441pt.
File: ../v122/paper.pdf Graphic file (type pdf)
<use ../v122/paper.pdf, page 26>
Package pdftex.def Info: ../v122/paper.pdf , page26 used on input line 43.
(pdftex.def)             Requested size: 614.58406pt x 795.3441pt.
 [43

 <../v122/paper.pdf>]
<../v122/paper.pdf, id=490, page=27, 614.295pt x 794.97pt>
File: ../v122/paper.pdf Graphic file (type pdf)
<use ../v122/paper.pdf, page 27>
Package pdftex.def Info: ../v122/paper.pdf , page27 used on input line 43.
(pdftex.def)             Requested size: 614.58406pt x 795.3441pt.
File: ../v122/paper.pdf Graphic file (type pdf)
<use ../v122/paper.pdf, page 27>
Package pdftex.def Info: ../v122/paper.pdf , page27 used on input line 43.
(pdftex.def)             Requested size: 614.58406pt x 795.3441pt.
File: ../v122/paper.pdf Graphic file (type pdf)
<use ../v122/paper.pdf, page 27>
Package pdftex.def Info: ../v122/paper.pdf , page27 used on input line 43.
(pdftex.def)             Requested size: 614.58406pt x 795.3441pt.
 [44

 <../v122/paper.pdf>]
<../v122/paper.pdf, id=495, page=28, 614.295pt x 794.97pt>
File: ../v122/paper.pdf Graphic file (type pdf)
<use ../v122/paper.pdf, page 28>
Package pdftex.def Info: ../v122/paper.pdf , page28 used on input line 43.
(pdftex.def)             Requested size: 614.58406pt x 795.3441pt.
File: ../v122/paper.pdf Graphic file (type pdf)
<use ../v122/paper.pdf, page 28>
Package pdftex.def Info: ../v122/paper.pdf , page28 used on input line 43.
(pdftex.def)             Requested size: 614.58406pt x 795.3441pt.
File: ../v122/paper.pdf Graphic file (type pdf)
<use ../v122/paper.pdf, page 28>
Package pdftex.def Info: ../v122/paper.pdf , page28 used on input line 43.
(pdftex.def)             Requested size: 614.58406pt x 795.3441pt.

[45

 <../v122/paper.pdf>]
<../v122/paper.pdf, id=500, page=29, 614.295pt x 794.97pt>
File: ../v122/paper.pdf Graphic file (type pdf)
<use ../v122/paper.pdf, page 29>
Package pdftex.def Info: ../v122/paper.pdf , page29 used on input line 43.
(pdftex.def)             Requested size: 614.58406pt x 795.3441pt.
File: ../v122/paper.pdf Graphic file (type pdf)
<use ../v122/paper.pdf, page 29>
Package pdftex.def Info: ../v122/paper.pdf , page29 used on input line 43.
(pdftex.def)             Requested size: 614.58406pt x 795.3441pt.
File: ../v122/paper.pdf Graphic file (type pdf)
<use ../v122/paper.pdf, page 29>
Package pdftex.def Info: ../v122/paper.pdf , page29 used on input line 43.
(pdftex.def)             Requested size: 614.58406pt x 795.3441pt.
 [46

 <../v122/paper.pdf>]
<../v122/paper.pdf, id=505, page=30, 614.295pt x 794.97pt>
File: ../v122/paper.pdf Graphic file (type pdf)
<use ../v122/paper.pdf, page 30>
Package pdftex.def Info: ../v122/paper.pdf , page30 used on input line 43.
(pdftex.def)             Requested size: 614.58406pt x 795.3441pt.
File: ../v122/paper.pdf Graphic file (type pdf)
<use ../v122/paper.pdf, page 30>
Package pdftex.def Info: ../v122/paper.pdf , page30 used on input line 43.
(pdftex.def)             Requested size: 614.58406pt x 795.3441pt.
File: ../v122/paper.pdf Graphic file (type pdf)
<use ../v122/paper.pdf, page 30>
Package pdftex.def Info: ../v122/paper.pdf , page30 used on input line 43.
(pdftex.def)             Requested size: 614.58406pt x 795.3441pt.
 [47

 <../v122/paper.pdf>]
<../v122/paper.pdf, id=510, page=31, 614.295pt x 794.97pt>
File: ../v122/paper.pdf Graphic file (type pdf)
<use ../v122/paper.pdf, page 31>
Package pdftex.def Info: ../v122/paper.pdf , page31 used on input line 43.
(pdftex.def)             Requested size: 614.58406pt x 795.3441pt.
File: ../v122/paper.pdf Graphic file (type pdf)
<use ../v122/paper.pdf, page 31>
Package pdftex.def Info: ../v122/paper.pdf , page31 used on input line 43.
(pdftex.def)             Requested size: 614.58406pt x 795.3441pt.
File: ../v122/paper.pdf Graphic file (type pdf)
<use ../v122/paper.pdf, page 31>
Package pdftex.def Info: ../v122/paper.pdf , page31 used on input line 43.
(pdftex.def)             Requested size: 614.58406pt x 795.3441pt.

[48

 <../v122/paper.pdf>]
<../v122/paper.pdf, id=516, page=32, 614.295pt x 794.97pt>
File: ../v122/paper.pdf Graphic file (type pdf)
<use ../v122/paper.pdf, page 32>
Package pdftex.def Info: ../v122/paper.pdf , page32 used on input line 43.
(pdftex.def)             Requested size: 614.58406pt x 795.3441pt.
File: ../v122/paper.pdf Graphic file (type pdf)
<use ../v122/paper.pdf, page 32>
Package pdftex.def Info: ../v122/paper.pdf , page32 used on input line 43.
(pdftex.def)             Requested size: 614.58406pt x 795.3441pt.
File: ../v122/paper.pdf Graphic file (type pdf)
<use ../v122/paper.pdf, page 32>
Package pdftex.def Info: ../v122/paper.pdf , page32 used on input line 43.
(pdftex.def)             Requested size: 614.58406pt x 795.3441pt.
 [49

 <../v122/paper.pdf>]
<../v122/paper.pdf, id=522, page=33, 614.295pt x 794.97pt>
File: ../v122/paper.pdf Graphic file (type pdf)
<use ../v122/paper.pdf, page 33>
Package pdftex.def Info: ../v122/paper.pdf , page33 used on input line 43.
(pdftex.def)             Requested size: 614.58406pt x 795.3441pt.
File: ../v122/paper.pdf Graphic file (type pdf)
<use ../v122/paper.pdf, page 33>
Package pdftex.def Info: ../v122/paper.pdf , page33 used on input line 43.
(pdftex.def)             Requested size: 614.58406pt x 795.3441pt.
File: ../v122/paper.pdf Graphic file (type pdf)
<use ../v122/paper.pdf, page 33>
Package pdftex.def Info: ../v122/paper.pdf , page33 used on input line 43.
(pdftex.def)             Requested size: 614.58406pt x 795.3441pt.
 [50

 <../v122/paper.pdf>]
<../v122/paper.pdf, id=527, page=34, 614.295pt x 794.97pt>
File: ../v122/paper.pdf Graphic file (type pdf)
<use ../v122/paper.pdf, page 34>
Package pdftex.def Info: ../v122/paper.pdf , page34 used on input line 43.
(pdftex.def)             Requested size: 614.58406pt x 795.3441pt.
File: ../v122/paper.pdf Graphic file (type pdf)
<use ../v122/paper.pdf, page 34>
Package pdftex.def Info: ../v122/paper.pdf , page34 used on input line 43.
(pdftex.def)             Requested size: 614.58406pt x 795.3441pt.
File: ../v122/paper.pdf Graphic file (type pdf)
<use ../v122/paper.pdf, page 34>
Package pdftex.def Info: ../v122/paper.pdf , page34 used on input line 43.
(pdftex.def)             Requested size: 614.58406pt x 795.3441pt.

[51

 <../v122/paper.pdf>]
<../v122/paper.pdf, id=532, page=35, 614.295pt x 794.97pt>
File: ../v122/paper.pdf Graphic file (type pdf)
<use ../v122/paper.pdf, page 35>
Package pdftex.def Info: ../v122/paper.pdf , page35 used on input line 43.
(pdftex.def)             Requested size: 614.58406pt x 795.3441pt.
File: ../v122/paper.pdf Graphic file (type pdf)
<use ../v122/paper.pdf, page 35>
Package pdftex.def Info: ../v122/paper.pdf , page35 used on input line 43.
(pdftex.def)             Requested size: 614.58406pt x 795.3441pt.
File: ../v122/paper.pdf Graphic file (type pdf)
<use ../v122/paper.pdf, page 35>
Package pdftex.def Info: ../v122/paper.pdf , page35 used on input line 43.
(pdftex.def)             Requested size: 614.58406pt x 795.3441pt.
 [52

 <../v122/paper.pdf>]
<../v122/paper.pdf, id=537, page=36, 614.295pt x 794.97pt>
File: ../v122/paper.pdf Graphic file (type pdf)
<use ../v122/paper.pdf, page 36>
Package pdftex.def Info: ../v122/paper.pdf , page36 used on input line 43.
(pdftex.def)             Requested size: 614.58406pt x 795.3441pt.
File: ../v122/paper.pdf Graphic file (type pdf)
<use ../v122/paper.pdf, page 36>
Package pdftex.def Info: ../v122/paper.pdf , page36 used on input line 43.
(pdftex.def)             Requested size: 614.58406pt x 795.3441pt.
File: ../v122/paper.pdf Graphic file (type pdf)
<use ../v122/paper.pdf, page 36>
Package pdftex.def Info: ../v122/paper.pdf , page36 used on input line 43.
(pdftex.def)             Requested size: 614.58406pt x 795.3441pt.
 [53

 <../v122/paper.pdf>]
<../v122/paper.pdf, id=542, page=37, 614.295pt x 794.97pt>
File: ../v122/paper.pdf Graphic file (type pdf)
<use ../v122/paper.pdf, page 37>
Package pdftex.def Info: ../v122/paper.pdf , page37 used on input line 43.
(pdftex.def)             Requested size: 614.58406pt x 795.3441pt.
File: ../v122/paper.pdf Graphic file (type pdf)
<use ../v122/paper.pdf, page 37>
Package pdftex.def Info: ../v122/paper.pdf , page37 used on input line 43.
(pdftex.def)             Requested size: 614.58406pt x 795.3441pt.
File: ../v122/paper.pdf Graphic file (type pdf)
<use ../v122/paper.pdf, page 37>
Package pdftex.def Info: ../v122/paper.pdf , page37 used on input line 43.
(pdftex.def)             Requested size: 614.58406pt x 795.3441pt.

[54

 <../v122/paper.pdf>]
<../v122/paper.pdf, id=547, page=38, 614.295pt x 794.97pt>
File: ../v122/paper.pdf Graphic file (type pdf)
<use ../v122/paper.pdf, page 38>
Package pdftex.def Info: ../v122/paper.pdf , page38 used on input line 43.
(pdftex.def)             Requested size: 614.58406pt x 795.3441pt.
File: ../v122/paper.pdf Graphic file (type pdf)
<use ../v122/paper.pdf, page 38>
Package pdftex.def Info: ../v122/paper.pdf , page38 used on input line 43.
(pdftex.def)             Requested size: 614.58406pt x 795.3441pt.
File: ../v122/paper.pdf Graphic file (type pdf)
<use ../v122/paper.pdf, page 38>
Package pdftex.def Info: ../v122/paper.pdf , page38 used on input line 43.
(pdftex.def)             Requested size: 614.58406pt x 795.3441pt.
 [55

 <../v122/paper.pdf>]
<../v122/paper.pdf, id=553, page=39, 614.295pt x 794.97pt>
File: ../v122/paper.pdf Graphic file (type pdf)
<use ../v122/paper.pdf, page 39>
Package pdftex.def Info: ../v122/paper.pdf , page39 used on input line 43.
(pdftex.def)             Requested size: 614.58406pt x 795.3441pt.
File: ../v122/paper.pdf Graphic file (type pdf)
<use ../v122/paper.pdf, page 39>
Package pdftex.def Info: ../v122/paper.pdf , page39 used on input line 43.
(pdftex.def)             Requested size: 614.58406pt x 795.3441pt.
File: ../v122/paper.pdf Graphic file (type pdf)
<use ../v122/paper.pdf, page 39>
Package pdftex.def Info: ../v122/paper.pdf , page39 used on input line 43.
(pdftex.def)             Requested size: 614.58406pt x 795.3441pt.
 [56

 <../v122/paper.pdf>]
<../v122/paper.pdf, id=558, page=40, 614.295pt x 794.97pt>
File: ../v122/paper.pdf Graphic file (type pdf)
<use ../v122/paper.pdf, page 40>
Package pdftex.def Info: ../v122/paper.pdf , page40 used on input line 43.
(pdftex.def)             Requested size: 614.58406pt x 795.3441pt.
File: ../v122/paper.pdf Graphic file (type pdf)
<use ../v122/paper.pdf, page 40>
Package pdftex.def Info: ../v122/paper.pdf , page40 used on input line 43.
(pdftex.def)             Requested size: 614.58406pt x 795.3441pt.
File: ../v122/paper.pdf Graphic file (type pdf)
<use ../v122/paper.pdf, page 40>
Package pdftex.def Info: ../v122/paper.pdf , page40 used on input line 43.
(pdftex.def)             Requested size: 614.58406pt x 795.3441pt.

[57

 <../v122/paper.pdf>]
<../v122/paper.pdf, id=563, page=41, 614.295pt x 794.97pt>
File: ../v122/paper.pdf Graphic file (type pdf)
<use ../v122/paper.pdf, page 41>
Package pdftex.def Info: ../v122/paper.pdf , page41 used on input line 43.
(pdftex.def)             Requested size: 614.58406pt x 795.3441pt.
File: ../v122/paper.pdf Graphic file (type pdf)
<use ../v122/paper.pdf, page 41>
Package pdftex.def Info: ../v122/paper.pdf , page41 used on input line 43.
(pdftex.def)             Requested size: 614.58406pt x 795.3441pt.
File: ../v122/paper.pdf Graphic file (type pdf)
<use ../v122/paper.pdf, page 41>
Package pdftex.def Info: ../v122/paper.pdf , page41 used on input line 43.
(pdftex.def)             Requested size: 614.58406pt x 795.3441pt.
 [58

 <../v122/paper.pdf>]
<../v122/paper.pdf, id=568, page=42, 614.295pt x 794.97pt>
File: ../v122/paper.pdf Graphic file (type pdf)
<use ../v122/paper.pdf, page 42>
Package pdftex.def Info: ../v122/paper.pdf , page42 used on input line 43.
(pdftex.def)             Requested size: 614.58406pt x 795.3441pt.
File: ../v122/paper.pdf Graphic file (type pdf)
<use ../v122/paper.pdf, page 42>
Package pdftex.def Info: ../v122/paper.pdf , page42 used on input line 43.
(pdftex.def)             Requested size: 614.58406pt x 795.3441pt.
File: ../v122/paper.pdf Graphic file (type pdf)
<use ../v122/paper.pdf, page 42>
Package pdftex.def Info: ../v122/paper.pdf , page42 used on input line 43.
(pdftex.def)             Requested size: 614.58406pt x 795.3441pt.
 [59

 <../v122/paper.pdf>]
<../v122/paper.pdf, id=573, page=43, 614.295pt x 794.97pt>
File: ../v122/paper.pdf Graphic file (type pdf)
<use ../v122/paper.pdf, page 43>
Package pdftex.def Info: ../v122/paper.pdf , page43 used on input line 43.
(pdftex.def)             Requested size: 614.58406pt x 795.3441pt.
File: ../v122/paper.pdf Graphic file (type pdf)
<use ../v122/paper.pdf, page 43>
Package pdftex.def Info: ../v122/paper.pdf , page43 used on input line 43.
(pdftex.def)             Requested size: 614.58406pt x 795.3441pt.
File: ../v122/paper.pdf Graphic file (type pdf)
<use ../v122/paper.pdf, page 43>
Package pdftex.def Info: ../v122/paper.pdf , page43 used on input line 43.
(pdftex.def)             Requested size: 614.58406pt x 795.3441pt.

[60

 <../v122/paper.pdf>]
<../v122/paper.pdf, id=578, page=44, 614.295pt x 794.97pt>
File: ../v122/paper.pdf Graphic file (type pdf)
<use ../v122/paper.pdf, page 44>
Package pdftex.def Info: ../v122/paper.pdf , page44 used on input line 43.
(pdftex.def)             Requested size: 614.58406pt x 795.3441pt.
File: ../v122/paper.pdf Graphic file (type pdf)
<use ../v122/paper.pdf, page 44>
Package pdftex.def Info: ../v122/paper.pdf , page44 used on input line 43.
(pdftex.def)             Requested size: 614.58406pt x 795.3441pt.
File: ../v122/paper.pdf Graphic file (type pdf)
<use ../v122/paper.pdf, page 44>
Package pdftex.def Info: ../v122/paper.pdf , page44 used on input line 43.
(pdftex.def)             Requested size: 614.58406pt x 795.3441pt.
 [61

 <../v122/paper.pdf>]
<../v122/paper.pdf, id=584, page=45, 614.295pt x 794.97pt>
File: ../v122/paper.pdf Graphic file (type pdf)
<use ../v122/paper.pdf, page 45>
Package pdftex.def Info: ../v122/paper.pdf , page45 used on input line 43.
(pdftex.def)             Requested size: 614.58406pt x 795.3441pt.
File: ../v122/paper.pdf Graphic file (type pdf)
<use ../v122/paper.pdf, page 45>
Package pdftex.def Info: ../v122/paper.pdf , page45 used on input line 43.
(pdftex.def)             Requested size: 614.58406pt x 795.3441pt.
File: ../v122/paper.pdf Graphic file (type pdf)
<use ../v122/paper.pdf, page 45>
Package pdftex.def Info: ../v122/paper.pdf , page45 used on input line 43.
(pdftex.def)             Requested size: 614.58406pt x 795.3441pt.
 [62

 <../v122/paper.pdf>]
<../v122/paper.pdf, id=589, page=46, 614.295pt x 794.97pt>
File: ../v122/paper.pdf Graphic file (type pdf)
<use ../v122/paper.pdf, page 46>
Package pdftex.def Info: ../v122/paper.pdf , page46 used on input line 43.
(pdftex.def)             Requested size: 614.58406pt x 795.3441pt.
File: ../v122/paper.pdf Graphic file (type pdf)
<use ../v122/paper.pdf, page 46>
Package pdftex.def Info: ../v122/paper.pdf , page46 used on input line 43.
(pdftex.def)             Requested size: 614.58406pt x 795.3441pt.
File: ../v122/paper.pdf Graphic file (type pdf)
<use ../v122/paper.pdf, page 46>
Package pdftex.def Info: ../v122/paper.pdf , page46 used on input line 43.
(pdftex.def)             Requested size: 614.58406pt x 795.3441pt.

[63

 <../v122/paper.pdf>]
<../v122/paper.pdf, id=594, page=47, 614.295pt x 794.97pt>
File: ../v122/paper.pdf Graphic file (type pdf)
<use ../v122/paper.pdf, page 47>
Package pdftex.def Info: ../v122/paper.pdf , page47 used on input line 43.
(pdftex.def)             Requested size: 614.58406pt x 795.3441pt.
File: ../v122/paper.pdf Graphic file (type pdf)
<use ../v122/paper.pdf, page 47>
Package pdftex.def Info: ../v122/paper.pdf , page47 used on input line 43.
(pdftex.def)             Requested size: 614.58406pt x 795.3441pt.
File: ../v122/paper.pdf Graphic file (type pdf)
<use ../v122/paper.pdf, page 47>
Package pdftex.def Info: ../v122/paper.pdf , page47 used on input line 43.
(pdftex.def)             Requested size: 614.58406pt x 795.3441pt.
 [64

 <../v122/paper.pdf>]
<../v122/paper.pdf, id=599, page=48, 614.295pt x 794.97pt>
File: ../v122/paper.pdf Graphic file (type pdf)
<use ../v122/paper.pdf, page 48>
Package pdftex.def Info: ../v122/paper.pdf , page48 used on input line 43.
(pdftex.def)             Requested size: 614.58406pt x 795.3441pt.
File: ../v122/paper.pdf Graphic file (type pdf)
<use ../v122/paper.pdf, page 48>
Package pdftex.def Info: ../v122/paper.pdf , page48 used on input line 43.
(pdftex.def)             Requested size: 614.58406pt x 795.3441pt.
File: ../v122/paper.pdf Graphic file (type pdf)
<use ../v122/paper.pdf, page 48>
Package pdftex.def Info: ../v122/paper.pdf , page48 used on input line 43.
(pdftex.def)             Requested size: 614.58406pt x 795.3441pt.
 [65

 <../v122/paper.pdf>]
<../v122/paper.pdf, id=604, page=49, 614.295pt x 794.97pt>
File: ../v122/paper.pdf Graphic file (type pdf)
<use ../v122/paper.pdf, page 49>
Package pdftex.def Info: ../v122/paper.pdf , page49 used on input line 43.
(pdftex.def)             Requested size: 614.58406pt x 795.3441pt.
File: ../v122/paper.pdf Graphic file (type pdf)
<use ../v122/paper.pdf, page 49>
Package pdftex.def Info: ../v122/paper.pdf , page49 used on input line 43.
(pdftex.def)             Requested size: 614.58406pt x 795.3441pt.
File: ../v122/paper.pdf Graphic file (type pdf)
<use ../v122/paper.pdf, page 49>
Package pdftex.def Info: ../v122/paper.pdf , page49 used on input line 43.
(pdftex.def)             Requested size: 614.58406pt x 795.3441pt.

[66

 <../v122/paper.pdf>]
<../v122/paper.pdf, id=609, page=50, 614.295pt x 794.97pt>
File: ../v122/paper.pdf Graphic file (type pdf)
<use ../v122/paper.pdf, page 50>
Package pdftex.def Info: ../v122/paper.pdf , page50 used on input line 43.
(pdftex.def)             Requested size: 614.58406pt x 795.3441pt.
File: ../v122/paper.pdf Graphic file (type pdf)
<use ../v122/paper.pdf, page 50>
Package pdftex.def Info: ../v122/paper.pdf , page50 used on input line 43.
(pdftex.def)             Requested size: 614.58406pt x 795.3441pt.
File: ../v122/paper.pdf Graphic file (type pdf)
<use ../v122/paper.pdf, page 50>
Package pdftex.def Info: ../v122/paper.pdf , page50 used on input line 43.
(pdftex.def)             Requested size: 614.58406pt x 795.3441pt.
 [67

 <../v122/paper.pdf>]
<../v122/paper.pdf, id=615, page=51, 614.295pt x 794.97pt>
File: ../v122/paper.pdf Graphic file (type pdf)
<use ../v122/paper.pdf, page 51>
Package pdftex.def Info: ../v122/paper.pdf , page51 used on input line 43.
(pdftex.def)             Requested size: 614.58406pt x 795.3441pt.
File: ../v122/paper.pdf Graphic file (type pdf)
<use ../v122/paper.pdf, page 51>
Package pdftex.def Info: ../v122/paper.pdf , page51 used on input line 43.
(pdftex.def)             Requested size: 614.58406pt x 795.3441pt.
File: ../v122/paper.pdf Graphic file (type pdf)
<use ../v122/paper.pdf, page 51>
Package pdftex.def Info: ../v122/paper.pdf , page51 used on input line 43.
(pdftex.def)             Requested size: 614.58406pt x 795.3441pt.
 [68

 <../v122/paper.pdf>]
<../v122/paper.pdf, id=620, page=52, 614.295pt x 794.97pt>
File: ../v122/paper.pdf Graphic file (type pdf)
<use ../v122/paper.pdf, page 52>
Package pdftex.def Info: ../v122/paper.pdf , page52 used on input line 43.
(pdftex.def)             Requested size: 614.58406pt x 795.3441pt.
File: ../v122/paper.pdf Graphic file (type pdf)
<use ../v122/paper.pdf, page 52>
Package pdftex.def Info: ../v122/paper.pdf , page52 used on input line 43.
(pdftex.def)             Requested size: 614.58406pt x 795.3441pt.
File: ../v122/paper.pdf Graphic file (type pdf)
<use ../v122/paper.pdf, page 52>
Package pdftex.def Info: ../v122/paper.pdf , page52 used on input line 43.
(pdftex.def)             Requested size: 614.58406pt x 795.3441pt.

[69

 <../v122/paper.pdf>]
<../v122/paper.pdf, id=625, page=53, 614.295pt x 794.97pt>
File: ../v122/paper.pdf Graphic file (type pdf)
<use ../v122/paper.pdf, page 53>
Package pdftex.def Info: ../v122/paper.pdf , page53 used on input line 43.
(pdftex.def)             Requested size: 614.58406pt x 795.3441pt.
File: ../v122/paper.pdf Graphic file (type pdf)
<use ../v122/paper.pdf, page 53>
Package pdftex.def Info: ../v122/paper.pdf , page53 used on input line 43.
(pdftex.def)             Requested size: 614.58406pt x 795.3441pt.
File: ../v122/paper.pdf Graphic file (type pdf)
<use ../v122/paper.pdf, page 53>
Package pdftex.def Info: ../v122/paper.pdf , page53 used on input line 43.
(pdftex.def)             Requested size: 614.58406pt x 795.3441pt.
 [70

 <../v122/paper.pdf>]
<../v122/paper.pdf, id=630, page=54, 614.295pt x 794.97pt>
File: ../v122/paper.pdf Graphic file (type pdf)
<use ../v122/paper.pdf, page 54>
Package pdftex.def Info: ../v122/paper.pdf , page54 used on input line 43.
(pdftex.def)             Requested size: 614.58406pt x 795.3441pt.
File: ../v122/paper.pdf Graphic file (type pdf)
<use ../v122/paper.pdf, page 54>
Package pdftex.def Info: ../v122/paper.pdf , page54 used on input line 43.
(pdftex.def)             Requested size: 614.58406pt x 795.3441pt.
File: ../v122/paper.pdf Graphic file (type pdf)
<use ../v122/paper.pdf, page 54>
Package pdftex.def Info: ../v122/paper.pdf , page54 used on input line 43.
(pdftex.def)             Requested size: 614.58406pt x 795.3441pt.
 [71

 <../v122/paper.pdf>]
<../v122/paper.pdf, id=635, page=55, 614.295pt x 794.97pt>
File: ../v122/paper.pdf Graphic file (type pdf)
<use ../v122/paper.pdf, page 55>
Package pdftex.def Info: ../v122/paper.pdf , page55 used on input line 43.
(pdftex.def)             Requested size: 614.58406pt x 795.3441pt.
File: ../v122/paper.pdf Graphic file (type pdf)
<use ../v122/paper.pdf, page 55>
Package pdftex.def Info: ../v122/paper.pdf , page55 used on input line 43.
(pdftex.def)             Requested size: 614.58406pt x 795.3441pt.
File: ../v122/paper.pdf Graphic file (type pdf)
<use ../v122/paper.pdf, page 55>
Package pdftex.def Info: ../v122/paper.pdf , page55 used on input line 43.
(pdftex.def)             Requested size: 614.58406pt x 795.3441pt.

[72

 <../v122/paper.pdf>]
<../v122/paper.pdf, id=640, page=56, 614.295pt x 794.97pt>
File: ../v122/paper.pdf Graphic file (type pdf)
<use ../v122/paper.pdf, page 56>
Package pdftex.def Info: ../v122/paper.pdf , page56 used on input line 43.
(pdftex.def)             Requested size: 614.58406pt x 795.3441pt.
File: ../v122/paper.pdf Graphic file (type pdf)
<use ../v122/paper.pdf, page 56>
Package pdftex.def Info: ../v122/paper.pdf , page56 used on input line 43.
(pdftex.def)             Requested size: 614.58406pt x 795.3441pt.
File: ../v122/paper.pdf Graphic file (type pdf)
<use ../v122/paper.pdf, page 56>
Package pdftex.def Info: ../v122/paper.pdf , page56 used on input line 43.
(pdftex.def)             Requested size: 614.58406pt x 795.3441pt.
 [73

 <../v122/paper.pdf>]
<../v122/paper.pdf, id=646, page=57, 614.295pt x 794.97pt>
File: ../v122/paper.pdf Graphic file (type pdf)
<use ../v122/paper.pdf, page 57>
Package pdftex.def Info: ../v122/paper.pdf , page57 used on input line 43.
(pdftex.def)             Requested size: 614.58406pt x 795.3441pt.
File: ../v122/paper.pdf Graphic file (type pdf)
<use ../v122/paper.pdf, page 57>
Package pdftex.def Info: ../v122/paper.pdf , page57 used on input line 43.
(pdftex.def)             Requested size: 614.58406pt x 795.3441pt.
File: ../v122/paper.pdf Graphic file (type pdf)
<use ../v122/paper.pdf, page 57>
Package pdftex.def Info: ../v122/paper.pdf , page57 used on input line 43.
(pdftex.def)             Requested size: 614.58406pt x 795.3441pt.
 [74

 <../v122/paper.pdf>]
<../v122/paper.pdf, id=657, page=58, 614.295pt x 794.97pt>
File: ../v122/paper.pdf Graphic file (type pdf)
<use ../v122/paper.pdf, page 58>
Package pdftex.def Info: ../v122/paper.pdf , page58 used on input line 43.
(pdftex.def)             Requested size: 614.58406pt x 795.3441pt.
File: ../v122/paper.pdf Graphic file (type pdf)
<use ../v122/paper.pdf, page 58>
Package pdftex.def Info: ../v122/paper.pdf , page58 used on input line 43.
(pdftex.def)             Requested size: 614.58406pt x 795.3441pt.
File: ../v122/paper.pdf Graphic file (type pdf)
<use ../v122/paper.pdf, page 58>
Package pdftex.def Info: ../v122/paper.pdf , page58 used on input line 43.
(pdftex.def)             Requested size: 614.58406pt x 795.3441pt.

[75

 <../v122/paper.pdf>]
<../v122/paper.pdf, id=662, page=59, 614.295pt x 794.97pt>
File: ../v122/paper.pdf Graphic file (type pdf)
<use ../v122/paper.pdf, page 59>
Package pdftex.def Info: ../v122/paper.pdf , page59 used on input line 43.
(pdftex.def)             Requested size: 614.58406pt x 795.3441pt.
File: ../v122/paper.pdf Graphic file (type pdf)
<use ../v122/paper.pdf, page 59>
Package pdftex.def Info: ../v122/paper.pdf , page59 used on input line 43.
(pdftex.def)             Requested size: 614.58406pt x 795.3441pt.
File: ../v122/paper.pdf Graphic file (type pdf)
<use ../v122/paper.pdf, page 59>
Package pdftex.def Info: ../v122/paper.pdf , page59 used on input line 43.
(pdftex.def)             Requested size: 614.58406pt x 795.3441pt.
 [76

 <../v122/paper.pdf>]
<../v122/paper.pdf, id=667, page=60, 614.295pt x 794.97pt>
File: ../v122/paper.pdf Graphic file (type pdf)
<use ../v122/paper.pdf, page 60>
Package pdftex.def Info: ../v122/paper.pdf , page60 used on input line 43.
(pdftex.def)             Requested size: 614.58406pt x 795.3441pt.
File: ../v122/paper.pdf Graphic file (type pdf)
<use ../v122/paper.pdf, page 60>
Package pdftex.def Info: ../v122/paper.pdf , page60 used on input line 43.
(pdftex.def)             Requested size: 614.58406pt x 795.3441pt.
File: ../v122/paper.pdf Graphic file (type pdf)
<use ../v122/paper.pdf, page 60>
Package pdftex.def Info: ../v122/paper.pdf , page60 used on input line 43.
(pdftex.def)             Requested size: 614.58406pt x 795.3441pt.
 [77

 <../v122/paper.pdf>]
<../v122/paper.pdf, id=672, page=61, 614.295pt x 794.97pt>
File: ../v122/paper.pdf Graphic file (type pdf)
<use ../v122/paper.pdf, page 61>
Package pdftex.def Info: ../v122/paper.pdf , page61 used on input line 43.
(pdftex.def)             Requested size: 614.58406pt x 795.3441pt.
File: ../v122/paper.pdf Graphic file (type pdf)
<use ../v122/paper.pdf, page 61>
Package pdftex.def Info: ../v122/paper.pdf , page61 used on input line 43.
(pdftex.def)             Requested size: 614.58406pt x 795.3441pt.
File: ../v122/paper.pdf Graphic file (type pdf)
<use ../v122/paper.pdf, page 61>
Package pdftex.def Info: ../v122/paper.pdf , page61 used on input line 43.
(pdftex.def)             Requested size: 614.58406pt x 795.3441pt.

[78

 <../v122/paper.pdf>]
<../v122/paper.pdf, id=677, page=62, 614.295pt x 794.97pt>
File: ../v122/paper.pdf Graphic file (type pdf)
<use ../v122/paper.pdf, page 62>
Package pdftex.def Info: ../v122/paper.pdf , page62 used on input line 43.
(pdftex.def)             Requested size: 614.58406pt x 795.3441pt.
File: ../v122/paper.pdf Graphic file (type pdf)
<use ../v122/paper.pdf, page 62>
Package pdftex.def Info: ../v122/paper.pdf , page62 used on input line 43.
(pdftex.def)             Requested size: 614.58406pt x 795.3441pt.
File: ../v122/paper.pdf Graphic file (type pdf)
<use ../v122/paper.pdf, page 62>
Package pdftex.def Info: ../v122/paper.pdf , page62 used on input line 43.
(pdftex.def)             Requested size: 614.58406pt x 795.3441pt.
 [79

 <../v122/paper.pdf>]
<../v122/paper.pdf, id=683, page=63, 614.295pt x 794.97pt>
File: ../v122/paper.pdf Graphic file (type pdf)
<use ../v122/paper.pdf, page 63>
Package pdftex.def Info: ../v122/paper.pdf , page63 used on input line 43.
(pdftex.def)             Requested size: 614.58406pt x 795.3441pt.
File: ../v122/paper.pdf Graphic file (type pdf)
<use ../v122/paper.pdf, page 63>
Package pdftex.def Info: ../v122/paper.pdf , page63 used on input line 43.
(pdftex.def)             Requested size: 614.58406pt x 795.3441pt.
File: ../v122/paper.pdf Graphic file (type pdf)
<use ../v122/paper.pdf, page 63>
Package pdftex.def Info: ../v122/paper.pdf , page63 used on input line 43.
(pdftex.def)             Requested size: 614.58406pt x 795.3441pt.
 [80

 <../v122/paper.pdf>]
<../v122/paper.pdf, id=688, page=64, 614.295pt x 794.97pt>
File: ../v122/paper.pdf Graphic file (type pdf)
<use ../v122/paper.pdf, page 64>
Package pdftex.def Info: ../v122/paper.pdf , page64 used on input line 43.
(pdftex.def)             Requested size: 614.58406pt x 795.3441pt.
File: ../v122/paper.pdf Graphic file (type pdf)
<use ../v122/paper.pdf, page 64>
Package pdftex.def Info: ../v122/paper.pdf , page64 used on input line 43.
(pdftex.def)             Requested size: 614.58406pt x 795.3441pt.
File: ../v122/paper.pdf Graphic file (type pdf)
<use ../v122/paper.pdf, page 64>
Package pdftex.def Info: ../v122/paper.pdf , page64 used on input line 43.
(pdftex.def)             Requested size: 614.58406pt x 795.3441pt.

[81

 <../v122/paper.pdf>]
<../v122/paper.pdf, id=694, page=65, 614.295pt x 794.97pt>
File: ../v122/paper.pdf Graphic file (type pdf)
<use ../v122/paper.pdf, page 65>
Package pdftex.def Info: ../v122/paper.pdf , page65 used on input line 43.
(pdftex.def)             Requested size: 614.58406pt x 795.3441pt.
File: ../v122/paper.pdf Graphic file (type pdf)
<use ../v122/paper.pdf, page 65>
Package pdftex.def Info: ../v122/paper.pdf , page65 used on input line 43.
(pdftex.def)             Requested size: 614.58406pt x 795.3441pt.
File: ../v122/paper.pdf Graphic file (type pdf)
<use ../v122/paper.pdf, page 65>
Package pdftex.def Info: ../v122/paper.pdf , page65 used on input line 43.
(pdftex.def)             Requested size: 614.58406pt x 795.3441pt.
 [82

 <../v122/paper.pdf>]
<../v122/paper.pdf, id=699, page=66, 614.295pt x 794.97pt>
File: ../v122/paper.pdf Graphic file (type pdf)
<use ../v122/paper.pdf, page 66>
Package pdftex.def Info: ../v122/paper.pdf , page66 used on input line 43.
(pdftex.def)             Requested size: 614.58406pt x 795.3441pt.
File: ../v122/paper.pdf Graphic file (type pdf)
<use ../v122/paper.pdf, page 66>
Package pdftex.def Info: ../v122/paper.pdf , page66 used on input line 43.
(pdftex.def)             Requested size: 614.58406pt x 795.3441pt.
File: ../v122/paper.pdf Graphic file (type pdf)
<use ../v122/paper.pdf, page 66>
Package pdftex.def Info: ../v122/paper.pdf , page66 used on input line 43.
(pdftex.def)             Requested size: 614.58406pt x 795.3441pt.
 [83

 <../v122/paper.pdf>]
<../v122/paper.pdf, id=704, page=67, 614.295pt x 794.97pt>
File: ../v122/paper.pdf Graphic file (type pdf)
<use ../v122/paper.pdf, page 67>
Package pdftex.def Info: ../v122/paper.pdf , page67 used on input line 43.
(pdftex.def)             Requested size: 614.58406pt x 795.3441pt.
File: ../v122/paper.pdf Graphic file (type pdf)
<use ../v122/paper.pdf, page 67>
Package pdftex.def Info: ../v122/paper.pdf , page67 used on input line 43.
(pdftex.def)             Requested size: 614.58406pt x 795.3441pt.
File: ../v122/paper.pdf Graphic file (type pdf)
<use ../v122/paper.pdf, page 67>
Package pdftex.def Info: ../v122/paper.pdf , page67 used on input line 43.
(pdftex.def)             Requested size: 614.58406pt x 795.3441pt.

[84

 <../v122/paper.pdf>]
<../v122/paper.pdf, id=709, page=68, 614.295pt x 794.97pt>
File: ../v122/paper.pdf Graphic file (type pdf)
<use ../v122/paper.pdf, page 68>
Package pdftex.def Info: ../v122/paper.pdf , page68 used on input line 43.
(pdftex.def)             Requested size: 614.58406pt x 795.3441pt.
File: ../v122/paper.pdf Graphic file (type pdf)
<use ../v122/paper.pdf, page 68>
Package pdftex.def Info: ../v122/paper.pdf , page68 used on input line 43.
(pdftex.def)             Requested size: 614.58406pt x 795.3441pt.
File: ../v122/paper.pdf Graphic file (type pdf)
<use ../v122/paper.pdf, page 68>
Package pdftex.def Info: ../v122/paper.pdf , page68 used on input line 43.
(pdftex.def)             Requested size: 614.58406pt x 795.3441pt.
 [85

 <../v122/paper.pdf>]
<../v122/paper.pdf, id=715, page=69, 614.295pt x 794.97pt>
File: ../v122/paper.pdf Graphic file (type pdf)
<use ../v122/paper.pdf, page 69>
Package pdftex.def Info: ../v122/paper.pdf , page69 used on input line 43.
(pdftex.def)             Requested size: 614.58406pt x 795.3441pt.
File: ../v122/paper.pdf Graphic file (type pdf)
<use ../v122/paper.pdf, page 69>
Package pdftex.def Info: ../v122/paper.pdf , page69 used on input line 43.
(pdftex.def)             Requested size: 614.58406pt x 795.3441pt.
File: ../v122/paper.pdf Graphic file (type pdf)
<use ../v122/paper.pdf, page 69>
Package pdftex.def Info: ../v122/paper.pdf , page69 used on input line 43.
(pdftex.def)             Requested size: 614.58406pt x 795.3441pt.
 [86

 <../v122/paper.pdf>]
<../v122/paper.pdf, id=720, page=70, 614.295pt x 794.97pt>
File: ../v122/paper.pdf Graphic file (type pdf)
<use ../v122/paper.pdf, page 70>
Package pdftex.def Info: ../v122/paper.pdf , page70 used on input line 43.
(pdftex.def)             Requested size: 614.58406pt x 795.3441pt.
File: ../v122/paper.pdf Graphic file (type pdf)
<use ../v122/paper.pdf, page 70>
Package pdftex.def Info: ../v122/paper.pdf , page70 used on input line 43.
(pdftex.def)             Requested size: 614.58406pt x 795.3441pt.
File: ../v122/paper.pdf Graphic file (type pdf)
<use ../v122/paper.pdf, page 70>
Package pdftex.def Info: ../v122/paper.pdf , page70 used on input line 43.
(pdftex.def)             Requested size: 614.58406pt x 795.3441pt.

[87

 <../v122/paper.pdf>]
<../v122/paper.pdf, id=725, page=71, 614.295pt x 794.97pt>
File: ../v122/paper.pdf Graphic file (type pdf)
<use ../v122/paper.pdf, page 71>
Package pdftex.def Info: ../v122/paper.pdf , page71 used on input line 43.
(pdftex.def)             Requested size: 614.58406pt x 795.3441pt.
File: ../v122/paper.pdf Graphic file (type pdf)
<use ../v122/paper.pdf, page 71>
Package pdftex.def Info: ../v122/paper.pdf , page71 used on input line 43.
(pdftex.def)             Requested size: 614.58406pt x 795.3441pt.
File: ../v122/paper.pdf Graphic file (type pdf)
<use ../v122/paper.pdf, page 71>
Package pdftex.def Info: ../v122/paper.pdf , page71 used on input line 43.
(pdftex.def)             Requested size: 614.58406pt x 795.3441pt.
 [88

 <../v122/paper.pdf>]
<../v122/paper.pdf, id=730, page=72, 614.295pt x 794.97pt>
File: ../v122/paper.pdf Graphic file (type pdf)
<use ../v122/paper.pdf, page 72>
Package pdftex.def Info: ../v122/paper.pdf , page72 used on input line 43.
(pdftex.def)             Requested size: 614.58406pt x 795.3441pt.
File: ../v122/paper.pdf Graphic file (type pdf)
<use ../v122/paper.pdf, page 72>
Package pdftex.def Info: ../v122/paper.pdf , page72 used on input line 43.
(pdftex.def)             Requested size: 614.58406pt x 795.3441pt.
File: ../v122/paper.pdf Graphic file (type pdf)
<use ../v122/paper.pdf, page 72>
Package pdftex.def Info: ../v122/paper.pdf , page72 used on input line 43.
(pdftex.def)             Requested size: 614.58406pt x 795.3441pt.
 [89

 <../v122/paper.pdf>]
<../v122/paper.pdf, id=735, page=73, 614.295pt x 794.97pt>
File: ../v122/paper.pdf Graphic file (type pdf)
<use ../v122/paper.pdf, page 73>
Package pdftex.def Info: ../v122/paper.pdf , page73 used on input line 43.
(pdftex.def)             Requested size: 614.58406pt x 795.3441pt.
File: ../v122/paper.pdf Graphic file (type pdf)
<use ../v122/paper.pdf, page 73>
Package pdftex.def Info: ../v122/paper.pdf , page73 used on input line 43.
(pdftex.def)             Requested size: 614.58406pt x 795.3441pt.
File: ../v122/paper.pdf Graphic file (type pdf)
<use ../v122/paper.pdf, page 73>
Package pdftex.def Info: ../v122/paper.pdf , page73 used on input line 43.
(pdftex.def)             Requested size: 614.58406pt x 795.3441pt.

[90

 <../v122/paper.pdf>]
<../v122/paper.pdf, id=740, page=74, 614.295pt x 794.97pt>
File: ../v122/paper.pdf Graphic file (type pdf)
<use ../v122/paper.pdf, page 74>
Package pdftex.def Info: ../v122/paper.pdf , page74 used on input line 43.
(pdftex.def)             Requested size: 614.58406pt x 795.3441pt.
File: ../v122/paper.pdf Graphic file (type pdf)
<use ../v122/paper.pdf, page 74>
Package pdftex.def Info: ../v122/paper.pdf , page74 used on input line 43.
(pdftex.def)             Requested size: 614.58406pt x 795.3441pt.
File: ../v122/paper.pdf Graphic file (type pdf)
<use ../v122/paper.pdf, page 74>
Package pdftex.def Info: ../v122/paper.pdf , page74 used on input line 43.
(pdftex.def)             Requested size: 614.58406pt x 795.3441pt.
 [91

 <../v122/paper.pdf>]
<../v122/paper.pdf, id=746, page=75, 614.295pt x 794.97pt>
File: ../v122/paper.pdf Graphic file (type pdf)
<use ../v122/paper.pdf, page 75>
Package pdftex.def Info: ../v122/paper.pdf , page75 used on input line 43.
(pdftex.def)             Requested size: 614.58406pt x 795.3441pt.
File: ../v122/paper.pdf Graphic file (type pdf)
<use ../v122/paper.pdf, page 75>
Package pdftex.def Info: ../v122/paper.pdf , page75 used on input line 43.
(pdftex.def)             Requested size: 614.58406pt x 795.3441pt.
File: ../v122/paper.pdf Graphic file (type pdf)
<use ../v122/paper.pdf, page 75>
Package pdftex.def Info: ../v122/paper.pdf , page75 used on input line 43.
(pdftex.def)             Requested size: 614.58406pt x 795.3441pt.
 [92

 <../v122/paper.pdf>]
<../v122/paper.pdf, id=751, page=76, 614.295pt x 794.97pt>
File: ../v122/paper.pdf Graphic file (type pdf)
<use ../v122/paper.pdf, page 76>
Package pdftex.def Info: ../v122/paper.pdf , page76 used on input line 43.
(pdftex.def)             Requested size: 614.58406pt x 795.3441pt.
File: ../v122/paper.pdf Graphic file (type pdf)
<use ../v122/paper.pdf, page 76>
Package pdftex.def Info: ../v122/paper.pdf , page76 used on input line 43.
(pdftex.def)             Requested size: 614.58406pt x 795.3441pt.
File: ../v122/paper.pdf Graphic file (type pdf)
<use ../v122/paper.pdf, page 76>
Package pdftex.def Info: ../v122/paper.pdf , page76 used on input line 43.
(pdftex.def)             Requested size: 614.58406pt x 795.3441pt.

[93

 <../v122/paper.pdf>]
<../v122/paper.pdf, id=756, page=77, 614.295pt x 794.97pt>
File: ../v122/paper.pdf Graphic file (type pdf)
<use ../v122/paper.pdf, page 77>
Package pdftex.def Info: ../v122/paper.pdf , page77 used on input line 43.
(pdftex.def)             Requested size: 614.58406pt x 795.3441pt.
File: ../v122/paper.pdf Graphic file (type pdf)
<use ../v122/paper.pdf, page 77>
Package pdftex.def Info: ../v122/paper.pdf , page77 used on input line 43.
(pdftex.def)             Requested size: 614.58406pt x 795.3441pt.
File: ../v122/paper.pdf Graphic file (type pdf)
<use ../v122/paper.pdf, page 77>
Package pdftex.def Info: ../v122/paper.pdf , page77 used on input line 43.
(pdftex.def)             Requested size: 614.58406pt x 795.3441pt.
 [94

 <../v122/paper.pdf>]
<../v122/paper.pdf, id=761, page=78, 614.295pt x 794.97pt>
File: ../v122/paper.pdf Graphic file (type pdf)
<use ../v122/paper.pdf, page 78>
Package pdftex.def Info: ../v122/paper.pdf , page78 used on input line 43.
(pdftex.def)             Requested size: 614.58406pt x 795.3441pt.
File: ../v122/paper.pdf Graphic file (type pdf)
<use ../v122/paper.pdf, page 78>
Package pdftex.def Info: ../v122/paper.pdf , page78 used on input line 43.
(pdftex.def)             Requested size: 614.58406pt x 795.3441pt.
File: ../v122/paper.pdf Graphic file (type pdf)
<use ../v122/paper.pdf, page 78>
Package pdftex.def Info: ../v122/paper.pdf , page78 used on input line 43.
(pdftex.def)             Requested size: 614.58406pt x 795.3441pt.
 [95

 <../v122/paper.pdf>]
<../v122/paper.pdf, id=766, page=79, 614.295pt x 794.97pt>
File: ../v122/paper.pdf Graphic file (type pdf)
<use ../v122/paper.pdf, page 79>
Package pdftex.def Info: ../v122/paper.pdf , page79 used on input line 43.
(pdftex.def)             Requested size: 614.58406pt x 795.3441pt.
File: ../v122/paper.pdf Graphic file (type pdf)
<use ../v122/paper.pdf, page 79>
Package pdftex.def Info: ../v122/paper.pdf , page79 used on input line 43.
(pdftex.def)             Requested size: 614.58406pt x 795.3441pt.
File: ../v122/paper.pdf Graphic file (type pdf)
<use ../v122/paper.pdf, page 79>
Package pdftex.def Info: ../v122/paper.pdf , page79 used on input line 43.
(pdftex.def)             Requested size: 614.58406pt x 795.3441pt.

[96

 <../v122/paper.pdf>]
<../v122/paper.pdf, id=771, page=80, 614.295pt x 794.97pt>
File: ../v122/paper.pdf Graphic file (type pdf)
<use ../v122/paper.pdf, page 80>
Package pdftex.def Info: ../v122/paper.pdf , page80 used on input line 43.
(pdftex.def)             Requested size: 614.58406pt x 795.3441pt.
File: ../v122/paper.pdf Graphic file (type pdf)
<use ../v122/paper.pdf, page 80>
Package pdftex.def Info: ../v122/paper.pdf , page80 used on input line 43.
(pdftex.def)             Requested size: 614.58406pt x 795.3441pt.
File: ../v122/paper.pdf Graphic file (type pdf)
<use ../v122/paper.pdf, page 80>
Package pdftex.def Info: ../v122/paper.pdf , page80 used on input line 43.
(pdftex.def)             Requested size: 614.58406pt x 795.3441pt.
 [97

 <../v122/paper.pdf>]
<../v122/paper.pdf, id=777, page=81, 614.295pt x 794.97pt>
File: ../v122/paper.pdf Graphic file (type pdf)
<use ../v122/paper.pdf, page 81>
Package pdftex.def Info: ../v122/paper.pdf , page81 used on input line 43.
(pdftex.def)             Requested size: 614.58406pt x 795.3441pt.
File: ../v122/paper.pdf Graphic file (type pdf)
<use ../v122/paper.pdf, page 81>
Package pdftex.def Info: ../v122/paper.pdf , page81 used on input line 43.
(pdftex.def)             Requested size: 614.58406pt x 795.3441pt.
File: ../v122/paper.pdf Graphic file (type pdf)
<use ../v122/paper.pdf, page 81>
Package pdftex.def Info: ../v122/paper.pdf , page81 used on input line 43.
(pdftex.def)             Requested size: 614.58406pt x 795.3441pt.
 [98

 <../v122/paper.pdf>]
<../v122/paper.pdf, id=782, page=82, 614.295pt x 794.97pt>
File: ../v122/paper.pdf Graphic file (type pdf)
<use ../v122/paper.pdf, page 82>
Package pdftex.def Info: ../v122/paper.pdf , page82 used on input line 43.
(pdftex.def)             Requested size: 614.58406pt x 795.3441pt.
File: ../v122/paper.pdf Graphic file (type pdf)
<use ../v122/paper.pdf, page 82>
Package pdftex.def Info: ../v122/paper.pdf , page82 used on input line 43.
(pdftex.def)             Requested size: 614.58406pt x 795.3441pt.
File: ../v122/paper.pdf Graphic file (type pdf)
<use ../v122/paper.pdf, page 82>
Package pdftex.def Info: ../v122/paper.pdf , page82 used on input line 43.
(pdftex.def)             Requested size: 614.58406pt x 795.3441pt.

[99

 <../v122/paper.pdf>]
<../v122/paper.pdf, id=787, page=83, 614.295pt x 794.97pt>
File: ../v122/paper.pdf Graphic file (type pdf)
<use ../v122/paper.pdf, page 83>
Package pdftex.def Info: ../v122/paper.pdf , page83 used on input line 43.
(pdftex.def)             Requested size: 614.58406pt x 795.3441pt.
File: ../v122/paper.pdf Graphic file (type pdf)
<use ../v122/paper.pdf, page 83>
Package pdftex.def Info: ../v122/paper.pdf , page83 used on input line 43.
(pdftex.def)             Requested size: 614.58406pt x 795.3441pt.
File: ../v122/paper.pdf Graphic file (type pdf)
<use ../v122/paper.pdf, page 83>
Package pdftex.def Info: ../v122/paper.pdf , page83 used on input line 43.
(pdftex.def)             Requested size: 614.58406pt x 795.3441pt.
 [100

 <../v122/paper.pdf>]
<../v122/paper.pdf, id=792, page=84, 614.295pt x 794.97pt>
File: ../v122/paper.pdf Graphic file (type pdf)
<use ../v122/paper.pdf, page 84>
Package pdftex.def Info: ../v122/paper.pdf , page84 used on input line 43.
(pdftex.def)             Requested size: 614.58406pt x 795.3441pt.
File: ../v122/paper.pdf Graphic file (type pdf)
<use ../v122/paper.pdf, page 84>
Package pdftex.def Info: ../v122/paper.pdf , page84 used on input line 43.
(pdftex.def)             Requested size: 614.58406pt x 795.3441pt.
File: ../v122/paper.pdf Graphic file (type pdf)
<use ../v122/paper.pdf, page 84>
Package pdftex.def Info: ../v122/paper.pdf , page84 used on input line 43.
(pdftex.def)             Requested size: 614.58406pt x 795.3441pt.
 [101

 <../v122/paper.pdf>]
<../v122/paper.pdf, id=797, page=85, 614.295pt x 794.97pt>
File: ../v122/paper.pdf Graphic file (type pdf)
<use ../v122/paper.pdf, page 85>
Package pdftex.def Info: ../v122/paper.pdf , page85 used on input line 43.
(pdftex.def)             Requested size: 614.58406pt x 795.3441pt.
File: ../v122/paper.pdf Graphic file (type pdf)
<use ../v122/paper.pdf, page 85>
Package pdftex.def Info: ../v122/paper.pdf , page85 used on input line 43.
(pdftex.def)             Requested size: 614.58406pt x 795.3441pt.
File: ../v122/paper.pdf Graphic file (type pdf)
<use ../v122/paper.pdf, page 85>
Package pdftex.def Info: ../v122/paper.pdf , page85 used on input line 43.
(pdftex.def)             Requested size: 614.58406pt x 795.3441pt.

[102

 <../v122/paper.pdf>]
<../v122/paper.pdf, id=802, page=86, 614.295pt x 794.97pt>
File: ../v122/paper.pdf Graphic file (type pdf)
<use ../v122/paper.pdf, page 86>
Package pdftex.def Info: ../v122/paper.pdf , page86 used on input line 43.
(pdftex.def)             Requested size: 614.58406pt x 795.3441pt.
File: ../v122/paper.pdf Graphic file (type pdf)
<use ../v122/paper.pdf, page 86>
Package pdftex.def Info: ../v122/paper.pdf , page86 used on input line 43.
(pdftex.def)             Requested size: 614.58406pt x 795.3441pt.
File: ../v122/paper.pdf Graphic file (type pdf)
<use ../v122/paper.pdf, page 86>
Package pdftex.def Info: ../v122/paper.pdf , page86 used on input line 43.
(pdftex.def)             Requested size: 614.58406pt x 795.3441pt.
 [103

 <../v122/paper.pdf>]
<../v122/paper.pdf, id=808, page=87, 614.295pt x 794.97pt>
File: ../v122/paper.pdf Graphic file (type pdf)
<use ../v122/paper.pdf, page 87>
Package pdftex.def Info: ../v122/paper.pdf , page87 used on input line 43.
(pdftex.def)             Requested size: 614.58406pt x 795.3441pt.
File: ../v122/paper.pdf Graphic file (type pdf)
<use ../v122/paper.pdf, page 87>
Package pdftex.def Info: ../v122/paper.pdf , page87 used on input line 43.
(pdftex.def)             Requested size: 614.58406pt x 795.3441pt.
File: ../v122/paper.pdf Graphic file (type pdf)
<use ../v122/paper.pdf, page 87>
Package pdftex.def Info: ../v122/paper.pdf , page87 used on input line 43.
(pdftex.def)             Requested size: 614.58406pt x 795.3441pt.
 [104

 <../v122/paper.pdf>]
<../v122/paper.pdf, id=813, page=88, 614.295pt x 794.97pt>
File: ../v122/paper.pdf Graphic file (type pdf)
<use ../v122/paper.pdf, page 88>
Package pdftex.def Info: ../v122/paper.pdf , page88 used on input line 43.
(pdftex.def)             Requested size: 614.58406pt x 795.3441pt.
File: ../v122/paper.pdf Graphic file (type pdf)
<use ../v122/paper.pdf, page 88>
Package pdftex.def Info: ../v122/paper.pdf , page88 used on input line 43.
(pdftex.def)             Requested size: 614.58406pt x 795.3441pt.
File: ../v122/paper.pdf Graphic file (type pdf)
<use ../v122/paper.pdf, page 88>
Package pdftex.def Info: ../v122/paper.pdf , page88 used on input line 43.
(pdftex.def)             Requested size: 614.58406pt x 795.3441pt.

[105

 <../v122/paper.pdf>]
<../v122/paper.pdf, id=818, page=89, 614.295pt x 794.97pt>
File: ../v122/paper.pdf Graphic file (type pdf)
<use ../v122/paper.pdf, page 89>
Package pdftex.def Info: ../v122/paper.pdf , page89 used on input line 43.
(pdftex.def)             Requested size: 614.58406pt x 795.3441pt.
File: ../v122/paper.pdf Graphic file (type pdf)
<use ../v122/paper.pdf, page 89>
Package pdftex.def Info: ../v122/paper.pdf , page89 used on input line 43.
(pdftex.def)             Requested size: 614.58406pt x 795.3441pt.
File: ../v122/paper.pdf Graphic file (type pdf)
<use ../v122/paper.pdf, page 89>
Package pdftex.def Info: ../v122/paper.pdf , page89 used on input line 43.
(pdftex.def)             Requested size: 614.58406pt x 795.3441pt.
 [106

 <../v122/paper.pdf>]
<../v122/paper.pdf, id=823, page=90, 614.295pt x 794.97pt>
File: ../v122/paper.pdf Graphic file (type pdf)
<use ../v122/paper.pdf, page 90>
Package pdftex.def Info: ../v122/paper.pdf , page90 used on input line 43.
(pdftex.def)             Requested size: 614.58406pt x 795.3441pt.
File: ../v122/paper.pdf Graphic file (type pdf)
<use ../v122/paper.pdf, page 90>
Package pdftex.def Info: ../v122/paper.pdf , page90 used on input line 43.
(pdftex.def)             Requested size: 614.58406pt x 795.3441pt.
File: ../v122/paper.pdf Graphic file (type pdf)
<use ../v122/paper.pdf, page 90>
Package pdftex.def Info: ../v122/paper.pdf , page90 used on input line 43.
(pdftex.def)             Requested size: 614.58406pt x 795.3441pt.
 [107

 <../v122/paper.pdf>]
<../v122/paper.pdf, id=828, page=91, 614.295pt x 794.97pt>
File: ../v122/paper.pdf Graphic file (type pdf)
<use ../v122/paper.pdf, page 91>
Package pdftex.def Info: ../v122/paper.pdf , page91 used on input line 43.
(pdftex.def)             Requested size: 614.58406pt x 795.3441pt.
File: ../v122/paper.pdf Graphic file (type pdf)
<use ../v122/paper.pdf, page 91>
Package pdftex.def Info: ../v122/paper.pdf , page91 used on input line 43.
(pdftex.def)             Requested size: 614.58406pt x 795.3441pt.
File: ../v122/paper.pdf Graphic file (type pdf)
<use ../v122/paper.pdf, page 91>
Package pdftex.def Info: ../v122/paper.pdf , page91 used on input line 43.
(pdftex.def)             Requested size: 614.58406pt x 795.3441pt.

[108

 <../v122/paper.pdf>]
<../v122/paper.pdf, id=833, page=92, 614.295pt x 794.97pt>
File: ../v122/paper.pdf Graphic file (type pdf)
<use ../v122/paper.pdf, page 92>
Package pdftex.def Info: ../v122/paper.pdf , page92 used on input line 43.
(pdftex.def)             Requested size: 614.58406pt x 795.3441pt.
File: ../v122/paper.pdf Graphic file (type pdf)
<use ../v122/paper.pdf, page 92>
Package pdftex.def Info: ../v122/paper.pdf , page92 used on input line 43.
(pdftex.def)             Requested size: 614.58406pt x 795.3441pt.
File: ../v122/paper.pdf Graphic file (type pdf)
<use ../v122/paper.pdf, page 92>
Package pdftex.def Info: ../v122/paper.pdf , page92 used on input line 43.
(pdftex.def)             Requested size: 614.58406pt x 795.3441pt.
 [109

 <../v122/paper.pdf>]
<../v122/paper.pdf, id=839, page=93, 614.295pt x 794.97pt>
File: ../v122/paper.pdf Graphic file (type pdf)
<use ../v122/paper.pdf, page 93>
Package pdftex.def Info: ../v122/paper.pdf , page93 used on input line 43.
(pdftex.def)             Requested size: 614.58406pt x 795.3441pt.
File: ../v122/paper.pdf Graphic file (type pdf)
<use ../v122/paper.pdf, page 93>
Package pdftex.def Info: ../v122/paper.pdf , page93 used on input line 43.
(pdftex.def)             Requested size: 614.58406pt x 795.3441pt.
File: ../v122/paper.pdf Graphic file (type pdf)
<use ../v122/paper.pdf, page 93>
Package pdftex.def Info: ../v122/paper.pdf , page93 used on input line 43.
(pdftex.def)             Requested size: 614.58406pt x 795.3441pt.
 [110

 <../v122/paper.pdf>]
<../v122/paper.pdf, id=844, page=94, 614.295pt x 794.97pt>
File: ../v122/paper.pdf Graphic file (type pdf)
<use ../v122/paper.pdf, page 94>
Package pdftex.def Info: ../v122/paper.pdf , page94 used on input line 43.
(pdftex.def)             Requested size: 614.58406pt x 795.3441pt.
File: ../v122/paper.pdf Graphic file (type pdf)
<use ../v122/paper.pdf, page 94>
Package pdftex.def Info: ../v122/paper.pdf , page94 used on input line 43.
(pdftex.def)             Requested size: 614.58406pt x 795.3441pt.
File: ../v122/paper.pdf Graphic file (type pdf)
<use ../v122/paper.pdf, page 94>
Package pdftex.def Info: ../v122/paper.pdf , page94 used on input line 43.
(pdftex.def)             Requested size: 614.58406pt x 795.3441pt.

[111

 <../v122/paper.pdf>]
<../v122/paper.pdf, id=849, page=95, 614.295pt x 794.97pt>
File: ../v122/paper.pdf Graphic file (type pdf)
<use ../v122/paper.pdf, page 95>
Package pdftex.def Info: ../v122/paper.pdf , page95 used on input line 43.
(pdftex.def)             Requested size: 614.58406pt x 795.3441pt.
File: ../v122/paper.pdf Graphic file (type pdf)
<use ../v122/paper.pdf, page 95>
Package pdftex.def Info: ../v122/paper.pdf , page95 used on input line 43.
(pdftex.def)             Requested size: 614.58406pt x 795.3441pt.
File: ../v122/paper.pdf Graphic file (type pdf)
<use ../v122/paper.pdf, page 95>
Package pdftex.def Info: ../v122/paper.pdf , page95 used on input line 43.
(pdftex.def)             Requested size: 614.58406pt x 795.3441pt.
 [112

 <../v122/paper.pdf>]
<../v122/paper.pdf, id=854, page=96, 614.295pt x 794.97pt>
File: ../v122/paper.pdf Graphic file (type pdf)
<use ../v122/paper.pdf, page 96>
Package pdftex.def Info: ../v122/paper.pdf , page96 used on input line 43.
(pdftex.def)             Requested size: 614.58406pt x 795.3441pt.
File: ../v122/paper.pdf Graphic file (type pdf)
<use ../v122/paper.pdf, page 96>
Package pdftex.def Info: ../v122/paper.pdf , page96 used on input line 43.
(pdftex.def)             Requested size: 614.58406pt x 795.3441pt.
File: ../v122/paper.pdf Graphic file (type pdf)
<use ../v122/paper.pdf, page 96>
Package pdftex.def Info: ../v122/paper.pdf , page96 used on input line 43.
(pdftex.def)             Requested size: 614.58406pt x 795.3441pt.
 [113

 <../v122/paper.pdf>]
<../v122/paper.pdf, id=859, page=97, 614.295pt x 794.97pt>
File: ../v122/paper.pdf Graphic file (type pdf)
<use ../v122/paper.pdf, page 97>
Package pdftex.def Info: ../v122/paper.pdf , page97 used on input line 43.
(pdftex.def)             Requested size: 614.58406pt x 795.3441pt.
File: ../v122/paper.pdf Graphic file (type pdf)
<use ../v122/paper.pdf, page 97>
Package pdftex.def Info: ../v122/paper.pdf , page97 used on input line 43.
(pdftex.def)             Requested size: 614.58406pt x 795.3441pt.
File: ../v122/paper.pdf Graphic file (type pdf)
<use ../v122/paper.pdf, page 97>
Package pdftex.def Info: ../v122/paper.pdf , page97 used on input line 43.
(pdftex.def)             Requested size: 614.58406pt x 795.3441pt.

[114

 <../v122/paper.pdf>]
<../v122/paper.pdf, id=871, page=98, 614.295pt x 794.97pt>
File: ../v122/paper.pdf Graphic file (type pdf)
<use ../v122/paper.pdf, page 98>
Package pdftex.def Info: ../v122/paper.pdf , page98 used on input line 43.
(pdftex.def)             Requested size: 614.58406pt x 795.3441pt.
File: ../v122/paper.pdf Graphic file (type pdf)
<use ../v122/paper.pdf, page 98>
Package pdftex.def Info: ../v122/paper.pdf , page98 used on input line 43.
(pdftex.def)             Requested size: 614.58406pt x 795.3441pt.
File: ../v122/paper.pdf Graphic file (type pdf)
<use ../v122/paper.pdf, page 98>
Package pdftex.def Info: ../v122/paper.pdf , page98 used on input line 43.
(pdftex.def)             Requested size: 614.58406pt x 795.3441pt.
 [115

 <../v122/paper.pdf>]
<../v122/paper.pdf, id=877, page=99, 614.295pt x 794.97pt>
File: ../v122/paper.pdf Graphic file (type pdf)
<use ../v122/paper.pdf, page 99>
Package pdftex.def Info: ../v122/paper.pdf , page99 used on input line 43.
(pdftex.def)             Requested size: 614.58406pt x 795.3441pt.
File: ../v122/paper.pdf Graphic file (type pdf)
<use ../v122/paper.pdf, page 99>
Package pdftex.def Info: ../v122/paper.pdf , page99 used on input line 43.
(pdftex.def)             Requested size: 614.58406pt x 795.3441pt.
File: ../v122/paper.pdf Graphic file (type pdf)
<use ../v122/paper.pdf, page 99>
Package pdftex.def Info: ../v122/paper.pdf , page99 used on input line 43.
(pdftex.def)             Requested size: 614.58406pt x 795.3441pt.
 [116

 <../v122/paper.pdf>]
<../v122/paper.pdf, id=882, page=100, 614.295pt x 794.97pt>
File: ../v122/paper.pdf Graphic file (type pdf)
<use ../v122/paper.pdf, page 100>
Package pdftex.def Info: ../v122/paper.pdf , page100 used on input line 43.
(pdftex.def)             Requested size: 614.58406pt x 795.3441pt.
File: ../v122/paper.pdf Graphic file (type pdf)
<use ../v122/paper.pdf, page 100>
Package pdftex.def Info: ../v122/paper.pdf , page100 used on input line 43.
(pdftex.def)             Requested size: 614.58406pt x 795.3441pt.
File: ../v122/paper.pdf Graphic file (type pdf)
<use ../v122/paper.pdf, page 100>
Package pdftex.def Info: ../v122/paper.pdf , page100 used on input line 43.
(pdftex.def)             Requested size: 614.58406pt x 795.3441pt.

[117

 <../v122/paper.pdf>]
<../v122/paper.pdf, id=887, page=101, 614.295pt x 794.97pt>
File: ../v122/paper.pdf Graphic file (type pdf)
<use ../v122/paper.pdf, page 101>
Package pdftex.def Info: ../v122/paper.pdf , page101 used on input line 43.
(pdftex.def)             Requested size: 614.58406pt x 795.3441pt.
File: ../v122/paper.pdf Graphic file (type pdf)
<use ../v122/paper.pdf, page 101>
Package pdftex.def Info: ../v122/paper.pdf , page101 used on input line 43.
(pdftex.def)             Requested size: 614.58406pt x 795.3441pt.
File: ../v122/paper.pdf Graphic file (type pdf)
<use ../v122/paper.pdf, page 101>
Package pdftex.def Info: ../v122/paper.pdf , page101 used on input line 43.
(pdftex.def)             Requested size: 614.58406pt x 795.3441pt.
 [118

 <../v122/paper.pdf>]
<../v122/paper.pdf, id=904, page=102, 614.295pt x 794.97pt>
File: ../v122/paper.pdf Graphic file (type pdf)
<use ../v122/paper.pdf, page 102>
Package pdftex.def Info: ../v122/paper.pdf , page102 used on input line 43.
(pdftex.def)             Requested size: 614.58406pt x 795.3441pt.
File: ../v122/paper.pdf Graphic file (type pdf)
<use ../v122/paper.pdf, page 102>
Package pdftex.def Info: ../v122/paper.pdf , page102 used on input line 43.
(pdftex.def)             Requested size: 614.58406pt x 795.3441pt.
File: ../v122/paper.pdf Graphic file (type pdf)
<use ../v122/paper.pdf, page 102>
Package pdftex.def Info: ../v122/paper.pdf , page102 used on input line 43.
(pdftex.def)             Requested size: 614.58406pt x 795.3441pt.
 [119

 <../v122/paper.pdf>]
<../v122/paper.pdf, id=915, page=103, 614.295pt x 794.97pt>
File: ../v122/paper.pdf Graphic file (type pdf)
<use ../v122/paper.pdf, page 103>
Package pdftex.def Info: ../v122/paper.pdf , page103 used on input line 43.
(pdftex.def)             Requested size: 614.58406pt x 795.3441pt.
File: ../v122/paper.pdf Graphic file (type pdf)
<use ../v122/paper.pdf, page 103>
Package pdftex.def Info: ../v122/paper.pdf , page103 used on input line 43.
(pdftex.def)             Requested size: 614.58406pt x 795.3441pt.
File: ../v122/paper.pdf Graphic file (type pdf)
<use ../v122/paper.pdf, page 103>
Package pdftex.def Info: ../v122/paper.pdf , page103 used on input line 43.
(pdftex.def)             Requested size: 614.58406pt x 795.3441pt.

[120

 <../v122/paper.pdf>]
<../v122/paper.pdf, id=920, page=104, 614.295pt x 794.97pt>
File: ../v122/paper.pdf Graphic file (type pdf)
<use ../v122/paper.pdf, page 104>
Package pdftex.def Info: ../v122/paper.pdf , page104 used on input line 43.
(pdftex.def)             Requested size: 614.58406pt x 795.3441pt.
File: ../v122/paper.pdf Graphic file (type pdf)
<use ../v122/paper.pdf, page 104>
Package pdftex.def Info: ../v122/paper.pdf , page104 used on input line 43.
(pdftex.def)             Requested size: 614.58406pt x 795.3441pt.
File: ../v122/paper.pdf Graphic file (type pdf)
<use ../v122/paper.pdf, page 104>
Package pdftex.def Info: ../v122/paper.pdf , page104 used on input line 43.
(pdftex.def)             Requested size: 614.58406pt x 795.3441pt.
 [121

 <../v122/paper.pdf>]
<../v122/paper.pdf, id=926, page=105, 614.295pt x 794.97pt>
File: ../v122/paper.pdf Graphic file (type pdf)
<use ../v122/paper.pdf, page 105>
Package pdftex.def Info: ../v122/paper.pdf , page105 used on input line 43.
(pdftex.def)             Requested size: 614.58406pt x 795.3441pt.
File: ../v122/paper.pdf Graphic file (type pdf)
<use ../v122/paper.pdf, page 105>
Package pdftex.def Info: ../v122/paper.pdf , page105 used on input line 43.
(pdftex.def)             Requested size: 614.58406pt x 795.3441pt.
File: ../v122/paper.pdf Graphic file (type pdf)
<use ../v122/paper.pdf, page 105>
Package pdftex.def Info: ../v122/paper.pdf , page105 used on input line 43.
(pdftex.def)             Requested size: 614.58406pt x 795.3441pt.
 [122

 <../v122/paper.pdf>]
<../v122/paper.pdf, id=931, page=106, 614.295pt x 794.97pt>
File: ../v122/paper.pdf Graphic file (type pdf)
<use ../v122/paper.pdf, page 106>
Package pdftex.def Info: ../v122/paper.pdf , page106 used on input line 43.
(pdftex.def)             Requested size: 614.58406pt x 795.3441pt.
File: ../v122/paper.pdf Graphic file (type pdf)
<use ../v122/paper.pdf, page 106>
Package pdftex.def Info: ../v122/paper.pdf , page106 used on input line 43.
(pdftex.def)             Requested size: 614.58406pt x 795.3441pt.
File: ../v122/paper.pdf Graphic file (type pdf)
<use ../v122/paper.pdf, page 106>
Package pdftex.def Info: ../v122/paper.pdf , page106 used on input line 43.
(pdftex.def)             Requested size: 614.58406pt x 795.3441pt.

[123

 <../v122/paper.pdf>]
<../v122/paper.pdf, id=936, page=107, 614.295pt x 794.97pt>
File: ../v122/paper.pdf Graphic file (type pdf)
<use ../v122/paper.pdf, page 107>
Package pdftex.def Info: ../v122/paper.pdf , page107 used on input line 43.
(pdftex.def)             Requested size: 614.58406pt x 795.3441pt.
File: ../v122/paper.pdf Graphic file (type pdf)
<use ../v122/paper.pdf, page 107>
Package pdftex.def Info: ../v122/paper.pdf , page107 used on input line 43.
(pdftex.def)             Requested size: 614.58406pt x 795.3441pt.
File: ../v122/paper.pdf Graphic file (type pdf)
<use ../v122/paper.pdf, page 107>
Package pdftex.def Info: ../v122/paper.pdf , page107 used on input line 43.
(pdftex.def)             Requested size: 614.58406pt x 795.3441pt.
 [124

 <../v122/paper.pdf>]
<../v122/paper.pdf, id=941, page=108, 614.295pt x 794.97pt>
File: ../v122/paper.pdf Graphic file (type pdf)
<use ../v122/paper.pdf, page 108>
Package pdftex.def Info: ../v122/paper.pdf , page108 used on input line 43.
(pdftex.def)             Requested size: 614.58406pt x 795.3441pt.
File: ../v122/paper.pdf Graphic file (type pdf)
<use ../v122/paper.pdf, page 108>
Package pdftex.def Info: ../v122/paper.pdf , page108 used on input line 43.
(pdftex.def)             Requested size: 614.58406pt x 795.3441pt.
File: ../v122/paper.pdf Graphic file (type pdf)
<use ../v122/paper.pdf, page 108>
Package pdftex.def Info: ../v122/paper.pdf , page108 used on input line 43.
(pdftex.def)             Requested size: 614.58406pt x 795.3441pt.
 [125

 <../v122/paper.pdf>]
<../v122/paper.pdf, id=946, page=109, 614.295pt x 794.97pt>
File: ../v122/paper.pdf Graphic file (type pdf)
<use ../v122/paper.pdf, page 109>
Package pdftex.def Info: ../v122/paper.pdf , page109 used on input line 43.
(pdftex.def)             Requested size: 614.58406pt x 795.3441pt.
File: ../v122/paper.pdf Graphic file (type pdf)
<use ../v122/paper.pdf, page 109>
Package pdftex.def Info: ../v122/paper.pdf , page109 used on input line 43.
(pdftex.def)             Requested size: 614.58406pt x 795.3441pt.
File: ../v122/paper.pdf Graphic file (type pdf)
<use ../v122/paper.pdf, page 109>
Package pdftex.def Info: ../v122/paper.pdf , page109 used on input line 43.
(pdftex.def)             Requested size: 614.58406pt x 795.3441pt.

[126

 <../v122/paper.pdf>]
<../v122/paper.pdf, id=951, page=110, 614.295pt x 794.97pt>
File: ../v122/paper.pdf Graphic file (type pdf)
<use ../v122/paper.pdf, page 110>
Package pdftex.def Info: ../v122/paper.pdf , page110 used on input line 43.
(pdftex.def)             Requested size: 614.58406pt x 795.3441pt.
File: ../v122/paper.pdf Graphic file (type pdf)
<use ../v122/paper.pdf, page 110>
Package pdftex.def Info: ../v122/paper.pdf , page110 used on input line 43.
(pdftex.def)             Requested size: 614.58406pt x 795.3441pt.
File: ../v122/paper.pdf Graphic file (type pdf)
<use ../v122/paper.pdf, page 110>
Package pdftex.def Info: ../v122/paper.pdf , page110 used on input line 43.
(pdftex.def)             Requested size: 614.58406pt x 795.3441pt.
 [127

 <../v122/paper.pdf>]
<../v122/paper.pdf, id=957, page=111, 614.295pt x 794.97pt>
File: ../v122/paper.pdf Graphic file (type pdf)
<use ../v122/paper.pdf, page 111>
Package pdftex.def Info: ../v122/paper.pdf , page111 used on input line 43.
(pdftex.def)             Requested size: 614.58406pt x 795.3441pt.
File: ../v122/paper.pdf Graphic file (type pdf)
<use ../v122/paper.pdf, page 111>
Package pdftex.def Info: ../v122/paper.pdf , page111 used on input line 43.
(pdftex.def)             Requested size: 614.58406pt x 795.3441pt.
File: ../v122/paper.pdf Graphic file (type pdf)
<use ../v122/paper.pdf, page 111>
Package pdftex.def Info: ../v122/paper.pdf , page111 used on input line 43.
(pdftex.def)             Requested size: 614.58406pt x 795.3441pt.
 [128

 <../v122/paper.pdf>]
<../v122/paper.pdf, id=962, page=112, 614.295pt x 794.97pt>
File: ../v122/paper.pdf Graphic file (type pdf)
<use ../v122/paper.pdf, page 112>
Package pdftex.def Info: ../v122/paper.pdf , page112 used on input line 43.
(pdftex.def)             Requested size: 614.58406pt x 795.3441pt.
File: ../v122/paper.pdf Graphic file (type pdf)
<use ../v122/paper.pdf, page 112>
Package pdftex.def Info: ../v122/paper.pdf , page112 used on input line 43.
(pdftex.def)             Requested size: 614.58406pt x 795.3441pt.
File: ../v122/paper.pdf Graphic file (type pdf)
<use ../v122/paper.pdf, page 112>
Package pdftex.def Info: ../v122/paper.pdf , page112 used on input line 43.
(pdftex.def)             Requested size: 614.58406pt x 795.3441pt.

[129

 <../v122/paper.pdf>]
<../v122/paper.pdf, id=967, page=113, 614.295pt x 794.97pt>
File: ../v122/paper.pdf Graphic file (type pdf)
<use ../v122/paper.pdf, page 113>
Package pdftex.def Info: ../v122/paper.pdf , page113 used on input line 43.
(pdftex.def)             Requested size: 614.58406pt x 795.3441pt.
File: ../v122/paper.pdf Graphic file (type pdf)
<use ../v122/paper.pdf, page 113>
Package pdftex.def Info: ../v122/paper.pdf , page113 used on input line 43.
(pdftex.def)             Requested size: 614.58406pt x 795.3441pt.
File: ../v122/paper.pdf Graphic file (type pdf)
<use ../v122/paper.pdf, page 113>
Package pdftex.def Info: ../v122/paper.pdf , page113 used on input line 43.
(pdftex.def)             Requested size: 614.58406pt x 795.3441pt.
 [130

 <../v122/paper.pdf>]
<../v122/paper.pdf, id=972, page=114, 614.295pt x 794.97pt>
File: ../v122/paper.pdf Graphic file (type pdf)
<use ../v122/paper.pdf, page 114>
Package pdftex.def Info: ../v122/paper.pdf , page114 used on input line 43.
(pdftex.def)             Requested size: 614.58406pt x 795.3441pt.
File: ../v122/paper.pdf Graphic file (type pdf)
<use ../v122/paper.pdf, page 114>
Package pdftex.def Info: ../v122/paper.pdf , page114 used on input line 43.
(pdftex.def)             Requested size: 614.58406pt x 795.3441pt.
File: ../v122/paper.pdf Graphic file (type pdf)
<use ../v122/paper.pdf, page 114>
Package pdftex.def Info: ../v122/paper.pdf , page114 used on input line 43.
(pdftex.def)             Requested size: 614.58406pt x 795.3441pt.
 [131

 <../v122/paper.pdf>]
<../v122/paper.pdf, id=977, page=115, 614.295pt x 794.97pt>
File: ../v122/paper.pdf Graphic file (type pdf)
<use ../v122/paper.pdf, page 115>
Package pdftex.def Info: ../v122/paper.pdf , page115 used on input line 43.
(pdftex.def)             Requested size: 614.58406pt x 795.3441pt.
File: ../v122/paper.pdf Graphic file (type pdf)
<use ../v122/paper.pdf, page 115>
Package pdftex.def Info: ../v122/paper.pdf , page115 used on input line 43.
(pdftex.def)             Requested size: 614.58406pt x 795.3441pt.
File: ../v122/paper.pdf Graphic file (type pdf)
<use ../v122/paper.pdf, page 115>
Package pdftex.def Info: ../v122/paper.pdf , page115 used on input line 43.
(pdftex.def)             Requested size: 614.58406pt x 795.3441pt.

[132

 <../v122/paper.pdf>]
<../v122/paper.pdf, id=982, page=116, 614.295pt x 794.97pt>
File: ../v122/paper.pdf Graphic file (type pdf)
<use ../v122/paper.pdf, page 116>
Package pdftex.def Info: ../v122/paper.pdf , page116 used on input line 43.
(pdftex.def)             Requested size: 614.58406pt x 795.3441pt.
File: ../v122/paper.pdf Graphic file (type pdf)
<use ../v122/paper.pdf, page 116>
Package pdftex.def Info: ../v122/paper.pdf , page116 used on input line 43.
(pdftex.def)             Requested size: 614.58406pt x 795.3441pt.
File: ../v122/paper.pdf Graphic file (type pdf)
<use ../v122/paper.pdf, page 116>
Package pdftex.def Info: ../v122/paper.pdf , page116 used on input line 43.
(pdftex.def)             Requested size: 614.58406pt x 795.3441pt.
 [133

 <../v122/paper.pdf>]
<../v122/paper.pdf, id=988, page=117, 614.295pt x 794.97pt>
File: ../v122/paper.pdf Graphic file (type pdf)
<use ../v122/paper.pdf, page 117>
Package pdftex.def Info: ../v122/paper.pdf , page117 used on input line 43.
(pdftex.def)             Requested size: 614.58406pt x 795.3441pt.
File: ../v122/paper.pdf Graphic file (type pdf)
<use ../v122/paper.pdf, page 117>
Package pdftex.def Info: ../v122/paper.pdf , page117 used on input line 43.
(pdftex.def)             Requested size: 614.58406pt x 795.3441pt.
File: ../v122/paper.pdf Graphic file (type pdf)
<use ../v122/paper.pdf, page 117>
Package pdftex.def Info: ../v122/paper.pdf , page117 used on input line 43.
(pdftex.def)             Requested size: 614.58406pt x 795.3441pt.
 [134

 <../v122/paper.pdf>]
<../v122/paper.pdf, id=993, page=118, 614.295pt x 794.97pt>
File: ../v122/paper.pdf Graphic file (type pdf)
<use ../v122/paper.pdf, page 118>
Package pdftex.def Info: ../v122/paper.pdf , page118 used on input line 43.
(pdftex.def)             Requested size: 614.58406pt x 795.3441pt.
File: ../v122/paper.pdf Graphic file (type pdf)
<use ../v122/paper.pdf, page 118>
Package pdftex.def Info: ../v122/paper.pdf , page118 used on input line 43.
(pdftex.def)             Requested size: 614.58406pt x 795.3441pt.
File: ../v122/paper.pdf Graphic file (type pdf)
<use ../v122/paper.pdf, page 118>
Package pdftex.def Info: ../v122/paper.pdf , page118 used on input line 43.
(pdftex.def)             Requested size: 614.58406pt x 795.3441pt.

[135

 <../v122/paper.pdf>]
<../v122/paper.pdf, id=998, page=119, 614.295pt x 794.97pt>
File: ../v122/paper.pdf Graphic file (type pdf)
<use ../v122/paper.pdf, page 119>
Package pdftex.def Info: ../v122/paper.pdf , page119 used on input line 43.
(pdftex.def)             Requested size: 614.58406pt x 795.3441pt.
File: ../v122/paper.pdf Graphic file (type pdf)
<use ../v122/paper.pdf, page 119>
Package pdftex.def Info: ../v122/paper.pdf , page119 used on input line 43.
(pdftex.def)             Requested size: 614.58406pt x 795.3441pt.
File: ../v122/paper.pdf Graphic file (type pdf)
<use ../v122/paper.pdf, page 119>
Package pdftex.def Info: ../v122/paper.pdf , page119 used on input line 43.
(pdftex.def)             Requested size: 614.58406pt x 795.3441pt.
 [136

 <../v122/paper.pdf>]
<../v122/paper.pdf, id=1003, page=120, 614.295pt x 794.97pt>
File: ../v122/paper.pdf Graphic file (type pdf)
<use ../v122/paper.pdf, page 120>
Package pdftex.def Info: ../v122/paper.pdf , page120 used on input line 43.
(pdftex.def)             Requested size: 614.58406pt x 795.3441pt.
File: ../v122/paper.pdf Graphic file (type pdf)
<use ../v122/paper.pdf, page 120>
Package pdftex.def Info: ../v122/paper.pdf , page120 used on input line 43.
(pdftex.def)             Requested size: 614.58406pt x 795.3441pt.
File: ../v122/paper.pdf Graphic file (type pdf)
<use ../v122/paper.pdf, page 120>
Package pdftex.def Info: ../v122/paper.pdf , page120 used on input line 43.
(pdftex.def)             Requested size: 614.58406pt x 795.3441pt.
 [137

 <../v122/paper.pdf>]
<../v122/paper.pdf, id=1008, page=121, 614.295pt x 794.97pt>
File: ../v122/paper.pdf Graphic file (type pdf)
<use ../v122/paper.pdf, page 121>
Package pdftex.def Info: ../v122/paper.pdf , page121 used on input line 43.
(pdftex.def)             Requested size: 614.58406pt x 795.3441pt.
File: ../v122/paper.pdf Graphic file (type pdf)
<use ../v122/paper.pdf, page 121>
Package pdftex.def Info: ../v122/paper.pdf , page121 used on input line 43.
(pdftex.def)             Requested size: 614.58406pt x 795.3441pt.
File: ../v122/paper.pdf Graphic file (type pdf)
<use ../v122/paper.pdf, page 121>
Package pdftex.def Info: ../v122/paper.pdf , page121 used on input line 43.
(pdftex.def)             Requested size: 614.58406pt x 795.3441pt.

[138

 <../v122/paper.pdf>]
<../v122/paper.pdf, id=1013, page=122, 614.295pt x 794.97pt>
File: ../v122/paper.pdf Graphic file (type pdf)
<use ../v122/paper.pdf, page 122>
Package pdftex.def Info: ../v122/paper.pdf , page122 used on input line 43.
(pdftex.def)             Requested size: 614.58406pt x 795.3441pt.
File: ../v122/paper.pdf Graphic file (type pdf)
<use ../v122/paper.pdf, page 122>
Package pdftex.def Info: ../v122/paper.pdf , page122 used on input line 43.
(pdftex.def)             Requested size: 614.58406pt x 795.3441pt.
File: ../v122/paper.pdf Graphic file (type pdf)
<use ../v122/paper.pdf, page 122>
Package pdftex.def Info: ../v122/paper.pdf , page122 used on input line 43.
(pdftex.def)             Requested size: 614.58406pt x 795.3441pt.
 [139

 <../v122/paper.pdf>]
<../v122/paper.pdf, id=1019, page=123, 614.295pt x 794.97pt>
File: ../v122/paper.pdf Graphic file (type pdf)
<use ../v122/paper.pdf, page 123>
Package pdftex.def Info: ../v122/paper.pdf , page123 used on input line 43.
(pdftex.def)             Requested size: 614.58406pt x 795.3441pt.
File: ../v122/paper.pdf Graphic file (type pdf)
<use ../v122/paper.pdf, page 123>
Package pdftex.def Info: ../v122/paper.pdf , page123 used on input line 43.
(pdftex.def)             Requested size: 614.58406pt x 795.3441pt.
File: ../v122/paper.pdf Graphic file (type pdf)
<use ../v122/paper.pdf, page 123>
Package pdftex.def Info: ../v122/paper.pdf , page123 used on input line 43.
(pdftex.def)             Requested size: 614.58406pt x 795.3441pt.
 [140

 <../v122/paper.pdf>]
<../v122/paper.pdf, id=1024, page=124, 614.295pt x 794.97pt>
File: ../v122/paper.pdf Graphic file (type pdf)
<use ../v122/paper.pdf, page 124>
Package pdftex.def Info: ../v122/paper.pdf , page124 used on input line 43.
(pdftex.def)             Requested size: 614.58406pt x 795.3441pt.
File: ../v122/paper.pdf Graphic file (type pdf)
<use ../v122/paper.pdf, page 124>
Package pdftex.def Info: ../v122/paper.pdf , page124 used on input line 43.
(pdftex.def)             Requested size: 614.58406pt x 795.3441pt.
File: ../v122/paper.pdf Graphic file (type pdf)
<use ../v122/paper.pdf, page 124>
Package pdftex.def Info: ../v122/paper.pdf , page124 used on input line 43.
(pdftex.def)             Requested size: 614.58406pt x 795.3441pt.

[141

 <../v122/paper.pdf>]
<../v122/paper.pdf, id=1029, page=125, 614.295pt x 794.97pt>
File: ../v122/paper.pdf Graphic file (type pdf)
<use ../v122/paper.pdf, page 125>
Package pdftex.def Info: ../v122/paper.pdf , page125 used on input line 43.
(pdftex.def)             Requested size: 614.58406pt x 795.3441pt.
File: ../v122/paper.pdf Graphic file (type pdf)
<use ../v122/paper.pdf, page 125>
Package pdftex.def Info: ../v122/paper.pdf , page125 used on input line 43.
(pdftex.def)             Requested size: 614.58406pt x 795.3441pt.
File: ../v122/paper.pdf Graphic file (type pdf)
<use ../v122/paper.pdf, page 125>
Package pdftex.def Info: ../v122/paper.pdf , page125 used on input line 43.
(pdftex.def)             Requested size: 614.58406pt x 795.3441pt.
 [142

 <../v122/paper.pdf>]
<../v122/paper.pdf, id=1034, page=126, 614.295pt x 794.97pt>
File: ../v122/paper.pdf Graphic file (type pdf)
<use ../v122/paper.pdf, page 126>
Package pdftex.def Info: ../v122/paper.pdf , page126 used on input line 43.
(pdftex.def)             Requested size: 614.58406pt x 795.3441pt.
File: ../v122/paper.pdf Graphic file (type pdf)
<use ../v122/paper.pdf, page 126>
Package pdftex.def Info: ../v122/paper.pdf , page126 used on input line 43.
(pdftex.def)             Requested size: 614.58406pt x 795.3441pt.
File: ../v122/paper.pdf Graphic file (type pdf)
<use ../v122/paper.pdf, page 126>
Package pdftex.def Info: ../v122/paper.pdf , page126 used on input line 43.
(pdftex.def)             Requested size: 614.58406pt x 795.3441pt.
 [143

 <../v122/paper.pdf>]
<../v122/paper.pdf, id=1040, page=127, 614.295pt x 794.97pt>
File: ../v122/paper.pdf Graphic file (type pdf)
<use ../v122/paper.pdf, page 127>
Package pdftex.def Info: ../v122/paper.pdf , page127 used on input line 43.
(pdftex.def)             Requested size: 614.58406pt x 795.3441pt.
File: ../v122/paper.pdf Graphic file (type pdf)
<use ../v122/paper.pdf, page 127>
Package pdftex.def Info: ../v122/paper.pdf , page127 used on input line 43.
(pdftex.def)             Requested size: 614.58406pt x 795.3441pt.
File: ../v122/paper.pdf Graphic file (type pdf)
<use ../v122/paper.pdf, page 127>
Package pdftex.def Info: ../v122/paper.pdf , page127 used on input line 43.
(pdftex.def)             Requested size: 614.58406pt x 795.3441pt.

[144

 <../v122/paper.pdf>]
<../v122/paper.pdf, id=1045, page=128, 614.295pt x 794.97pt>
File: ../v122/paper.pdf Graphic file (type pdf)
<use ../v122/paper.pdf, page 128>
Package pdftex.def Info: ../v122/paper.pdf , page128 used on input line 43.
(pdftex.def)             Requested size: 614.58406pt x 795.3441pt.
File: ../v122/paper.pdf Graphic file (type pdf)
<use ../v122/paper.pdf, page 128>
Package pdftex.def Info: ../v122/paper.pdf , page128 used on input line 43.
(pdftex.def)             Requested size: 614.58406pt x 795.3441pt.
File: ../v122/paper.pdf Graphic file (type pdf)
<use ../v122/paper.pdf, page 128>
Package pdftex.def Info: ../v122/paper.pdf , page128 used on input line 43.
(pdftex.def)             Requested size: 614.58406pt x 795.3441pt.
 [145

 <../v122/paper.pdf>]
<../v122/paper.pdf, id=1055, page=129, 614.295pt x 794.97pt>
File: ../v122/paper.pdf Graphic file (type pdf)
<use ../v122/paper.pdf, page 129>
Package pdftex.def Info: ../v122/paper.pdf , page129 used on input line 43.
(pdftex.def)             Requested size: 614.58406pt x 795.3441pt.
File: ../v122/paper.pdf Graphic file (type pdf)
<use ../v122/paper.pdf, page 129>
Package pdftex.def Info: ../v122/paper.pdf , page129 used on input line 43.
(pdftex.def)             Requested size: 614.58406pt x 795.3441pt.
File: ../v122/paper.pdf Graphic file (type pdf)
<use ../v122/paper.pdf, page 129>
Package pdftex.def Info: ../v122/paper.pdf , page129 used on input line 43.
(pdftex.def)             Requested size: 614.58406pt x 795.3441pt.
 [146

 <../v122/paper.pdf>]
<../v122/paper.pdf, id=1060, page=130, 614.295pt x 794.97pt>
File: ../v122/paper.pdf Graphic file (type pdf)
<use ../v122/paper.pdf, page 130>
Package pdftex.def Info: ../v122/paper.pdf , page130 used on input line 43.
(pdftex.def)             Requested size: 614.58406pt x 795.3441pt.
File: ../v122/paper.pdf Graphic file (type pdf)
<use ../v122/paper.pdf, page 130>
Package pdftex.def Info: ../v122/paper.pdf , page130 used on input line 43.
(pdftex.def)             Requested size: 614.58406pt x 795.3441pt.
File: ../v122/paper.pdf Graphic file (type pdf)
<use ../v122/paper.pdf, page 130>
Package pdftex.def Info: ../v122/paper.pdf , page130 used on input line 43.
(pdftex.def)             Requested size: 614.58406pt x 795.3441pt.

[147

 <../v122/paper.pdf>] (./paper_latex.aux)
 ***********
LaTeX2e <2023-11-01> patch level 1
L3 programming layer <2024-01-22>
 ***********
Package rerunfilecheck Info: File `paper_latex.out' has not changed.
(rerunfilecheck)             Checksum: 3702D03095E60E8D2228433437E81D60;601.
 ) 
Here is how much of TeX's memory you used:
 11032 strings out of 476182
 178422 string characters out of 5795595
 1926975 words of memory out of 5000000
 32763 multiletter control sequences out of 15000+600000
 571443 words of font info for 43 fonts, out of 8000000 for 9000
 14 hyphenation exceptions out of 8191
 75i,17n,79p,371b,586s stack positions out of 10000i,1000n,20000p,200000b,200000s
</usr/share/texlive/texmf-dist/fonts/type1/public/amsfonts/euler/eufm10.pfb><
/usr/share/texmf/fonts/type1/public/lm/lmbx10.pfb></usr/share/texmf/fonts/type1
/public/lm/lmbx12.pfb></usr/share/texmf/fonts/type1/public/lm/lmbx8.pfb></usr/s
hare/texmf/fonts/type1/public/lm/lmbx9.pfb></usr/share/texmf/fonts/type1/public
/lm/lmcsc10.pfb></usr/share/texmf/fonts/type1/public/lm/lmex10.pfb></usr/share/
texmf/fonts/type1/public/lm/lmmi10.pfb></usr/share/texmf/fonts/type1/public/lm/
lmmi6.pfb></usr/share/texmf/fonts/type1/public/lm/lmmi7.pfb></usr/share/texmf/f
onts/type1/public/lm/lmmi8.pfb></usr/share/texmf/fonts/type1/public/lm/lmmi9.pf
b></usr/share/texmf/fonts/type1/public/lm/lmmib10.pfb></usr/share/texmf/fonts/t
ype1/public/lm/lmr10.pfb></usr/share/texmf/fonts/type1/public/lm/lmr12.pfb></us
r/share/texmf/fonts/type1/public/lm/lmr6.pfb></usr/share/texmf/fonts/type1/publ
ic/lm/lmr7.pfb></usr/share/texmf/fonts/type1/public/lm/lmr8.pfb></usr/share/tex
mf/fonts/type1/public/lm/lmr9.pfb></usr/share/texmf/fonts/type1/public/lm/lmri1
0.pfb></usr/share/texmf/fonts/type1/public/lm/lmri9.pfb></usr/share/texmf/fonts
/type1/public/lm/lmss8.pfb></usr/share/texmf/fonts/type1/public/lm/lmsy10.pfb><
/usr/share/texmf/fonts/type1/public/lm/lmsy6.pfb></usr/share/texmf/fonts/type1/
public/lm/lmsy8.pfb></usr/share/texmf/fonts/type1/public/lm/lmtt10.pfb></usr/sh
are/texlive/texmf-dist/fonts/type1/public/amsfonts/symbols/msam10.pfb></usr/sha
re/texlive/texmf-dist/fonts/type1/public/amsfonts/symbols/msbm10.pfb></usr/shar
e/texlive/texmf-dist/fonts/type1/public/amsfonts/symbols/msbm7.pfb></usr/share/
texlive/texmf-dist/fonts/type1/public/rsfs/rsfs10.pfb>
Output written on paper_latex.pdf (147 pages, 1418572 bytes).
PDF statistics:
 1148 PDF objects out of 1200 (max. 8388607)
 750 compressed objects within 8 object streams
 150 named destinations out of 1000 (max. 500000)
 777 words of extra memory for PDF output out of 10000 (max. 10000000)

